query;name;rubrics;address;phones;whatsapp_candidate;whatsapp_confirmed;email;website;socials;rating;review_count;lat;lon;id
автосервис;Real Service Mercedes, автосервис;Легковой автосервис, Ремонт бензиновых двигателей, Обслуживание автомобильных климатических систем, Ремонт инжекторов, Замена масла, Компьютерная диагностика автомобилей, Ремонт электронных систем авто, Ремонт АКПП, Ремонт ходовой части автомобиля, Запчасти для легковых автомобилей, Ремонт стартеров и генераторов, Ремонт дизельных двигателей;улица Минусинская, 17;+77777777743 +77779857777 +77776427777;+77777777743;;realservice001@gmail.com;;instagram:https://instagram.com/realservice;5;221;43.228749;76.935223;70000001094187683_76Efw11578G23H8301IGG0GGtupunk73G6G505A80A628A79wpqt545B4J1A3G7G1J9364G5l4l4uv7B884A10133B4H1J4HHHGJ2GB252hh
автосервис;Геликон, автосервис;Легковой автосервис, Ремонт бензиновых двигателей, Ремонт ходовой части автомобиля, Замена масла, Компьютерная диагностика автомобилей, Запчасти для легковых автомобилей, Обслуживание автомобильных климатических систем, Ремонт стартеров и генераторов, Ремонт электронных систем авто, Автосигнализации, Ремонт инжекторов, Ремонт рулевых реек;улица Абиша Кекилбайулы, 171а;+77775040715;+77775040715;yes;;http://gelikon.kz;instagram:https://instagram.com/gelikon.almaty whatsapp:https://wa.me/77775040715 telegram:https://t.me/+77775040715;4.8;178;43.207329;76.889926;70000001066266006_76Efw11578G23H8301IGG0GGtupunk73G6G505A80A836911wpqt545B4J1A3G7G1J9364G5l4l4uv7B884A1013387H2J4HHHGJ2GB252C7
автосервис;GT oil service, автосервис полного цикла №1;Легковой автосервис, Замена масла, Ремонт ходовой части автомобиля, Ремонт бензиновых двигателей, Компьютерная диагностика автомобилей, Обслуживание автомобильных климатических систем, Автохимия, Ремонт гибридных автомобилей;улица Тлендиева, 377а;+77787770753;+77022777571;yes;office@gtoilservice.kz;http://gtoilservice.kz http://tiktok.com/@gtoilservice.kz;instagram:https://instagram.com/gtoilservicekz whatsapp:https://wa.me/77022777571 whatsapp:https://wa.me/77055777967;4.9;2216;43.224489;76.881383;70000001019247787_76Efw11578G23H8301IGG0GGtupunk73G6G505A80AB34A89wpqt545B4J1A3G7G1J9364G5l4l4uv7B884A1013338H3J4HHHGJ2GB252Be
автосервис;AutoPapa, автосервис;Легковой автосервис, Ремонт ходовой части автомобиля, Развал-схождение, Ремонт электронных систем авто, Замена масла, Компьютерная диагностика автомобилей, Ремонт инжекторов, Автохимия, Запчасти для легковых автомобилей, Обслуживание автомобильных климатических систем, Ремонт бензиновых двигателей, Шиномонтаж;улица Зеина Шашкина, 29;+77071110450;+77071110450;yes;info@avto-papa.kz;http://autopapa.kz;instagram:https://instagram.com/autopapakz whatsapp:https://wa.me/77071110450;5;44;43.219406;76.936448;70000001104927985_76Efw11578G23H8301IGG0GGtupunk73G6G505A80A6A2AA9wpqt545B4J1A3G7G1J9364G5l4l4uv7B884A1013426H4J4HHHGJ2GB252g3
автосервис;EXPERT OIL SERVICE + UNITED OIL, №8, Сеть пунктов замены масел и автомагазинов;Легковой автосервис, Замена масла, Автохимия, Автомобильные аккумуляторы, Запчасти для легковых автомобилей, Компьютерная диагностика автомобилей, Обслуживание автомобильных климатических систем;улица Рыскулбекова, 43а;+77009787000108;+77009787000;yes;info@expertoil.kz;http://www.expertoil.kz;vkontakte:https://vk.com/expertoilalmaty facebook:https://facebook.com/expertoilkz whatsapp:https://wa.me/77009787000;5;195;43.204601;76.866822;70000001019930149_76Efw11578G23H8301IGG0GGtupunk73G6G505A80ABA3325wpqt545B4J1A3G7G1J9364G5l4l4uv7B884A101333AH5J4HHHGJ2GB25254
автосервис;Grand Auto Motors, сервисный центр;Легковой автосервис, Ремонт ходовой части автомобиля, Кузовной ремонт, Ремонт электронных систем авто, Ремонт АКПП, Ремонт МКПП, Ремонт бензиновых двигателей, Ремонт рулевых реек, Детейлинг, Автомойки, Компьютерная диагностика автомобилей, Запчасти для легковых автомобилей, Замена масла, Эвакуатор, Ремонт стартеров и генераторов, Развал-схождение, Обслуживание автомобильных климатических систем, Ремонт подушек безопасности;улица Майлина, 79/2;+77710719214;+77710719214;yes;;http://grandautomotors.com;instagram:https://instagram.com/grandautomotors.kz whatsapp:https://wa.me/77710719214;4.9;46;43.334988;76.979067;70000001113062332_76Efw11578G23H8301IGG0GGtupunk73G6G505A80A516544wpqt545B4J1A3G7G1J9364G5l4l4uv7B884A1013433H6J4HHHGJ2GB2527A
автосервис;Toyota City Almaty, автоцентр;Легковой автосервис, Продажа легковых автомобилей, Ремонт бензиновых двигателей, Ремонт дизельных двигателей, Ремонт АКПП, Ремонт ходовой части автомобиля, Ремонт стартеров и генераторов, Ремонт электронных систем авто, Ремонт дизельной топливной системы, Замена масла, Обслуживание автомобильных климатических систем, Автосигнализации, Развал-схождение, Шиномонтаж, Кузовной ремонт, Переоборудование автомобилей, Компьютерная диагностика автомобилей, Хранение шин;Кульджинский тракт, 120;+77750967734;+77770888085;yes;digital@toyota-city.kz;http://toyota-city.kz;instagram:https://instagram.com/toyota_city_almaty whatsapp:https://wa.me/77770888085;4.9;671;43.31751;77.024657;9429940001476019_76Efw11578G23HA72AIG0GGGtupunk73G6G505A80A68632Awpqt545B4J1A3G7G1J073J2Jl4l4uv7B884AA41233H7H4JAHHG4H92622h
автосервис;PushStart Service, автосервис;Легковой автосервис, Замена масла, Ремонт ходовой части автомобиля, Ремонт бензиновых двигателей, Компьютерная диагностика автомобилей;улица Орджоникидзе, 158/22;+77029062237;+77029062237;;baygutova@list.ru;;instagram:https://instagram.com/autoservice_restart;4.9;168;43.32227;76.964765;70000001035168787_76Efw11578G23H8301IGG0GGtupunk73G6G505A80A726B89wpqt545B4J1A3G7G1J9364G5l4l4uv7B884A1013358H8J4HHHGJ2GB252de
автосервис;Garage auto service, автосервис;Легковой автосервис, Ремонт ходовой части автомобиля, Компьютерная диагностика автомобилей, Шиномонтаж, Обслуживание автомобильных климатических систем, Автостекло, Детейлинг, Замена масла, Ремонт рулевых реек, Развал-схождение, Ремонт электронных систем авто;микрорайон Аксай-1а, 2а;+77016499344 +77711051365 +77017777558;+77016499344;yes;beshirov89@inbox.ru;;whatsapp:https://wa.me/77016499344 whatsapp:https://wa.me/77711051365;5;85;43.238904;76.823989;70000001028863710_76Efw11578G23H8301IGG0GGtupunk73G6G505A80AA96682wpqt545B4J1A3G7G1J9364G5l4l4uv7B884A1013341H9J4HHHGJ2GB25285
автосервис;JinQaz Motors, автосервис;Легковой автосервис, Кузовной ремонт, Ремонт ходовой части автомобиля, Ремонт дизельных двигателей, Ремонт бензиновых двигателей, Компьютерная диагностика автомобилей;улица Бокейханова, 380;+77071258688;+77071258688;;;;;5;14;43.287487;76.902072;70000001110566886_76Efw11578G23H8301IGG0GGtupunk73G6G505A80A266999wpqt545B4J1A3G7G1J9364G5l4l4uv7B884A1013437HAJ4HHHGJ2GB25276
автосервис;Garage, автосервис;Легковой автосервис, Ремонт ходовой части автомобиля, Ремонт бензиновых двигателей, Компьютерная диагностика автомобилей, Замена масла, Ремонт электронных систем авто, Развал-схождение, Детейлинг;микрорайон Баянауыл, 35;+77079080926 +77474342533;+77079080926;yes;;;whatsapp:https://wa.me/77079080926;4.9;219;43.240226;76.822467;70000001072147833_76Efw11578G23H83014GGG0Gtupunk73G6G505A80A424A94wpqt545B4J1A3G7G1JGC271Jl4l4uv7B884A1013394H23J2HHGJH1IB154C5
автосервис;Ali motors, автосервис;Легковой автосервис, Запчасти для грузовых авто, Ремонт дизельных двигателей, Ремонт бензиновых двигателей, Замена масла, Ремонт ходовой части автомобиля;проспект Райымбека, 432а;+77077721776;+77077721776;yes;;;whatsapp:https://wa.me/77077721776 whatsapp:https://wa.me/77081511112 whatsapp:https://wa.me/77086889831;5;1;43.252175;76.859021;70000001116883701_76Efw11578G23H83014GGG0Gtupunk73G6G505A80A898681wpqt545B4J1A3G7G1JGC271Jl4l4uv7B884A1013432H24J2HHGJH1IB154dd
автосервис;Subarushopkz, магазин автозапчастей и автосервис;Легковой автосервис, Ремонт ходовой части автомобиля, Ремонт АКПП, Ремонт бензиновых двигателей, Ремонт рулевых реек, Ремонт инжекторов, Замена масла, Контрактные автозапчасти, Компьютерная диагностика автомобилей, Запчасти для легковых автомобилей;Гёте улица, 281;+77002323146 +77008257691 +77078257691;+77002323146;yes;;;instagram:https://instagram.com/subarushopkz whatsapp:https://wa.me/77002323146 whatsapp:https://wa.me/77008257691;4.9;469;43.333915;76.9697;70000001082575277_76Efw11578G23H83014GGG0Gtupunk73G6G505A80A467838wpqt545B4J1A3G7G1JGC271Jl4l4uv7B884A10133A8H25J2HHGJH1IB15457
автосервис;Porsche Centre Almaty, автосервис;Легковой автосервис, Ремонт бензиновых двигателей, Компьютерная диагностика автомобилей, Ремонт стартеров и генераторов, Ремонт ходовой части автомобиля, Автохимия, Кузовной ремонт, Развал-схождение, Обслуживание автомобильных климатических систем, Ремонт АКПП, Ремонт выхлопных систем, Ремонт инжекторов, Шиномонтаж, Шины и диски, Хранение шин, Автоаксессуары, Замена масла, Автомобильные аккумуляторы;Кульджинский тракт, 12/1;+77780254414;+77777155540;yes;info@porsche-almaty.kz;http://dealer.porsche.com/kz/almaty/ru-RU?utm_source=2gis;instagram:https://instagram.com/porsche_centre_almaty facebook:https://facebook.com/PorscheCenterAlm whatsapp:https://wa.me/77777155540 telegram:https://t.me/porsche_kz;4.6;35;43.292956;76.995025;70000001023699743_76Efw11578G23H83014GGG0Gtupunk73G6G505A80A579C85wpqt545B4J1A3G7G1JGC271Jl4l4uv7B884A1013344H26J2HHGJH1IB15497
автосервис;Sati Auto, автосервис;Легковой автосервис, Ремонт бензиновых двигателей, Компьютерная диагностика автомобилей, Ремонт стартеров и генераторов, Ремонт электронных систем авто, Запчасти для легковых автомобилей, Ремонт ходовой части автомобиля, Замена масла, Ремонт АКПП, Ремонт инжекторов;улица Войкова, 2;+77478508530 +77072172224;+77478508530;yes;satiauto111@gmail.com;http://www.satiauto.kz/;instagram:https://instagram.com/sati.auto whatsapp:https://wa.me/77478508530 whatsapp:https://wa.me/77072172224;4.9;39;43.252649;76.853431;70000001064969148_76Efw11578G23H83014GGG0Gtupunk73G6G505A80A6A6C25wpqt545B4J1A3G7G1JGC271Jl4l4uv7B884A1013389H27J2HHGJH1IB15465
автосервис;LADA SERVICE KZ;Легковой автосервис, Ремонт ходовой части автомобиля, Ремонт стартеров и генераторов, Ремонт бензиновых двигателей, Компьютерная диагностика автомобилей, Ремонт МКПП, Ремонт рулевых реек;10-й микрорайон, 10а;+77051448929 +77077912966;+77051448929;yes;bboy_korirock@mail.ru;http://avtovaz.kz/page70220877.html;instagram:https://instagram.com/avtovaz_service whatsapp:https://wa.me/77051448929 telegram:https://t.me/+77051448929;4.7;272;43.219927;76.870202;70000001060472926_76Efw11578G23H83014GGG0Gtupunk73G6G505A80A2575A3wpqt545B4J1A3G7G1JGC271Jl4l4uv7B884A1013387H28J2HHGJH1IB154i9
автосервис;Bra Masters BMW, автосервис;Легковой автосервис, Ремонт ходовой части автомобиля, Ремонт бензиновых двигателей, Ремонт дизельных двигателей, Ремонт выхлопных систем, Замена масла, Компьютерная диагностика автомобилей, Запчасти для легковых автомобилей, Тюнинг;проспект Турара Рыскулова, 61/6;+77074805868;+77074805868;yes;info@bmwmaster.kz;;instagram:https://instagram.com/bra_masters_almaty whatsapp:https://wa.me/77074805868;4.9;142;43.289296;76.917471;70000001035494901_76Efw11578G23H83014GGG0Gtupunk73G6G505A80A7597A1wpqt545B4J1A3G7G1JGC271Jl4l4uv7B884A1013352H29J2HHGJH1IB154B5
автосервис;Blue Star of Kazakhstan, автосалон;Легковой автосервис, Продажа легковых автомобилей, Кузовной ремонт, Развал-схождение, Обслуживание автомобильных климатических систем, Ремонт бензиновых двигателей, Грузовой автосервис, Ремонт дизельных двигателей, Ремонт электронных систем авто, Замена масла, Установка и ремонт автостёкол, Шиномонтаж;Кульджинский тракт, 8/5;+77272224040 +78000804020;+77717600617;yes;marketing@mercedes-benz-bsk.kz;http://mercedes-benz-bluestar.kz/;instagram:https://instagram.com/mercedes_benz_bsk whatsapp:https://wa.me/77717600617;4.9;81;43.291504;76.993269;70000001081091381_76Efw11578G23H83014GGG0Gtupunk73G6G505A80A319449wpqt545B4J1A3G7G1JGC271Jl4l4uv7B884A10133A2H2AJ2HHGJH1IB1545A
автосервис;Doscar, официальный дилер Kia в г. Алматы;Легковой автосервис, Продажа легковых автомобилей, Шиномонтаж, Развал-схождение, Ремонт ходовой части автомобиля, Кузовной ремонт, Замена масла;Кульджинский тракт, 12/4;+77273554411;+77715254411;yes;kia.qulja@doscar.kz;http://doscarkuldzhinka.kia.com.kz;instagram:https://instagram.com/kia.doscar.kuldzhinka whatsapp:https://wa.me/77715254411;4.9;212;43.292246;76.993885;70000001102633714_76Efw11578G23H83014GGG0Gtupunk73G6G505A80A473682wpqt545B4J1A3G7G1JGC271Jl4l4uv7B884A1013425H2BJ2HHGJH1IB154Bc
автосервис;Hyundai | Genesis Suyunbay, автосалон;Легковой автосервис, Продажа легковых автомобилей, Запчасти для легковых автомобилей, Детейлинг, Автохимия, Шиномонтаж, Ремонт стартеров и генераторов, Обслуживание автомобильных климатических систем, Ремонт ходовой части автомобиля, Тюнинг, Ремонт бензиновых двигателей, Ремонт выхлопных систем, Отогрев автомобилей, Автозвук, Автосигнализации, Ремонт электронных систем авто, Развал-схождение, Ремонт АКПП, Замена масла, Компьютерная диагностика автомобилей, Ремонт инжекторов, Тонирование автостёкол, Установка и ремонт автостёкол, Хранение шин;проспект Суюнбая, 245а;+77750967038 +77750970345;+77750967038;;reception.almaty@hyundai.kz;http://almaty.hyundai.kz/ru/?utm_source=2gis&utm_medium=cpa&utm_campaign=main_site;instagram:https://instagram.com/hyundai_suyunbay facebook:https://facebook.com/100086650994470 telegram:https://t.me/hyundai_auto_almaty_bot;4.9;2216;43.320452;76.959107;9429940000787689_76Efw11578G23HA72AIGG0GGtupunk73G6G505A80A99799Awpqt545B4J1A3G7G1J9364G5l4l4uv7B884AA41232H2AJ4HHHGJ2GB252C8
автосервис;Ford service, сервисный центр;Легковой автосервис, Компьютерная диагностика автомобилей, Ремонт ходовой части автомобиля, Развал-схождение, Запчасти для легковых автомобилей, Авторазбор, Замена масла, Контрактные автозапчасти, Обслуживание автомобильных климатических систем, Ремонт бензиновых двигателей;улица Сагадат Нурмагамбетов, 118;+77778005533 +77778009955;+77778005533;yes;;http://rr-service.kz/page126530396.html;instagram:https://instagram.com/serviceford.kz whatsapp:https://wa.me/77778005533 whatsapp:https://wa.me/77778009955;4.6;20;43.258132;76.980793;70000001076635625_76Efw11578G23H83014GGG0Gtupunk73G6G505A80A873873wpqt545B4J1A3G7G1JGC271Jl4l4uv7B884A1013396H33J2HHGJH1IB154f4
автосервис;У Санчо, автосервис;Легковой автосервис, Ремонт ходовой части автомобиля, Компьютерная диагностика автомобилей, Ремонт бензиновых двигателей, Шиномонтаж, Хранение шин, Замена масла;улица Рыскулова, 122/1;+77770880081 +77051728662;+77770880081;yes;;;instagram:https://instagram.com/u_sancho_talgar whatsapp:https://wa.me/77770880081;5;31;43.311472;77.242195;70000001064760351_76Efw11578G23H83014GGG0Gtupunk73G6G505A80A686346wpqt545B4J1A3G7G1JGC271Jl4l4uv7B884A1013382H34J2HHGJH1IB154B9
автосервис;Motor Land, автосервис;Легковой автосервис, Ремонт ходовой части автомобиля, Ремонт АКПП, Замена масла, Ремонт бензиновых двигателей, Обслуживание автомобильных климатических систем, Автохимия, Запчасти для легковых автомобилей, Компьютерная диагностика автомобилей;7-я линия, 32;+77070330311;+77070330311;yes;;http://motor-land.kz;instagram:https://instagram.com/motorland.kz whatsapp:https://wa.me/77070330311;5;33;43.402871;76.991758;70000001113073701_76Efw11578G23H83014GGG0Gtupunk73G6G505A80A517681wpqt545B4J1A3G7G1JGC271Jl4l4uv7B884A1013432H35J2HHGJH1IB1549g
автосервис;Atom Service, автосервис;Легковой автосервис, Ремонт ходовой части автомобиля, Ремонт дизельных двигателей, Ремонт бензиновых двигателей, Ремонт электронных систем авто, Компьютерная диагностика автомобилей, Обслуживание автомобильных климатических систем, Замена масла, Развал-схождение;улица Аймауытова, 38а;+77474101462;+77474101462;yes;atomservicekz@yandex.kz;;instagram:https://instagram.com/atomservicekz whatsapp:https://wa.me/77474101462 telegram:https://t.me/+77474101462;4.9;102;43.33146;76.941212;70000001089188074_76Efw11578G23H83014GGG0Gtupunk73G6G505A80AB28B18wpqt545B4J1A3G7G1JGC271Jl4l4uv7B884A10133A5H36J2HHGJH1IB15442
автосервис;RV SERVICE, СТО;Легковой автосервис, Ремонт дизельных двигателей, Ремонт бензиновых двигателей, Ремонт АКПП, Ремонт ходовой части автомобиля, Кузовной ремонт, Ремонт стартеров и генераторов, Ремонт инжекторов, Ремонт МКПП, Обслуживание автомобильных климатических систем, Замена масла, Ремонт электронных систем авто, Эвакуатор;улица Рыскулбекова, 31а;+77078415353 +77018415353 +77071779595;+77018415353;yes;rus.samatov.82@bk.ru;http://www.rvservice.kz;instagram:https://instagram.com/rv_service_almaty whatsapp:https://wa.me/77018415353 whatsapp:https://wa.me/77078415353 whatsapp:https://wa.me/77071779595;4.8;147;43.206484;76.877444;70000001032461915_76Efw11578G23H83014GGG0Gtupunk73G6G505A80A4564A2wpqt545B4J1A3G7G1JGC271Jl4l4uv7B884A1013356H37J2HHGJH1IB154Ad
автосервис;Hyundai Qalqaman, автосалон;Легковой автосервис, Продажа легковых автомобилей, Замена масла, Запчасти для легковых автомобилей, Автоаксессуары, Ремонт АКПП, Автохимия, Ремонт ходовой части автомобиля, Продажа грузовых автомобилей, Обслуживание автомобильных климатических систем, Установка и ремонт автостёкол, Ремонт бензиновых двигателей, Ремонт электронных систем авто, Детейлинг, Компьютерная диагностика автомобилей, Хранение шин, Автосигнализации, Тонирование автостёкол, Ремонт выхлопных систем, Шиномонтаж, Развал-схождение;проспект Райымбека, 521/2;+77750308635 +77750308645;+77013029258;yes;hyundai-batys@hyundai.kz;http://hyundai-qalqaman.kz/ru/?utm_source=2gis&utm_medium=cpa&utm_campaign=main_site;facebook:https://facebook.com/100063710395831 instagram:https://instagram.com/hyundai_qalqaman whatsapp:https://wa.me/77013029258;4.9;1091;43.2354;76.800645;70000001041860299_76Efw11578G23H83014GGG0Gtupunk73G6G505A80A39633Awpqt545B4J1A3G7G1JGC271Jl4l4uv7B884A101336AH38J2HHGJH1IB1547f
автосервис;Tank Al-Farabi, автосалон;Легковой автосервис, Продажа легковых автомобилей, Замена масла, Тюнинг, Тонирование автостёкол;улица Казыбек Тауасарулы, 3;+77750970645 +77750970646;+77014764896;yes;service@haval-alfarabi.kz tank.reception@haval-alfarabi.kz;http://tank-al-farabi.kz/ru/?utm_source=2-gis&utm_medium=organic&utm_campaign=main_site;instagram:https://instagram.com/tank_alfarabi whatsapp:https://wa.me/77014764896;4.9;161;43.195202;76.897249;70000001090827392_76Efw11578G23H83014GGG0Gtupunk73G6G505A80A292A4Awpqt545B4J1A3G7G1JGC271Jl4l4uv7B884A10133B3H39J2HHGJH1IB154h8
автосервис;15oil service, пункт замены масла и автосервис;Легковой автосервис, Замена масла, Компьютерная диагностика автомобилей, Ремонт ходовой части автомобиля, Ремонт электронных систем авто;улица Щепкина, 15/2;+77077177224 +77004445559;+77077177224;yes;15oilservicee@gmail.com;http://tiktok.com/@15oilservice;instagram:https://instagram.com/15oil_service whatsapp:https://wa.me/77077177224;5;85;43.20884;76.873186;70000001113908270_76Efw11578G23H83014GGG0Gtupunk73G6G505A80A5A0B38wpqt545B4J1A3G7G1JGC271Jl4l4uv7B884A1013431H3AJ2HHGJH1IB15449
автосервис;Toyota Almaty, официальный дилер Toyota;Легковой автосервис, Ремонт ходовой части автомобиля, Ремонт МКПП, Отогрев автомобилей, Ремонт выхлопных систем, Ремонт стартеров и генераторов, Компьютерная диагностика автомобилей, Шиномонтаж, Переоборудование автомобилей, Тонирование автостёкол, Установка и ремонт автостёкол, Кузовной ремонт, Ремонт электронных систем авто, Автохимия, Шины и диски, Автоаксессуары, Запчасти для легковых автомобилей, Хранение шин, Продажа легковых автомобилей;проспект Суюнбая, 151;+77750970457 +77750970458;+77753331771;yes;office@toyota-almaty.kz;http://toyota-almaty.kz/?utm_source=2gis&utm_medium=cpa&utm_campaign=mainpage;instagram:https://instagram.com/toyota.almaty whatsapp:https://wa.me/77753331771;4.9;849;43.286872;76.94847;9429940000790700_76Efw11578G23HA72AIGG0GGtupunk73G6G505A80A9A0A11wpqt545B4J1A3G7G1J9364G5l4l4uv7B884AA41232H39J4HHHGJ2GB25266
автосервис;VAG Auto service, СТО;Легковой автосервис, Ремонт ходовой части автомобиля, Ремонт электронных систем авто, Компьютерная диагностика автомобилей, Обслуживание автомобильных климатических систем, Ремонт МКПП, Ремонт бензиновых двигателей, Ремонт рулевых реек, Ремонт турбин, Замена масла, Кузовной ремонт, Детейлинг;улица Цветочная, 1/1;+77074056907;+77074056907;yes;baigozy@mail.ru;;whatsapp:https://wa.me/77074056907;4.8;66;43.206337;76.852957;70000001068542185_76Efw11578G23H83014GGG0Gtupunk73G6G505A80AA64529wpqt545B4J1A3G7G1JGC271Jl4l4uv7B884A1013386H3CJ2HHGJH1IB15445
автосервис;SILK ROAD AUTO SERVICE, автосервис по ремонту китайских автомобилей;Легковой автосервис, Замена масла, Ремонт электронных систем авто, Шиномонтаж, Компьютерная диагностика автомобилей, Автосигнализации, Детейлинг, Кузовной ремонт, Развал-схождение, Ремонт АКПП, Ремонт МКПП, Ремонт гибридных автомобилей, Ремонт инжекторов, Ремонт электроавтомобилей, Русификация, Обслуживание автомобильных климатических систем;Самал-2 микрорайон, 266;+77760607090 +77081881661;+77760607090;yes;;;instagram:https://instagram.com/silkroad_auto_service whatsapp:https://wa.me/77760607090;4.8;22;43.303435;77.073811;70000001111385634_76Efw11578G23H83014GGG0Gtupunk73G6G505A80A348874wpqt545B4J1A3G7G1JGC271Jl4l4uv7B884A1013435H43J2HHGJH1IB15432
автосервис;Haval Al-Farabi, автосалон;Легковой автосервис, Продажа легковых автомобилей, Замена масла, Развал-схождение, Тонирование автостёкол, Компьютерная диагностика автомобилей, Тюнинг, Ремонт ходовой части автомобиля, Обслуживание автомобильных климатических систем, Шиномонтаж, Кузовной ремонт, Хранение шин;улица Казыбек Тауасарулы, 3;+77750967013 +77750970690;+77014764895;yes;haval.reception@haval-alfarabi.kz info@haval-alfarabi.kz service@haval-alfarabi.kz;http://haval-al-farabi.kz/ru/?utm_source=2-gis&utm_medium=organic&utm_campaign=main_site;facebook:https://facebook.com/profile.php?id=61564553646898 instagram:https://instagram.com/haval_alfarabi whatsapp:https://wa.me/77014764895;4.8;339;43.195005;76.89698;70000001090698915_76Efw11578G23H83014GGG0Gtupunk73G6G505A80A279BA2wpqt545B4J1A3G7G1JGC271Jl4l4uv7B884A10133B6H44J2HHGJH1IB15436
автосервис;Jdm service, автосервис и пункт замены масла;Легковой автосервис, Замена масла, Ремонт бензиновых двигателей, Компьютерная диагностика автомобилей, Ремонт стартеров и генераторов, Ремонт рулевых реек, Запчасти для легковых автомобилей, Автоаксессуары, Автохимия, Ремонт дизельных двигателей, Ремонт дизельной топливной системы, Ремонт турбин, Ремонт ходовой части автомобиля, Ремонт выхлопных систем;Ораза Жандосова улица, 43;+77027772859;+77027772859;yes;;http://www.tiktok.com/@jdm_autoservice_almaty;instagram:https://instagram.com/jdm_autoservice_almaty whatsapp:https://wa.me/77027772859;4.9;159;43.220949;76.880833;70000001100841297_76Efw11578G23H83014GGG0Gtupunk73G6G505A80A29443Awpqt545B4J1A3G7G1JGC271Jl4l4uv7B884A1013428H45J2HHGJH1IB15464
автосервис;Chery Al-Farabi, автосалон;Легковой автосервис, Продажа легковых автомобилей, Замена масла, Компьютерная диагностика автомобилей, Ремонт ходовой части автомобиля, Развал-схождение, Антикоррозийная обработка металла;улица Аскара Кунаева, 12/1;+77750312610 +77750312643;+77019444700;yes;info@chery-alfarabi.kz;http://chery-alfarabi.kz/ru/?utm_source=2gis&utm_medium=cpa&utm_campaign=main_site&utm_content=home_page_main_site&utm_term=term;instagram:https://instagram.com/chery.alfarabi whatsapp:https://wa.me/77019444700;4.9;787;43.195441;76.898079;70000001090817451_76Efw11578G23H83014GGG0Gtupunk73G6G505A80A291A56wpqt545B4J1A3G7G1JGC271Jl4l4uv7B884A10133B2H46J2HHGJH1IB154h3
автосервис;Tank Suyunbay, автосалон;Легковой автосервис, Продажа легковых автомобилей, Замена масла, Ремонт ходовой части автомобиля, Ремонт электронных систем авто, Компьютерная диагностика автомобилей;улица Тюлькубасская, 2;+77004040060 +77004040074;+77004040074;yes;;http://tank-suyunbay.kz/ru/;instagram:https://instagram.com/tank_zhayik_suyunbay whatsapp:https://wa.me/77004040074;3.7;6;43.288879;76.947805;70000001105388815_76Efw11578G23H83014GGG0Gtupunk73G6G505A80A748B92wpqt545B4J1A3G7G1JGC271Jl4l4uv7B884A1013426H47J2HHGJH1IB15472
автосервис;Haval Suyunbay, автосалон;Легковой автосервис, Продажа легковых автомобилей, Ремонт электронных систем авто, Замена масла, Ремонт ходовой части автомобиля, Компьютерная диагностика автомобилей;улица Тюлькубасская, 2;+77004040074 +77004040060;+77004040074;yes;reception@tank-suyunbay.kz reception@haval-suyunbay.kz;http://haval-suyunbay.kz/ru/contacts/;instagram:https://instagram.com/haval_zhayik_suyunbay whatsapp:https://wa.me/77004040074;4.8;42;43.288879;76.947805;70000001105386512_76Efw11578G23H83014GGG0Gtupunk73G6G505A80A748962wpqt545B4J1A3G7G1JGC271Jl4l4uv7B884A1013423H48J2HHGJH1IB154f2
автосервис;Subaru Almaty, автосалон;Легковой автосервис, Продажа легковых автомобилей, Замена масла, Запчасти для легковых автомобилей, Шины и диски, Ремонт АКПП, Ремонт электронных систем авто, Компьютерная диагностика автомобилей;проспект Суюнбая, 151/1;+77750312662 +77750312666;+77010312431;yes;reception@subaru.kz;http://subaru-almaty.kz/ru/?utm_source=2gis&utm_medium=cpa;instagram:https://instagram.com/subaru.motor.almaty whatsapp:https://wa.me/77010312431 telegram:https://t.me/+77010312431;4.9;284;43.287418;76.948674;9429940000790396_76Efw11578G23HA72AIGG0GGtupunk73G6G505A80A9A06A7wpqt545B4J1A3G7G1J9364G5l4l4uv7B884AA41232H47J4HHHGJ2GB2523e
автосервис;Autodoctor BBS, автосервис;Легковой автосервис, Кузовной ремонт, Ремонт ходовой части автомобиля, Ремонт дизельных двигателей, Ремонт бензиновых двигателей;улица Коперника, 84/1;+77776663766 +77087572288;+77776663766;yes;;;instagram:https://instagram.com/auto.service.bbs whatsapp:https://wa.me/77776663766;5;49;43.270855;76.967579;70000001109792778_76Efw11578G23H83014GGG0Gtupunk73G6G505A80AB89588wpqt545B4J1A3G7G1JGC271Jl4l4uv7B884A1013429H4AJ2HHGJH1IB1548A
автосервис;Allur, официальный дилер Kia;Легковой автосервис, Продажа легковых автомобилей, Запчасти для легковых автомобилей, Шины и диски, Компьютерная диагностика автомобилей, Обслуживание автомобильных климатических систем, Ремонт АКПП, Ремонт стартеров и генераторов, Ремонт ходовой части автомобиля, Ремонт электронных систем авто, Замена масла;проспект Суюнбая, 159а;+77750964843;+77023205522;yes;info@allur.kz;http://allursuyunbaya.kia.com.kz/;instagram:https://instagram.com/kia.allur.suynbaya facebook:https://facebook.com/Kiaallursuynbaya whatsapp:https://wa.me/77023205522 telegram:https://t.me/allur_auto;4.8;1366;43.29665;76.949221;70000001049695959_76Efw11578G23H83014GGG0Gtupunk73G6G505A80AB798A6wpqt545B4J1A3G7G1JGC271Jl4l4uv7B884A101336AH4BJ2HHGJH1IB154ie
автосервис;Jaguar Land Rover Astana Motors, автосалон;Легковой автосервис, Продажа легковых автомобилей, Запчасти для легковых автомобилей, Автоаксессуары, Шины и диски, Автохимия, Ремонт ходовой части автомобиля;проспект Аль-Фараби, 115;+77750970710 +77750967511;+77073531919;yes;reception@jlr-almaty.kz;http://landrover.astana-motors.kz;instagram:https://instagram.com/jaguar_landrover_almaty facebook:https://facebook.com/jlralmaty whatsapp:https://wa.me/77073531919;5;143;43.199199;76.899774;70000001029659359_76Efw11578G23H83014GGG0Gtupunk73G6G505A80AB75C46wpqt545B4J1A3G7G1JGC271Jl4l4uv7B884A101334AH4CJ2HHGJH1IB15458
автосервис;Автосервис, ИП Шин;Легковой автосервис, Ремонт АКПП, Ремонт МКПП, Компьютерная диагностика автомобилей, Ремонт ходовой части автомобиля, Ремонт стартеров и генераторов, Ремонт электронных систем авто, Обслуживание автомобильных климатических систем, Ремонт инжекторов, Замена масла, Ремонт бензиновых двигателей, Ремонт дизельных двигателей, Выездной автосервис;проспект Турара Рыскулова, 139в/3;+77750719059 +77760324783 +77477111095;+77750719059;yes;;;whatsapp:https://wa.me/77750719059 whatsapp:https://wa.me/77760324783;4.9;17;43.25517;76.83906;70000001092024573_76Efw11578G23H83014GGG0Gtupunk73G6G505A80A412768wpqt545B4J1A3G7G1JGC271Jl4l4uv7B884A10133B4H53J2HHGJH1IB15453
автосервис;Subaru Pro service, автосервис;Легковой автосервис, Ремонт бензиновых двигателей, Ремонт ходовой части автомобиля, Замена масла, Запчасти для легковых автомобилей, Компьютерная диагностика автомобилей, Обслуживание автомобильных климатических систем, Ремонт стартеров и генераторов;улица Жангельдина, 193г/1;+77075840208;+77075840208;yes;;;instagram:https://instagram.com/subaru_pro_service.kz whatsapp:https://wa.me/77075840208;5;77;43.293596;76.954785;70000001042972416_76Efw11578G23H83014GGG0Gtupunk73G6G505A80A4A7552wpqt545B4J1A3G7G1JGC271Jl4l4uv7B884A1013367H54J2HHGJH1IB1546A
автосервис;Nur_pdr_service, автосервис;Легковой автосервис, Детейлинг, Кузовной ремонт, Шиномонтаж, Обслуживание автомобильных климатических систем, Ремонт бензиновых двигателей, Ремонт АКПП, Сварочные работы, Ремонт ходовой части автомобиля, Установка и ремонт автооптики, Хранение шин, Ремонт электронных систем авто, Ремонт выхлопных систем, Компьютерная диагностика автомобилей, Установка и ремонт автостёкол;микрорайон Мамыр-4, 1а/4;+77071497584;+77071497584;yes;;;instagram:https://instagram.com/nur_auto_service whatsapp:https://wa.me/77071497584;4.9;85;43.21736;76.84278;70000001075075181_76Efw11578G23H83014GGG0Gtupunk73G6G505A80A717829wpqt545B4J1A3G7G1JGC271Jl4l4uv7B884A1013392H55J2HHGJH1IB154Ce
автосервис;Транс Стартер Казахстан, компания по ремонту и продаже стартеров и генераторов;Легковой автосервис, Запчасти для легковых автомобилей, Запчасти для грузовых авто, Запчасти для спецтехники, Запчасти к сельхозтехнике, Ремонт стартеров и генераторов, Обслуживание автомобильных климатических систем;проспект Суюнбая, 407;+77750074173;+77051907880;yes;kz@tstarter.ru;http://alm.tstarter.kz/?utm_source=2gis_alm&utm_medium=buttom&utm_campaign=promo;whatsapp:https://wa.me/77051907880;5;210;43.344817;76.967989;70000001099712210_76Efw11578G23H83014GGG0Gtupunk73G6G505A80AB81532wpqt545B4J1A3G7G1JGC271Jl4l4uv7B884A10133B1H56J2HHGJH1IB154Bg
автосервис;Mobil 1 Center, пункт замены масла;Легковой автосервис, Замена масла, Ремонт ходовой части автомобиля, Автохимия, Шиномонтаж, Ремонт инжекторов, Компьютерная диагностика автомобилей, Ремонт бензиновых двигателей, Обслуживание автомобильных климатических систем;улица Ырысты, 14/1;+77053336066 +77058333300;+77053336066;yes;akt01@kulanoil.kz reception@kulanoil.kz sales@kulanoil.kz;http://adkulan.kz http://kulanoil.kz;instagram:https://instagram.com/mobil1kz whatsapp:https://wa.me/77053336066;4.9;127;43.264197;76.857535;70000001062403728_76Efw11578G23H83014GGG0Gtupunk73G6G505A80A450683wpqt545B4J1A3G7G1JGC271Jl4l4uv7B884A1013389H57J2HHGJH1IB1547g
автосервис;Geely Suyunbaya;Легковой автосервис, Продажа легковых автомобилей, Автоаксессуары, Детейлинг, Ремонт ходовой части автомобиля;проспект Суюнбая, 243;+77010063751 +77777470614 +77770887717 +77715530370;+77770087705;yes;info@geely-almaty.kz;http://geely-almaty.kz;instagram:https://instagram.com/geely_almaty whatsapp:https://wa.me/77770087705 whatsapp:https://wa.me/77770887728 telegram:https://t.me/geely_kazakhstan_com;4.8;357;43.319192;76.958118;70000001066931378_76Efw11578G23H83014GGG0Gtupunk73G6G505A80A8A3448wpqt545B4J1A3G7G1JGC271Jl4l4uv7B884A1013389H58J2HHGJH1IB154C5
автосервис;Service Kentoff, автосервис;Легковой автосервис, Замена масла, Автоаксессуары, Ремонт ходовой части автомобиля, Автохимия, Компьютерная диагностика автомобилей, Ремонт электронных систем авто, Запчасти для легковых автомобилей, Ремонт инжекторов;улица Енбек, 63;+77772722190;+77772722190;yes;srvkentoff@gmail.com;;instagram:https://instagram.com/service.kentoff whatsapp:https://wa.me/77772722190;4.8;172;43.206389;76.804206;70000001080184363_76Efw11578G23H83014GGG0Gtupunk73G6G505A80A228747wpqt545B4J1A3G7G1JGC271Jl4l4uv7B884A10133A4H59J2HHGJH1IB154C2
автосервис;Голубая звезда Казахстана, автосервис;Легковой автосервис, Развал-схождение, Кузовной ремонт, Грузовой автосервис, Шиномонтаж, Ремонт бензиновых двигателей, Ремонт дизельных двигателей, Ремонт выхлопных систем, Отогрев автомобилей, Ремонт стартеров и генераторов, Ремонт электронных систем авто, Обслуживание автомобильных климатических систем, Ремонт инжекторов, Замена масла, Установка и ремонт автостёкол;Стасова улица, 102;+77272256424 +77020750640 +78000806424;+77719902281;yes;info@mercedes-benz.com.kz;http://www.mercedes-benz.com.kz;instagram:https://instagram.com/mercedesbenz.almaty facebook:https://facebook.com/BlueStarofKazakhstan whatsapp:https://wa.me/77719902281;4.9;65;43.321893;76.958055;9429940000917328_76Efw11578G23HA72AIGG0GGtupunk73G6G505A80AB27639wpqt545B4J1A3G7G1J9364G5l4l4uv7B884AA41232H58J4HHHGJ2GB25293
автосервис;Бавария Алматы;Легковой автосервис, Продажа легковых автомобилей, Запчасти для легковых автомобилей, Шины и диски, Автоаксессуары, Ремонт ходовой части автомобиля, Ремонт стартеров и генераторов, Обслуживание автомобильных климатических систем, Установка и ремонт автостёкол, Тюнинг, Шиномонтаж, Тонирование автостёкол, Ремонт АКПП, Отогрев автомобилей, Ремонт инжекторов, Компьютерная диагностика автомобилей, Развал-схождение, Ремонт электронных систем авто, Хранение шин;проспект Аль-Фараби, 107;+77750967492 +77750967652;+77014092722;yes;atz@bavaria.kz;http://bavaria-almaty.kz/ru/?utm_source=2gis&utm_medium=cpa&utm_campaign=--;facebook:https://facebook.com/BMW.Kazakhstan instagram:https://instagram.com/bavaria_almaty whatsapp:https://wa.me/77014092722;4.9;631;43.200868;76.903568;9429940001678074_76Efw11578G23HA72AIGG0GGtupunk73G6G505A80A888385wpqt545B4J1A3G7G1J9364G5l4l4uv7B884AA41233H59J4HHHGJ2GB252g9
автосервис;SCT SERVICE, сеть автосервисов и автомагазинов;Легковой автосервис, Замена масла, Ремонт ходовой части автомобиля, Шиномонтаж, Развал-схождение, Компьютерная диагностика автомобилей, Ремонт выхлопных систем, Обслуживание автомобильных климатических систем, Автохимия, Автоаксессуары, Грузовой автосервис;проспект Турара Рыскулова, 274;+77059318812;+77059318812;;;http://www.sct.kz;facebook:https://facebook.com/sct.kz;4.8;516;43.2551;76.840954;9429940001005999_76Efw11578G23HA72AIGG0GGtupunk73G6G505A80A215CAAwpqt545B4J1A3G7G1J9364G5l4l4uv7B884AA41233H5AJ4HHHGJ2GB25258
автосервис;Volkswagen Centre Almaty, автосалон;Легковой автосервис, Продажа легковых автомобилей, Обслуживание автомобильных климатических систем, Кузовной ремонт, Запчасти для легковых автомобилей, Шины и диски, Автохимия, Автомобильные аккумуляторы, Автосигнализации, Детейлинг, Компьютерная диагностика автомобилей, Развал-схождение, Ремонт бензиновых двигателей, Ремонт ходовой части автомобиля, Ремонт электронных систем авто, Тонирование автостёкол, Замена масла, Шиномонтаж, Ремонт МКПП, Ремонт дизельных двигателей, Установка и ремонт автостёкол, Хранение шин;Халиуллина улица, 196Б;+77719301000 +77273550051;+77717044007;yes;info@volkswagen-almaty.kz;http://www.volkswagen-almaty.kz;instagram:https://instagram.com/volkswagen_almaty whatsapp:https://wa.me/77717044007;4.5;183;43.292912;77.01547;9429940001052978_34Ei231578G23HA72A4GGG0Gxd792f73G6G505A80A262C89wpqt545B6J1A5G7G2JGC271Jrsdyuv7B884AA41233H213J2HHGJH1IB154i2
автосервис;BYD Qalqaman Almaty, автосалон;Легковой автосервис, Продажа легковых автомобилей, Ремонт АКПП, Компьютерная диагностика автомобилей, Шиномонтаж, Шины и диски, Ремонт электронных систем авто;проспект Райымбека, 548/2;+77780037676;+77022745288;yes;info@byd-luxcar.kz;http://byd-luxcar.kz/ru/?utm_source=2gis;instagram:https://instagram.com/byd_qalqaman whatsapp:https://wa.me/77022745288;4.7;62;43.232587;76.794277;70000001105332769_34Ei231578G23H8301I2GGG0xd792f73G6G505A80A743587wpqt545B6J1A5G7G2J1JB344rsdyuv7B884A101342AH234HHHGJHG3IA17472
автосервис;Geely Avtomir, официальный дилерский центр;Легковой автосервис, Продажа легковых автомобилей, Замена масла, Ремонт ходовой части автомобиля, Шиномонтаж;проспект Райымбека, 519/1;+77750061405;+77750061405;;info-almaty@avtomir.ru;http://geely-almaty-avtomir.kz/;instagram:https://instagram.com/geely.almaty.avtomir;5;125;43.23948;76.810416;70000001111868915_34Ei231578G23H8301I2GGG0xd792f73G6G505A80A396BA2wpqt545B6J1A5G7G2J1JB344rsdyuv7B884A1013436H235HHHGJHG3IA1747f
автосервис;Jetour Service;Легковой автосервис, Замена масла, Шиномонтаж, Автосигнализации, Кузовной ремонт, Ремонт ходовой части автомобиля;Азербайжана Мамбетова улица, 1/43;+77770888186;+77770888186;yes;;;instagram:https://instagram.com/jetour.doscar.ala whatsapp:https://wa.me/77770888186;4.8;22;43.282443;76.81747;70000001095061176_34Ei231578G23H8301I2GGG0xd792f73G6G505A80A716428wpqt545B6J1A5G7G2J1JB344rsdyuv7B884A10133B7H236HHHGJHG3IA174g6
автосервис;Geely Kuldzhinka, автосалон;Легковой автосервис, Продажа легковых автомобилей, Кузовной ремонт, Ремонт АКПП;Кульджинский тракт, 12Б;+77719301001;+77773935012;yes;info@geely-kuldzhinka.kz;http://geely-kuldzhinka.kz;instagram:https://instagram.com/geely_kuldzhinka whatsapp:https://wa.me/77773935012;4.9;325;43.293687;76.996449;70000001076380724_34Ei231578G23H8301I2GGG0xd792f73G6G505A80A848383wpqt545B6J1A5G7G2J1JB344rsdyuv7B884A1013395H237HHHGJHG3IA174Bf
автосервис;Zac pro, автосервис;Легковой автосервис, Обслуживание автомобильных климатических систем, Ремонт инжекторов, Ремонт электронных систем авто, Ремонт стартеров и генераторов, Ремонт бензиновых двигателей, Компьютерная диагностика автомобилей, Ремонт ходовой части автомобиля, Ремонт дизельной топливной системы;Малая Абая улица, 190;+77054483875 +77054483874;+77054483875;yes;zacprofessionals@gmail.com;http://zac.kz/car-service.html;instagram:https://instagram.com/Zacprofessionals whatsapp:https://wa.me/77054483875 whatsapp:https://wa.me/77054483874 telegram:https://t.me/+77054483875;4.9;587;43.237808;76.875412;70000001116329348_34Ei231578G23H8301I2GGG0xd792f73G6G505A80A842C45wpqt545B6J1A5G7G2J1JB344rsdyuv7B884A1013439H238HHHGJHG3IA174cA
автосервис;Hyundai | Genesis Premium Al-Farabi, автосалон;Легковой автосервис, Продажа легковых автомобилей, Запчасти для легковых автомобилей, Автоаксессуары, Ремонт бензиновых двигателей, Ремонт АКПП, Ремонт ходовой части автомобиля, Ремонт стартеров и генераторов, Ремонт электронных систем авто, Обслуживание автомобильных климатических систем, Автосигнализации, Развал-схождение, Шиномонтаж, Детейлинг, Шины и диски, Тонирование автостёкол, Хранение шин, Компьютерная диагностика автомобилей, Автозвук, Автохимия, Тонировочные и защитные плёнки для авто, Ремонт выхлопных систем;проспект Аль-Фараби, 107/1;+77022750497 +77750967446 +77750970581;+77012207943;yes;receptionhpa@hyundai.kz;http://hyundai-premium.kz/ru/?utm_source=2gis&utm_medium=cpa&utm_campaign=main_site=%7Bkeyword%7D;instagram:https://instagram.com/hyundai_premium_alfarabi whatsapp:https://wa.me/77012207943;4.7;3114;43.200293;76.902743;9429940001553185_34Ei231578G23HA72A4GGG0Gxd792f73G6G505A80A763496wpqt545B6J1A5G7G2JGC271Jrsdyuv7B884AA41233H219J2HHGJH1IB154de
автосервис;Ld Service, автосервис;Легковой автосервис, Авторазбор, Ремонт бензиновых двигателей, Обслуживание автомобильных климатических систем, Ремонт ходовой части автомобиля, Компьютерная диагностика автомобилей;улица Нурсая, 49;+77078029296;+77078029296;yes;povetkin_a@mail.ru;;whatsapp:https://wa.me/77078029296;4.9;21;43.350483;76.954059;9429940000788315_34Ei231578G23HA72A4GGG0Gxd792f73G6G505A80A998626wpqt545B6J1A5G7G2JGC271Jrsdyuv7B884AA41232H21AJ2HHGJH1IB1544e
автосервис;Jetta Centre Almaty, автосалон;Легковой автосервис, Продажа легковых автомобилей, Обслуживание автомобильных климатических систем, Кузовной ремонт, Запчасти для легковых автомобилей, Шины и диски, Автохимия, Автомобильные аккумуляторы, Автосигнализации, Детейлинг, Компьютерная диагностика автомобилей, Развал-схождение, Ремонт бензиновых двигателей, Ремонт ходовой части автомобиля, Ремонт электронных систем авто, Тонирование автостёкол, Замена масла, Шиномонтаж, Ремонт МКПП, Ремонт дизельных двигателей, Установка и ремонт автостёкол, Хранение шин;Халиуллина улица, 196Б;+77719333388;+77719333388;yes;;;instagram:https://instagram.com/jetta_almaty whatsapp:https://wa.me/77719333388;;;43.292912;77.01547;70000001117134333_34Ei231578G23H8301I2GGG0xd792f73G6G505A80A923744wpqt545B6J1A5G7G2J1JB344rsdyuv7B884A1013434H23BHHHGJHG3IA174d2
автосервис;Chery Qalqaman Almaty, автосалон;Легковой автосервис, Продажа легковых автомобилей, Ремонт АКПП, Обслуживание автомобильных климатических систем, Замена масла, Компьютерная диагностика автомобилей, Ремонт МКПП;проспект Райымбека, 548/2;+77750061431;+77759898071;yes;callcenter@nomadcar.kz;http://chery-qalqaman.kz/?utm_source=2gis;instagram:https://instagram.com/chery_qalqaman whatsapp:https://wa.me/77759898071;4.9;127;43.232441;76.793882;70000001110592043_34Ei231578G23H8301I2GGG0xd792f73G6G505A80A269515wpqt545B6J1A5G7G2J1JB344rsdyuv7B884A1013434H23CHHHGJHG3IA17461
автосервис;Prostor oil service, автосервис;Легковой автосервис, Замена масла, Автохимия, Обслуживание автомобильных климатических систем, Ремонт АКПП, Компьютерная диагностика автомобилей, Ремонт бензиновых двигателей;улица Жусанды, 18;+77771758168 +77071758168;+77071758168;yes;;;whatsapp:https://wa.me/77071758168 instagram:https://instagram.com/prostor_oilservice whatsapp:https://wa.me/77771758168;4.4;34;43.267795;76.871916;70000001028482877_34Ei231578G23H8301I2GGG0xd792f73G6G505A80AA58598wpqt545B6J1A5G7G2J1JB344rsdyuv7B884A1013348H243HHHGJHG3IA174dc
автосервис;Aster.kz, автосупермаркет;Легковой автосервис, Продажа легковых автомобилей, Обслуживание автомобильных климатических систем, Ремонт АКПП, Ремонт бензиновых двигателей, Ремонт МКПП, Ремонт ходовой части автомобиля, Замена масла;микрорайон Шугыла, 317/1;+77089410808;+77089410808;;info@aster.kz;http://aster.kz http://aster.kz/dealer/branch/9;instagram:https://instagram.com/aster_kz facebook:https://facebook.com/Aster.automarket instagram:https://instagram.com/omoda_kz;4.6;195;43.230474;76.778195;70000001072145132_34Ei231578G23H8301I2GGG0xd792f73G6G505A80A424824wpqt545B6J1A5G7G2J1JB344rsdyuv7B884A1013393H244HHHGJHG3IA174h1
автосервис;Hyundai Raiymbek, автосалон;Легковой автосервис, Продажа легковых автомобилей, Замена масла, Ремонт ходовой части автомобиля, Компьютерная диагностика автомобилей, Ремонт электронных систем авто;проспект Назарбаева, 21/1;+77750967955;+77018880070;yes;;http://hyundai-raiymbek.kz/ru/?utm_source=google&utm_medium=search&utm_campaign=google_perf_search_hyundai_all_models&gad_source=1&gad_campaignid=23778830831&gbraid=0AAAAA_kTaDVfpWeeqGyF7r1bOvWPkALY3&gclid=CjwKCAjw7KvTBhA6EiwAWnutYfcaTkinNQicOvMy6wYUgcDqqTR369k4VeVL_AYg-bAgXh9zghM3lBoCZAIQAvD_BwE;instagram:https://instagram.com/hyundai__raiymbek whatsapp:https://wa.me/77018880070;5;171;43.2719;76.943828;70000001101488151_34Ei231578G23H8301I2GGG0xd792f73G6G505A80A358B26wpqt545B6J1A5G7G2J1JB344rsdyuv7B884A1013422H245HHHGJHG3IA174d4
автосервис;AviAvto, автосервис;Легковой автосервис, Ремонт карданных валов, Ремонт ходовой части автомобиля, Замена масла, Ремонт бензиновых двигателей, Ремонт стартеров и генераторов, Компьютерная диагностика автомобилей, Ремонт электронных систем авто, Ремонт дизельных двигателей, Ремонт выхлопных систем, Тюнинг, Ремонт МКПП, Ремонт инжекторов, Ремонт рулевых реек, Ремонт гибридных автомобилей, Переоборудование автомобилей;улица Карасай батыра, 229;+77078283830;+77078283830;yes;andronov_viktor@rambler.ru;http://aviavto.kz/;instagram:https://instagram.com/avi.avto whatsapp:https://wa.me/77078283830;4.9;96;43.247827;76.887718;70000001033899351_34Ei231578G23H8301I2GGG0xd792f73G6G505A80A599C46wpqt545B6J1A5G7G2J1JB344rsdyuv7B884A1013352H246HHHGJHG3IA174cA
автосервис;Changan Qalqaman Almaty, официальный дилер Changan;Легковой автосервис, Продажа легковых автомобилей, Замена масла, Компьютерная диагностика автомобилей, Развал-схождение, Ремонт электронных систем авто, Детейлинг, Автоаксессуары, Тюнинг, Шины и диски, Переоборудование автомобилей, Ремонт АКПП, Тонирование автостёкол, Шиномонтаж, Хранение шин;проспект Райымбека, 548/2;+77780215430;+77066066633;yes;callcenter@nomadcar.kz;http://changan-luxcar-almaty.kz/ru;instagram:https://instagram.com/changan_qalqaman whatsapp:https://wa.me/77066066633;4.8;271;43.23251;76.794068;70000001071455948_34Ei231578G23H8301I2GGG0xd792f73G6G505A80A3558A5wpqt545B6J1A5G7G2J1JB344rsdyuv7B884A1013399H247HHHGJHG3IA1744A
автосервис;Геометрия Центр Алматы, автосервис;Легковой автосервис, Развал-схождение, Установка и ремонт автооптики, Компьютерная диагностика автомобилей, Ремонт ходовой части автомобиля, Замена масла, Антикоррозийная обработка авто;проспект Турара Рыскулова, 1а/1;+77471772013 +77766669656 +77066960937;+77471772013;yes;;http://geometrycenter.kz;instagram:https://instagram.com/geometry.kz whatsapp:https://wa.me/77471772013;4.9;112;43.293627;76.975828;70000001093486526_34Ei231578G23H8301I2GGG0xd792f73G6G505A80A558963wpqt545B6J1A5G7G2J1JB344rsdyuv7B884A10133B7H248HHHGJHG3IA17493
автосервис;AS Сервис, автосервис;Легковой автосервис, Шиномонтаж, Компьютерная диагностика автомобилей, Развал-схождение, Ремонт ходовой части автомобиля, Ремонт дизельных двигателей, Ремонт бензиновых двигателей, Замена масла, Автомойки, Автохимия, Ремонт рулевых реек, Антикоррозийная обработка авто, Ультразвуковая мойка деталей, Ремонт инжекторов, Обслуживание автомобильных климатических систем;улица Майкы Би, 2Б;+77771155551 +77770330177;+77771155551;;;;instagram:https://instagram.com/autokompleks_besagash;4.8;89;43.327428;77.0394;70000001086838893_34Ei231578G23H8301I2GGG0xd792f73G6G505A80A893B9Awpqt545B6J1A5G7G2J1JB344rsdyuv7B884A10133A4H249HHHGJHG3IA1745b
автосервис;Vag Gans Service, СТО;Легковой автосервис, Запчасти для легковых автомобилей, Ремонт бензиновых двигателей, Замена масла, Ремонт ходовой части автомобиля, Ремонт дизельных двигателей;улица Майкы би, 6;+77778349944 +77083665396;+77778349944;yes;;;whatsapp:https://wa.me/77778349944;4.6;95;43.499811;77.036587;70000001075088590_34Ei231578G23H8301I2GGG0xd792f73G6G505A80A718B6Awpqt545B6J1A5G7G2J1JB344rsdyuv7B884A1013391H24AHHHGJHG3IA174g4
автосервис;Almat autoservice, СТО;Легковой автосервис, Ремонт ходовой части автомобиля, Замена масла, Компьютерная диагностика автомобилей, Развал-схождение, Ультразвуковая мойка деталей, Обслуживание автомобильных климатических систем;улица Кунаева, 169;+77077154242 +77084592080 +77071956361;+77077154242;yes;;;instagram:https://instagram.com/almat_service_talgar whatsapp:https://wa.me/77077154242;4.9;142;43.303703;77.220472;70000001045516439_34Ei231578G23H8301I2GGG0xd792f73G6G505A80A761954wpqt545B6J1A5G7G2J1JB344rsdyuv7B884A101336AH24BHHHGJHG3IA1748c
автосервис;Maserati, автосалон;Легковой автосервис, Продажа легковых автомобилей, Кузовной ремонт, Обслуживание автомобильных климатических систем, Ремонт бензиновых двигателей, Ремонт электронных систем авто, Замена масла;Кульджинский тракт, 8/5;+77272221117 +78000802000;+77002221117;yes;;http://www.maserati.com.kz;instagram:https://instagram.com/maserati_kz facebook:https://facebook.com/people/Maserati-Kazakhstan/61551617291622 whatsapp:https://wa.me/77002221117;4.7;13;43.29159;76.993596;70000001089823086_34Ei231578G23H8301I2GGG0xd792f73G6G505A80AB92619wpqt545B6J1A5G7G2J1JB344rsdyuv7B884A10133A7H24CHHHGJHG3IA17429
автосервис;Chery Almaty, официальный дилерский центр;Легковой автосервис, Продажа легковых автомобилей, Замена масла, Ремонт ходовой части автомобиля, Компьютерная диагностика автомобилей, Ремонт электронных систем авто;проспект Райымбека, 115/23;+77750967928 +77750967929;+77010005005;yes;;http://chery-almaty.kz/ru/;instagram:https://instagram.com/chery_almaty whatsapp:https://wa.me/77010005005;4.7;525;43.270897;76.944029;70000001057892689_34Ei231578G23H8301I2GGG0xd792f73G6G505A80A999579wpqt545B6J1A5G7G2J1JB344rsdyuv7B884A101337AH253HHHGJHG3IA174h2
автосервис;Allur, официальный дилер Jetour;Легковой автосервис, Продажа легковых автомобилей, Грузовой автосервис, Ремонт автобусов, Ремонт ходовой части автомобиля, Развал-схождение, Замена масла, Ремонт электронных систем авто;улица Майлина, 240а;+77750964845;+77023205522;yes;info@allur.kz;http://allur-almaty.jetour-auto.kz http://allur.kz/ru/Jetour;facebook:https://facebook.com/allur.kz instagram:https://instagram.com/jetour.allur.maylina whatsapp:https://wa.me/77023205522 telegram:https://t.me/allurkz;4.8;532;43.323954;76.975823;70000001075872503_34Ei231578G23H8301I2GGG0xd792f73G6G505A80A797561wpqt545B6J1A5G7G2J1JB344rsdyuv7B884A1013394H254HHHGJHG3IA174c8
автосервис;Allur, официальный дилер Škoda;Легковой автосервис, Продажа легковых автомобилей, Запчасти для легковых автомобилей, Шины и диски, Компьютерная диагностика автомобилей, Обслуживание автомобильных климатических систем, Ремонт АКПП, Ремонт стартеров и генераторов, Ремонт ходовой части автомобиля, Ремонт электронных систем авто, Замена масла, Шиномонтаж;улица Майлина, 240а;+77750964847;+77023205522;yes;info@allur.kz;http://allur.kz/brands/skoda?utm_source=2gis;instagram:https://instagram.com/skoda.allur_almaty whatsapp:https://wa.me/77023205522;4.9;243;43.32408;76.975147;70000001086754562_34Ei231578G23H8301I2GGG0xd792f73G6G505A80A885767wpqt545B6J1A5G7G2J1JB344rsdyuv7B884A10133A3H255HHHGJHG3IA174A9
автосервис;E-Car-cn Auto Service, автосервис электроавтомобилей;Легковой автосервис, Замена масла, Компьютерная диагностика автомобилей, Ремонт электронных систем авто, Запчасти для легковых автомобилей, Кузовной ремонт, Ремонт электроавтомобилей, Тюнинг, Детейлинг, Автоаксессуары, Ремонт гибридных автомобилей, Ремонт подушек безопасности, Ремонт ходовой части автомобиля, Шины и диски;улица Розыбакиева, 105/1;+77471666067;+77471666067;yes;;http://e-car-cn.com;instagram:https://instagram.com/e_car_cn.service whatsapp:https://wa.me/77471666067;4.9;80;43.231475;76.888579;70000001082061874_34Ei231578G23H8301I2GGG0xd792f73G6G505A80A416498wpqt545B6J1A5G7G2J1JB344rsdyuv7B884A10133A5H256HHHGJHG3IA174c9
автосервис;Zs Service, автосервис;Легковой автосервис, Ремонт ходовой части автомобиля, Компьютерная диагностика автомобилей, Развал-схождение, Замена масла, Ремонт электронных систем авто, Обслуживание автомобильных климатических систем, Ремонт бензиновых двигателей, Ремонт АКПП, Автозвук;улица Есенберлина, 72/1;+77788186555 +77012944999;+77788186555;yes;;;instagram:https://instagram.com/zs__service whatsapp:https://wa.me/77788186555;5;44;43.271025;76.971029;70000001114761833_34Ei231578G23H8301I2GGG0xd792f73G6G505A80A686494wpqt545B6J1A5G7G2J1JB344rsdyuv7B884A1013434H257HHHGJHG3IA17485
автосервис;Замена масла рядом, пункт замены масла;Легковой автосервис, Замена масла, Автоаксессуары, Автомобильные аккумуляторы, Запчасти для легковых автомобилей, Ремонт бензиновых двигателей, Установка и ремонт автооптики, Компьютерная диагностика автомобилей;микрорайон Жетысу-4, 32;+77068090100;+77068090100;;;;;5;12;43.222849;76.835499;70000001117111888_34Ei231578G23H8301I2GGG0xd792f73G6G505A80A921499wpqt545B6J1A5G7G2J1JB344rsdyuv7B884A1013439H258HHHGJHG3IA174e1
автосервис;SHELL SERVICE + PRIME MOTORS, автосервис;Легковой автосервис, Замена масла, Ремонт ходовой части автомобиля, Компьютерная диагностика автомобилей, Обслуживание автомобильных климатических систем, Автохимия;Халиуллина улица, 194/14Б;+77471439470 +77751108555;+77751108555;yes;;;instagram:https://instagram.com/shellservice_almaty instagram:https://instagram.com/shellservice__almaty whatsapp:https://wa.me/77751108555;4.9;128;43.290793;77.011905;70000001052390857_34Ei231578G23H8301I2GGG0xd792f73G6G505A80A449396wpqt545B6J1A5G7G2J1JB344rsdyuv7B884A1013378H259HHHGJHG3IA174B2
автосервис;Mycar Almaty, мультибрендовый автоцентр;Легковой автосервис, Продажа легковых автомобилей, Детейлинг, Автоаксессуары, Замена масла, Тюнинг, Хранение шин, Кузовной ремонт, Автосигнализации, Ремонт АКПП, Запчасти для легковых автомобилей;Кульджинский тракт, 100/1;+77028811111 +77750076259;+77028811111;yes;info@mycar.kz;http://mycar.kz/autocenters/almaty?dealershipId=40?utm_source=2gis&utm_medium=cpa;instagram:https://instagram.com/mycar__almaty whatsapp:https://wa.me/77028811111;4.8;1381;43.311575;77.019683;70000001051848961_34Ei231578G23H8301I2GGG0xd792f73G6G505A80A394BA7wpqt545B6J1A5G7G2J1JB344rsdyuv7B884A1013372H25AHHHGJHG3IA174f6
автосервис;Audi Centre Almaty, центр;Легковой автосервис, Продажа легковых автомобилей, Кузовной ремонт, Ремонт стартеров и генераторов, Ремонт АКПП, Автохимия, Запчасти для легковых автомобилей, Шины и диски, Автомобильные аккумуляторы, Автоаксессуары, Компьютерная диагностика автомобилей, Развал-схождение, Обслуживание автомобильных климатических систем, Шиномонтаж, Замена масла, Автосигнализации, Детейлинг, Тонирование автостёкол, Тюнинг, Тонировочные и защитные плёнки для авто, Русификация, Установка и ремонт автооптики;Кульджинский тракт, 12/2;+77780254138;+77777155510;yes;info@audi-almaty.kz;http://audi-almaty.kz/ru//?utm_source=2gis;instagram:https://instagram.com/audi_centre_almaty whatsapp:https://wa.me/77777155510;5;195;43.293188;76.995961;70000001034547358_34Ei231578G23H8301I2GGG0xd792f73G6G505A80A664A46wpqt545B6J1A5G7G2J1JB344rsdyuv7B884A1013359H25BHHHGJHG3IA1745f
автосервис;Sokol, автосервис;Легковой автосервис, Запчасти для легковых автомобилей, Замена масла, Автохимия, Ремонт ходовой части автомобиля, Автоаксессуары, Шиномонтаж, Развал-схождение, Ремонт бензиновых двигателей, Компьютерная диагностика автомобилей;улица Каблиса Жырау, 176;+77751696297;+77751696297;yes;;;instagram:https://instagram.com/sokol_service_tdk whatsapp:https://wa.me/77751696297;4.9;159;45.009673;78.362098;70000001087884042_34Ei231578G23H8301I2GGG0xd792f73G6G505A80A998715wpqt545B6J1A5G7G2J1JB344rsdyuv7B884A10133A3H25CHHHGJHG3IA17434
автосервис;Nash Сервис, СТО;Легковой автосервис, Ремонт бензиновых двигателей, Ремонт ходовой части автомобиля, Развал-схождение, Замена масла, Шиномонтаж, Компьютерная диагностика автомобилей, Обслуживание автомобильных климатических систем;улица Яссауи, 195а;+77776888222;+77776888222;yes;nash_serviceavto@mail.ru;http://nashservice.kz;instagram:https://instagram.com/nash_service whatsapp:https://wa.me/77776888222;4.8;182;43.209073;76.835921;70000001022049098_34Ei231578G23H8301I2GGG0xd792f73G6G505A80A414C1Awpqt545B6J1A5G7G2J1JB344rsdyuv7B884A1013349H263HHHGJHG3IA1745b
автосервис;Viton.kz, лаборатория по чистке форсунoк;Легковой автосервис, Ремонт инжекторов, Ремонт бензиновых двигателей, Компьютерная диагностика автомобилей, Обслуживание автомобильных климатических систем, Запчасти для легковых автомобилей, Тюнинг, Ремонт ходовой части автомобиля, Ремонт стартеров и генераторов, Ремонт рулевых реек;улица Аносова, 93;+77474956165;+77474956165;yes;;;instagram:https://instagram.com/viton.kz whatsapp:https://wa.me/77474956165;4.9;242;43.251318;76.884614;70000001104923219_34Ei231578G23H8301I2GGG0xd792f73G6G505A80A6A2632wpqt545B6J1A5G7G2J1JB344rsdyuv7B884A101342AH264HHHGJHG3IA174f1
автосервис;DOSCAR, официальный дилер Kia в г. Алматы;Легковой автосервис, Продажа легковых автомобилей, Замена масла, Кузовной ремонт, Шиномонтаж;улица Елебекова, 10;+77273559050;+77710707035;yes;kia.almaty@doscar.kz;http://doscaralmaty.kia.com.kz/?utm_source=2gis&utm_medium=seller_show&utm_campaign=main;instagram:https://instagram.com/kia.doscar.ala whatsapp:https://wa.me/77710707035;4.8;454;43.228582;76.963231;70000001057284985_34Ei231578G23H8301I2GGG0xd792f73G6G505A80A9387A9wpqt545B6J1A5G7G2J1JB344rsdyuv7B884A1013376H265HHHGJHG3IA1746b
автосервис;Mycar Raiymbek, автосалон;Легковой автосервис, Продажа легковых автомобилей, Замена масла, Ремонт ходовой части автомобиля, Компьютерная диагностика автомобилей, Ремонт электронных систем авто;проспект Назарбаева, 21/1;+77750308915;+77010005005;yes;info@mycar.kz;http://mycar.kz/autocenters/raiymbek?dealershipId=39;instagram:https://instagram.com/mycar_raiymbek whatsapp:https://wa.me/77010005005 telegram:https://t.me/mycarkz;4.8;713;43.272;76.943815;70000001037448069_34Ei231578G23H8301I2GGG0xd792f73G6G505A80A954B17wpqt545B6J1A5G7G2J1JB344rsdyuv7B884A101335AH267HHHGJHG3IA174e8
автосервис;Тойота Центр Жетысу, автоцентр;Легковой автосервис, Продажа легковых автомобилей, Запчасти для легковых автомобилей, Автоаксессуары, Шины и диски, Автохимия, Кузовной ремонт, Ремонт ходовой части автомобиля, Развал-схождение, Шиномонтаж, Установка и ремонт автооптики, Ремонт бензиновых двигателей, Ремонт АКПП;проспект Райымбека, 505;+77750967085 +77273131505;+77005748370;yes;;http://www.toyota7su.kz/?utm_source=2gis&utm_medium=banner;instagram:https://instagram.com/toyota7su_official facebook:https://facebook.com/toyota7su whatsapp:https://wa.me/77005748370;4.9;438;43.243357;76.826076;9429940000790702_34Ei231578G23HA72A4GGG0Gxd792f73G6G505A80A9A0A13wpqt545B6J1A5G7G2JGC271Jrsdyuv7B884AA41232H248J1HHGJH0IB154f3
автосервис;GS AutoService, автосервис;Легковой автосервис, Ремонт ходовой части автомобиля, Компьютерная диагностика автомобилей, Ремонт бензиновых двигателей, Замена масла, Авторазбор, Запчасти для легковых автомобилей, Ремонт электронных систем авто;улица Караоткел, 4;+77078114484 +77770003332;+77770003332;yes;;;instagram:https://instagram.com/gs_service_ whatsapp:https://wa.me/77770003332 whatsapp:https://wa.me/77078114484;4.9;195;43.255196;76.865308;70000001019601912_34Ei231578G23H8301I2GGG0xd792f73G6G505A80AB704A2wpqt545B6J1A5G7G2J0JB344rsdyuv7B884A1013333H269HHHGJHG2IA174gg
автосервис;Лексус Алматы, автоцентр;Легковой автосервис, Продажа легковых автомобилей, Запчасти для легковых автомобилей, Шины и диски, Автоаксессуары, Ремонт ходовой части автомобиля, Автосигнализации, Ремонт бензиновых двигателей, Ремонт электронных систем авто, Тонирование автостёкол, Ремонт выхлопных систем, Ремонт стартеров и генераторов, Ремонт АКПП, Ремонт МКПП, Компьютерная диагностика автомобилей, Замена масла, Ремонт карбюраторов, Ремонт инжекторов, Ремонт карданных валов, Ремонт рулевых реек, Установка и ремонт автооптики, Обслуживание автомобильных климатических систем, Развал-схождение;проспект Аль-Фараби, 140/4;+77273131202 +77750967816 +77020100550;+77080158315;yes;;http://www.lexus-almaty.kz;instagram:https://instagram.com/lexus_almaty_official facebook:https://facebook.com/lexusalmaty whatsapp:https://wa.me/77080158315;4.9;511;43.214177;76.92411;9429940000797386_34Ei231578G23HA72A4GGG0Gxd792f73G6G505A80A9A7697wpqt545B6J1A5G7G2JGC271Jrsdyuv7B884AA41232H24AJ1HHGJH0IB1543d
автосервис;Allur, собственный автоцентр производителя Chevrolet;Легковой автосервис, Продажа легковых автомобилей, Ремонт электронных систем авто, Компьютерная диагностика автомобилей, Установка и ремонт автооптики, Ремонт АКПП, Автоаксессуары, Шиномонтаж, Ремонт ходовой части автомобиля, Ремонт стартеров и генераторов, Кузовной ремонт, Ремонт бензиновых двигателей, Обслуживание автомобильных климатических систем, Замена масла;проспект Суюнбая, 159а к1;+77750964841;+77023205522;yes;info@allur.kz;http://allurauto-ala.chevrolet-auto.kz/;instagram:https://instagram.com/chevrolet.allur.suynbaya whatsapp:https://wa.me/77023205522;4.9;1217;43.296174;76.949585;70000001043209752_34Ei231578G23H8301I2GGG0xd792f73G6G505A80A530C86wpqt545B6J1A5G7G2J0JB344rsdyuv7B884A1013363H26BHHHGJHG2IA174hb
автосервис;Северное кольцо, автосервис;Легковой автосервис, Ремонт ходовой части автомобиля, Компьютерная диагностика автомобилей, Шиномонтаж, Замена масла, Развал-схождение, Ремонт стартеров и генераторов, Ремонт электронных систем авто, Обслуживание автомобильных климатических систем;микрорайон Айнабулак-1, 12/5;+77077555563 +77012544250;+77077555563;yes;;;whatsapp:https://wa.me/77077555563 whatsapp:https://wa.me/77012544250;4.8;22;43.322674;76.906479;70000001027944870_34Ei231578G23H8301I2GGG0xd792f73G6G505A80A9A4798wpqt545B6J1A5G7G2J0JB344rsdyuv7B884A1013341H26CHHHGJHG2IA174eg
автосервис;СТО Service Auto, автосервис;Легковой автосервис, Ремонт ходовой части автомобиля, Замена масла, Обслуживание автомобильных климатических систем, Шиномонтаж, Запчасти для легковых автомобилей, Компьютерная диагностика автомобилей, Ремонт стартеров и генераторов, Ремонт бензиновых двигателей, Автохимия, Обучение рабочим профессиям, Ремонт МКПП, Ремонт АКПП;Омская улица, 125а;+77273172289 +77017465975 +77771323583 +77077267474;+77017465975;yes;anton-prado@mail.ru;http://serviceauto.kz/;instagram:https://instagram.com/denso_service whatsapp:https://wa.me/77017465975 whatsapp:https://wa.me/77077267474;4.9;305;43.292393;76.968167;9429940000915119_34Ei231578G23HA72A4GGG0Gxd792f73G6G505A80AB2542Awpqt545B6J1A5G7G2JGC271Jrsdyuv7B884AA41232H253J1HHGJH0IB15485
автосервис;monzaza, автосервис;Легковой автосервис, Ремонт электронных систем авто, Тюнинг, Замена масла, Запчасти для легковых автомобилей, Автоаксессуары, Детейлинг, Русификация, Автомобильные аккумуляторы;Центральная улица, 200;+77472396060 +77781843696;+77781843696;yes;;http://tiktok.com/@_monzaza_;instagram:https://instagram.com/_monzaza_ whatsapp:https://wa.me/77781843696;5;70;43.337389;76.848389;70000001097401779_34Ei231578G23H8301I2GGG0xd792f73G6G505A80A950488wpqt545B6J1A5G7G2J0JB344rsdyuv7B884A10133BAH274HHHGJHG2IA17447
автосервис;Hyundai Kuldzhinka, мультибрендовый автоцентр;Легковой автосервис, Продажа легковых автомобилей, Запчасти для грузовых авто, Автоаксессуары, Ремонт АКПП, Ремонт бензиновых двигателей, Обслуживание автомобильных климатических систем, Хранение шин, Детейлинг, Автосигнализации, Развал-схождение, Шиномонтаж, Шины и диски, Тонирование автостёкол, Автозвук, Автохимия, Ремонт выхлопных систем, Ремонт электронных систем авто, Компьютерная диагностика автомобилей;Кульджинский тракт, 100/1;+77750970814 +77750970849;+77750970814;;reception.hyundai@mycar.kz;http://kuldzhinka.hyundai.kz/ru/?utm_source=2gis&utm_medium=cpa;instagram:https://instagram.com/hyundai_kuldzhinka;4.7;656;43.311408;77.019533;70000001065418020_34Ei231578G23H8301I2GGG0xd792f73G6G505A80A751B13wpqt545B6J1A5G7G2J1JB344rsdyuv7B884A1013381H275HHHGJHG3IA1746d
автосервис;Red scorpion, автосервис;Легковой автосервис, Ремонт ходовой части автомобиля, Замена масла, Ремонт стартеров и генераторов, Компьютерная диагностика автомобилей, Развал-схождение, Автосигнализации, Ремонт электронных систем авто, Кузовной ремонт, Ремонт дизельных двигателей, Ремонт бензиновых двигателей, Обслуживание автомобильных климатических систем, Ремонт инжекторов, Автохимия, Автомобильные аккумуляторы;улица Карасай батыра, 214;+77013726558 +77479477798;+77013726558;yes;;;whatsapp:https://wa.me/77013726558;4.8;91;43.247245;76.887664;9429940001146104_34Ei231578G23HA72A4GGG0Gxd792f73G6G505A80A356415wpqt545B6J1A5G7G2JGC271Jrsdyuv7B884AA41233H256J1HHGJH0IB154Ah
автосервис;Formula7, сервисно-шинный центр;Легковой автосервис, Шины и диски, Шиномонтаж, Обслуживание автомобильных климатических систем, Ремонт ходовой части автомобиля, Замена масла, Запчасти для легковых автомобилей, Ремонт электронных систем авто, Автохимия, Хранение шин, Автоаксессуары, Автомобильные аккумуляторы;проспект Турара Рыскулова, 57в;+77077077210 +7210;+77715060392;yes;;http://f7.kz;instagram:https://instagram.com/formula7kz facebook:https://facebook.com/Bridgestone.Kazakhstan whatsapp:https://wa.me/77715060392 telegram:https://t.me/partsf7_bot;4.7;241;43.287315;76.921633;9429940000888555_34Ei231578G23HA72A4GGG0Gxd792f73G6G505A80AA98866wpqt545B6J1A5G7G2JGC271Jrsdyuv7B884AA41232H257J1HHGJH0IB1548g
автосервис;Allur Jac, официальный дилер JAC;Легковой автосервис, Продажа легковых автомобилей, Замена масла, Обслуживание автомобильных климатических систем, Ремонт ходовой части автомобиля, Компьютерная диагностика автомобилей;проспект Суюнбая, 159а к2;+77750964842;+77023205522;yes;;http://allur-jac-almatysuyunbaya.kz http://allur.kz;whatsapp:https://wa.me/77023205522;4.8;727;43.295697;76.949409;70000001043209664_34Ei231578G23H8301I2GGG0xd792f73G6G505A80A530C77wpqt545B6J1A5G7G2J0JB344rsdyuv7B884A1013365H278HHHGJHG2IA1743d
автосервис;SCT SERVICE, сеть автосервисов и автомагазинов;Легковой автосервис, Ремонт ходовой части автомобиля, Замена масла, Шиномонтаж, Развал-схождение, Компьютерная диагностика автомобилей, Автохимия, Автоаксессуары;микрорайон Жетысу-1, 9;+77059318811;+77717378263;yes;;http://www.sct.kz;whatsapp:https://wa.me/77717378263;4.7;764;43.225058;76.838965;9429940000840344_34Ei231578G23HA72A4GGG0Gxd792f73G6G505A80AA50655wpqt545B6J1A5G7G2JGC271Jrsdyuv7B884AA41232H259J2HHGJH1IB154h8
автосервис;Автосервис рядом, СТО;Легковой автосервис, Замена масла, Развал-схождение, Компьютерная диагностика автомобилей, Ремонт ходовой части автомобиля, Шиномонтаж, Ремонт рулевых реек, Ремонт выхлопных систем;проспект Райымбека, 74/1;+77471440438 +77079231919;+77079231919;yes;;;whatsapp:https://wa.me/77079231919 whatsapp:https://wa.me/77471440438;4.9;54;43.270505;76.953894;70000001102712010_34Ei231578G23H8301I1GGG0xd792f73G6G505A80A481512wpqt545B6J1A5G7G2J0JB344rsdyuv7B884A1013421H27AHHHGJHG2IA174c4
автосервис;Автоимперия 8-Я Миля, автосервис;Легковой автосервис, Развал-схождение, Замена масла, Ремонт стартеров и генераторов, Шиномонтаж, Ремонт ходовой части автомобиля, Компьютерная диагностика автомобилей, Ремонт электронных систем авто, Обслуживание автомобильных климатических систем, Ремонт дизельных двигателей, Ремонт АКПП, Ремонт выхлопных систем, Автохимия, Ремонт бензиновых двигателей, Кузовной ремонт;улица Диваева, 33;+77080808808;+77080808808;yes;;;instagram:https://instagram.com/8milya.autoimperiya whatsapp:https://wa.me/77080808808;4.9;199;43.243246;76.976536;9429940000901993_34Ei231578G23HA72A4GGG0Gxd792f73G6G505A80AB11CA4wpqt545B6J1A5G7G2JGC271Jrsdyuv7B884AA41232H25BJ1HHGJH0IB154g5
автосервис;Skoda Garage Almaty, автосервис;Легковой автосервис, Ремонт АКПП, Замена масла, Ремонт ходовой части автомобиля, Компьютерная диагностика автомобилей, Ремонт электронных систем авто, Обслуживание автомобильных климатических систем, Ремонт МКПП;улица Сарыарка, 24;+77077350799;+77077350799;yes;;;instagram:https://instagram.com/skoda_garage_almaty whatsapp:https://wa.me/77077350799;5;345;43.280224;77.001282;70000001032338751_34Ei231578G23H8301I2GGG0xd792f73G6G505A80A443B86wpqt545B6J1A5G7G2J0JB344rsdyuv7B884A1013352H27CHHHGJHG2IA174h9
автосервис;Ниссан Сервис, автосервис;Легковой автосервис, Ремонт ходовой части автомобиля, Ремонт стартеров и генераторов, Ремонт бензиновых двигателей, Замена масла, Компьютерная диагностика автомобилей, Запчасти для легковых автомобилей;проспект Турара Рыскулова, 130а;+77052305050 +77073161672 +77273006667 +77776666813;+77052305050;yes;;http://nissan-service.kz http://renault-service.kz;instagram:https://instagram.com/nissan_patrol_service facebook:https://facebook.com/nissanpatrolservice whatsapp:https://wa.me/77052305050 whatsapp:https://wa.me/77073161672 whatsapp:https://wa.me/77776666813;4.8;84;43.275285;76.89474;70000001033740713_Fpu1up1578G23H8301I2GGG0i5pz8p73G6G505A80A584382wpqt545B8J1A7G7G3J0JB344zinBuv7B884A1013354H333HHHGJHG2IA1745g
автосервис;Ladashop. kz, центр;Легковой автосервис, Ремонт бензиновых двигателей, Ремонт МКПП, Ремонт ходовой части автомобиля, Запчасти для легковых автомобилей, Автохимия, Автоаксессуары, Обслуживание автомобильных климатических систем, Ремонт выхлопных систем, Ремонт инжекторов, Ремонт электронных систем авто, Установка и ремонт автооптики, Металлообработка, Развал-схождение, Замена масла, Компьютерная диагностика автомобилей;улица Махамбет Утемисова, 11;+77015438080 +77760704141 +77789695222 +77477100357;+77015438080;yes;;http://ladashop.kz http://logan-shop.kz http://koreaservice.kz;whatsapp:https://wa.me/77015438080 whatsapp:https://wa.me/77760704141 whatsapp:https://wa.me/77789695333;4.9;213;43.27743;76.863889;70000001026158921_Fpu1up1578G23H8301I2GGG0i5pz8p73G6G505A80A825BA3wpqt545B8J1A7G7G3J0JB344zinBuv7B884A1013342H334HHHGJHG2IA1749b
автосервис;BYD Kuldzhinka, мультибрендовый автоцентр;Легковой автосервис, Продажа легковых автомобилей, Детейлинг, Автоаксессуары, Замена масла, Тюнинг, Хранение шин, Кузовной ремонт, Автосигнализации, Ремонт АКПП;Кульджинский тракт, 100/1;+77750970741 +77750970742;+77750970741;;m.receptionbyd@mycar.kz;http://byd-kuldzhinka.kz/ru/?utm_source=2gis&utm_medium=cpa;instagram:https://instagram.com/byd.kuldzhinka.kz;4.8;143;43.311268;77.019409;70000001097667897_Fpu1up1578G23H8301I2GGG0i5pz8p73G6G505A80A976A9Awpqt545B8J1A7G7G3J1JB344zinBuv7B884A10133B8H335HHHGJHG3IA17448
автосервис;Субарик, автосервис;Легковой автосервис, Ремонт ходовой части автомобиля, Ремонт бензиновых двигателей, Замена масла, Запчасти для легковых автомобилей, Автохимия;улица Бруно, 90г;+77474565635 +77273282704;+77474565635;yes;;http://subarikservice.kz/;instagram:https://instagram.com/stosubarik_na_bruno whatsapp:https://wa.me/77474565635;4.9;332;43.249624;76.884332;9429940000800808_Fpu1up1578G23HA72A4GGG0Gi5pz8p73G6G505A80AA10B19wpqt545B8J1A7G7G3JGC271JzinBuv7B884AA41232H316J1HHGJH0IB154ed
автосервис;VAG Service, автосервис;Легковой автосервис, Ремонт бензиновых двигателей, Ремонт ходовой части автомобиля, Ремонт АКПП, Ремонт стартеров и генераторов, Авторазбор;улица Златоустовская, 29;+77474098451 +77072155254;+77474098451;yes;;;instagram:https://instagram.com/vagservicealmaty whatsapp:https://wa.me/77474098451;4.9;196;43.248172;76.856734;70000001036862906_Fpu1up1578G23H8301I2GGG0i5pz8p73G6G505A80A8965A1wpqt545B8J1A7G7G3J0JB344zinBuv7B884A1013357H337HHHGJHG2IA174g9
автосервис;Genesis Almaty, автосалон;Легковой автосервис, Продажа легковых автомобилей, Замена масла, Ремонт ходовой части автомобиля, Компьютерная диагностика автомобилей, Ремонт электронных систем авто;проспект Аль-Фараби, 115/1;+77750967238;+77753308686;yes;info@genesis.kz;http://www.genesis.com/kz/ru?utm_source=2gis&utm_medium=cpa&utm_campaign=genesis_in_kz;facebook:https://facebook.com/genesisqazaqstan instagram:https://instagram.com/genesis_qazaqstan whatsapp:https://wa.me/77753308686;5;12;43.198769;76.899509;70000001104022209_Fpu1up1578G23H8301I2GGG0i5pz8p73G6G505A80A612531wpqt545B8J1A7G7G3J0JB344zinBuv7B884A101342AH338HHHGJHG2IA17424
автосервис;Red scorpion, автосервис;Легковой автосервис, Ремонт ходовой части автомобиля, Ремонт бензиновых двигателей, Ремонт рулевых реек, Грузовой автосервис, Ремонт электронных систем авто;проспект Турара Рыскулова, 53а/1;+77051003710 +77782637408 +77711066716;+77051003710;yes;;http://tiktok.com/@user6387556885652;whatsapp:https://wa.me/77051003710 whatsapp:https://wa.me/77711066716 whatsapp:https://wa.me/77782637408;4.6;186;43.290688;76.927708;9429940000789658_Fpu1up1578G23HA72A4GGG0Gi5pz8p73G6G505A80A999969wpqt545B8J1A7G7G3JGC271JzinBuv7B884AA41232H319J1HHGJH0IB1547d
автосервис;EXPERT OIL SERVICE + UNITED OIL, №12, Сеть пунктов замены масел и автомагазинов;Легковой автосервис, Замена масла, Автохимия, Автомобильные аккумуляторы, Запчасти для легковых автомобилей, Компьютерная диагностика автомобилей, Развал-схождение, Ремонт стартеров и генераторов, Ремонт бензиновых двигателей, Ремонт дизельных двигателей, Ремонт электронных систем авто, Ремонт выхлопных систем, Ремонт АКПП, Ремонт МКПП, Автоаксессуары, Шиномонтаж, Ремонт инжекторов, Обслуживание автомобильных климатических систем, Установка и ремонт автостёкол, Ремонт ходовой части автомобиля;улица Вишнёвая, 27;+77009735000 +77009787000112 +77014007918;+77009787000;yes;info@expertoil.kz;http://www.expertoil.kz;vkontakte:https://vk.com/expertoilalmaty facebook:https://facebook.com/expertoilkz whatsapp:https://wa.me/77009787000;4.9;1628;43.197284;76.906166;70000001034440730_Fpu1up1578G23H8301I2GGG0i5pz8p73G6G505A80A654384wpqt545B8J1A7G7G3J1JB344zinBuv7B884A1013351H33AHHHGJHG3IA1749c
автосервис;SCT SERVICE, сеть автосервисов и автомагазинов;Легковой автосервис, Автохимия, Замена масла, Шиномонтаж, Ремонт ходовой части автомобиля, Ремонт бензиновых двигателей, Запчасти для легковых автомобилей, Компьютерная диагностика автомобилей, Обслуживание автомобильных климатических систем, Ремонт дизельных двигателей, Развал-схождение, Ультразвуковая мойка деталей, Ремонт инжекторов;улица Макатаева, 129в;+77059318814 +77059318877;+77476203789;yes;isnadin@din.kz;http://www.sct.kz http://www.sct-almaty.kz;facebook:https://facebook.com/sct.almaty instagram:https://instagram.com/sct.almaty whatsapp:https://wa.me/77476203789;4.9;211;43.262759;76.923293;70000001034401652_Fpu1up1578G23H8301I2GGG0i5pz8p73G6G505A80A650476wpqt545B8J1A7G7G3J1JB344zinBuv7B884A1013353H33BHHHGJHG3IA174B9
автосервис;Zverservice, автосервис;Легковой автосервис, Замена масла, Шиномонтаж, Автоаксессуары, Обслуживание автомобильных климатических систем, Кузовной ремонт, Ремонт стартеров и генераторов, Ремонт инжекторов, Ремонт ходовой части автомобиля, Установка и ремонт автооптики, Хранение шин, Сварочные работы, Компьютерная диагностика автомобилей;микрорайон Самал-2, 98/1;+77072625552 +77767500001;+77072625552;yes;;;instagram:https://instagram.com/zverservice whatsapp:https://wa.me/77072625552 whatsapp:https://wa.me/77767500001;5;125;43.232824;76.954889;70000001030945610_Fpu1up1578G23H8301I2GGG0i5pz8p73G6G505A80A2A4872wpqt545B8J1A7G7G3J0JB344zinBuv7B884A1013351H33CHHHGJHG2IA174h7
автосервис;Avtoproverka. kz, автосервис;Легковой автосервис, Компьютерная диагностика автомобилей, Ремонт ходовой части автомобиля, Ремонт бензиновых двигателей, Замена масла, Запчасти для легковых автомобилей, Автохимия, Обслуживание автомобильных климатических систем, Развал-схождение, Ремонт стартеров и генераторов;улица Розыбакиева, 109Б;+77083660965 +77081030968;+77083660965;yes;;http://avtoproverkakz.taplink.ws;instagram:https://instagram.com/avtoproverka.kz whatsapp:https://wa.me/77083660965;4.8;366;43.229828;76.890144;70000001033858453_Fpu1up1578G23H8301I2GGG0i5pz8p73G6G505A80A595B56wpqt545B8J1A7G7G3J0JB344zinBuv7B884A1013354H343HHHGJHG2IA17422
автосервис;ТехАрт-Сервис, СТО;Легковой автосервис, Кузовной ремонт, Шиномонтаж, Развал-схождение, Автозвук, Ремонт электронных систем авто, Ремонт ходовой части автомобиля, Ремонт бензиновых двигателей, Ремонт дизельных двигателей, Ремонт стартеров и генераторов, Детейлинг, Тонирование автостёкол, Тонировочные и защитные плёнки для авто, Хранение шин;улица Талгат Бигелдинов, 131;+77019513500 +77272275301 +77272275333 +77272939807;+77019513500;yes;;http://www.techart.kz http://lexto.kz;instagram:https://instagram.com/techart.service whatsapp:https://wa.me/77019513500 whatsapp:https://wa.me/77011662758 telegram:https://t.me/+77019513500;4.9;104;43.258763;76.978698;9429940000801141_Fpu1up1578G23HA72A4GGG0Gi5pz8p73G6G505A80AA11452wpqt545B8J1A7G7G3JGC271JzinBuv7B884AA41232H324J1HHGJH0IB154dB
автосервис;Aster, официальный дилер Kia;Легковой автосервис, Продажа легковых автомобилей, Ремонт ходовой части автомобиля, Замена масла, Компьютерная диагностика автомобилей, Ремонт электронных систем авто;микрорайон Шугыла, 317/1;+77059560736;+77710708103;yes;;http://asteralmaty.kia.com.kz;instagram:https://instagram.com/kia.aster.almaty whatsapp:https://wa.me/77710708103;4.7;154;43.230927;76.778884;70000001110911056_Fpu1up1578G23H8301I2GGG0i5pz8p73G6G505A80A2A1416wpqt545B8J1A7G7G3J0JB344zinBuv7B884A1013437H345HHHGJHG2IA1745g
автосервис;Haval Virazh, автосалон;Легковой автосервис, Продажа легковых автомобилей, Кузовной ремонт, Ремонт АКПП, Ремонт МКПП, Ремонт бензиновых двигателей, Переоборудование автомобилей, Тюнинг, Шиномонтаж, Антикоррозийная обработка авто, Обслуживание автомобильных климатических систем, Развал-схождение, Тонирование автостёкол, Компьютерная диагностика автомобилей, Замена масла, Ремонт ходовой части автомобиля;улица Желтоксан, 15 блок А;+77713334343 +77001502260 +77772224343;+77713334343;yes;haval.adm@virazh.kz;http://haval-almaty.kz/;instagram:https://instagram.com/haval_virazh_almaty whatsapp:https://wa.me/77713334343 whatsapp:https://wa.me/77772224343;4.9;525;43.270481;76.936457;70000001093368457_Fpu1up1578G23H8301I2GGG0i5pz8p73G6G505A80A546B56wpqt545B8J1A7G7G3J0JB344zinBuv7B884A10133B8H348HHHGJHG2IA1747c
автосервис;BS Performance Custom WorkShop, автосервис;Легковой автосервис, Ремонт выхлопных систем, Тюнинг, Замена масла, Компьютерная диагностика автомобилей;улица Торекулова, 80;+77763301111 +77013313171;+77013313171;yes;;;instagram:https://instagram.com/bs_performance.kz whatsapp:https://wa.me/77013313171 whatsapp:https://wa.me/77763301111;4.9;62;43.265821;76.926401;70000001038175777_Fpu1up1578G23H8301I2GGG0i5pz8p73G6G505A80AA27888wpqt545B8J1A7G7G3J0JB344zinBuv7B884A1013358H349HHHGJHG2IA17491
автосервис;LI Service, автосервис;Легковой автосервис, Ремонт ходовой части автомобиля, Компьютерная диагностика автомобилей, Ремонт бензиновых двигателей, Обслуживание автомобильных климатических систем, Ремонт подушек безопасности, Ремонт электронных систем авто, Замена масла, Запчасти для легковых автомобилей, Автостекло, Ремонт электроавтомобилей;улица Толе би, 301/4;+77774555559 +77473422371;+77774555559;yes;;;instagram:https://instagram.com/li_service_fr whatsapp:https://wa.me/77774555559 whatsapp:https://wa.me/77473422371;4.9;151;43.243756;76.842471;70000001030621418_Fpu1up1578G23H8301I2GGG0i5pz8p73G6G505A80A272452wpqt545B8J1A7G7G3J0JB344zinBuv7B884A1013359H34AHHHGJHG2IA17435
автосервис;Quattro centre, автосервис;Легковой автосервис, Ремонт ходовой части автомобиля, Ремонт бензиновых двигателей, Компьютерная диагностика автомобилей, Авторазбор, Ремонт дизельных двигателей, Обслуживание автомобильных климатических систем, Ремонт инжекторов, Ремонт электронных систем авто, Запчасти для легковых автомобилей;улица Полесская, 15а;+77077137155 +77077007155 +77077137150;+77077137155;yes;;;instagram:https://instagram.com/quattrocentre whatsapp:https://wa.me/77077137155 whatsapp:https://wa.me/77077007155 whatsapp:https://wa.me/77077137150;4.9;81;43.340204;76.96562;70000001020254573_Fpu1up1578G23H8301I2GGG0i5pz8p73G6G505A80A235768wpqt545B8J1A7G7G3J0JB344zinBuv7B884A1013344H34BHHHGJHG2IA1748e
автосервис;GS Service, СТО;Легковой автосервис, Ремонт ходовой части автомобиля, Компьютерная диагностика автомобилей, Обслуживание автомобильных климатических систем, Ремонт бензиновых двигателей, Автозвук;улица Ильяса Жансугурова, 258;+77078310001;+77078310001;yes;;;instagram:https://instagram.com/gs_300_club_service whatsapp:https://wa.me/77078310001;4.6;19;43.308048;76.929968;70000001066294897_Fpu1up1578G23H8301I2GGG0i5pz8p73G6G505A80A83979Awpqt545B8J1A7G7G3J0JB344zinBuv7B884A1013388H34CHHHGJHG2IA1747c
автосервис;Автопилот, СТО;Легковой автосервис, Запчасти для легковых автомобилей, Автохимия, Замена масла, Развал-схождение;улица Нурмакова, 14;+77017139188 +77077571414 +77073291632;+77077571414;yes;;http://www.avtopilot.kz;instagram:https://instagram.com/avtopilot_auto_service whatsapp:https://wa.me/77077571414 telegram:https://t.me/avtopilotkz;4.9;53;43.256483;76.905959;70000001018411378_Fpu1up1578G23H8301I2GGG0i5pz8p73G6G505A80AA51448wpqt545B8J1A7G7G3J0JB344zinBuv7B884A1013339H353HHHGJHG2IA174B1
автосервис;Болат, автосервис;Легковой автосервис, Ремонт ходовой части автомобиля, Замена масла, Компьютерная диагностика автомобилей, Шиномонтаж, Обслуживание автомобильных климатических систем, Автохимия, Запчасти для легковых автомобилей, Развал-схождение, Ремонт электронных систем авто, Ремонт выхлопных систем, Установка и ремонт автооптики, Ремонт рулевых реек, Ремонт карданных валов, Ультразвуковая мойка деталей;улица Егинсу, 3Б;+77017252560 +77075515888;+77017252560;yes;;;instagram:https://instagram.com/bolat_service whatsapp:https://wa.me/77017252560 whatsapp:https://wa.me/77075515888;4.9;90;43.178385;76.802963;70000001021468694_Fpu1up1578G23H8301I2GGG0i5pz8p73G6G505A80A356B7Awpqt545B8J1A7G7G3J0JB344zinBuv7B884A1013345H354HHHGJHG2IA174A1
автосервис;Master Kit, ​​токарный цех;Легковой автосервис, Ремонт бензиновых двигателей, Металлообработка, Ремонт дизельных двигателей, Сварочные работы;Ангарская улица, 133в;+77773703730 +77055498464 +77051898563 +77714562999;+77773703730;yes;;;instagram:https://instagram.com/masterkitofficial whatsapp:https://wa.me/77773703730 whatsapp:https://wa.me/77051898563 whatsapp:https://wa.me/77055498464;5;45;43.30819;76.911124;9429940001211508_Fpu1up1578G23HA72A4GGG0Gi5pz8p73G6G505A80A421819wpqt545B8J1A7G7G3JGC271JzinBuv7B884AA41233H335J1HHGJH0IB1548f
автосервис;G-Motors, автосервис;Легковой автосервис, Ремонт ходовой части автомобиля, Замена масла, Компьютерная диагностика автомобилей, Ремонт дизельных двигателей, Ремонт бензиновых двигателей, Ремонт АКПП, Ремонт выхлопных систем, Ремонт МКПП, Обслуживание автомобильных климатических систем, Развал-схождение, Антикоррозийная обработка авто;улица Ратушного, 60а;+77272516272 +77777774412 +77717793928;+77777774412;yes;;;whatsapp:https://wa.me/77777774412 whatsapp:https://wa.me/77717793928;4.9;39;43.287366;76.912379;9429940000787430_Fpu1up1578G23HA72A4GGG0Gi5pz8p73G6G505A80A997741wpqt545B8J1A7G7G3JGC271JzinBuv7B884AA41232H336J1HHGJH0IB154f6
автосервис;Хонда Сервис Гараж, автосервис;Легковой автосервис, Ремонт ходовой части автомобиля, Ремонт бензиновых двигателей, Обслуживание автомобильных климатических систем, Компьютерная диагностика автомобилей, Ремонт электронных систем авто, Ремонт рулевых реек;улица Кудерина, 65/1;+77015554504 +77777431043;+77015554504;yes;;;instagram:https://instagram.com/garage_clan_service whatsapp:https://wa.me/77015554504 whatsapp:https://wa.me/77777431043;4.9;81;43.269829;76.886582;70000001027216608_Fpu1up1578G23H8301I2GGG0i5pz8p73G6G505A80A931971wpqt545B8J1A7G7G3J0JB344zinBuv7B884A1013349H357HHHGJHG2IA1748A
автосервис;SCT SERVICE, сеть автосервисов и автомагазинов;Легковой автосервис, Ремонт ходовой части автомобиля, Замена масла, Шиномонтаж, Развал-схождение, Компьютерная диагностика автомобилей, Автохимия, Запчасти для легковых автомобилей, Обслуживание автомобильных климатических систем, Ремонт АКПП, Ремонт инжекторов;улица Утеген батыра, 124/1;+77272281211 +77005318833;+77005318833;yes;;http://www.sct.kz;whatsapp:https://wa.me/77005318833;4.9;437;43.238463;76.86007;70000001018256778_Fpu1up1578G23H8301I2GGG0i5pz8p73G6G505A80AA35988wpqt545B8J1A7G7G3J1JB344zinBuv7B884A1013339H358HHHGJHG3IA1744c
автосервис;Jetour Auto Trader, автосалон;Легковой автосервис, Продажа легковых автомобилей, Кузовной ремонт, Ремонт ходовой части автомобиля, Развал-схождение, Замена масла, Ремонт электронных систем авто;улица Желтоксан, 15 блок Б;+77010993003;+77014907798;yes;;http://autotrader.jetour-auto.kz;instagram:https://instagram.com/jetour.autotrader.almaty whatsapp:https://wa.me/77014907798;4.8;241;43.2711;76.937137;70000001062059663_Fpu1up1578G23H8301I2GGG0i5pz8p73G6G505A80A415C77wpqt545B8J1A7G7G3J0JB344zinBuv7B884A1013384H359HHHGJHG2IA17482
автосервис;Автосервис;Легковой автосервис, Ремонт рулевых реек, Ремонт ходовой части автомобиля, Компьютерная диагностика автомобилей, Запчасти для легковых автомобилей, Автомобильные аккумуляторы, Ремонт бензиновых двигателей, Ремонт дизельных двигателей, Ремонт карданных валов;проспект Райымбека, 312г;+77776410280;+77776410280;yes;;;whatsapp:https://wa.me/77776410280;4.6;14;43.256007;76.875376;70000001045682408_Fpu1up1578G23H8301I2GGG0i5pz8p73G6G505A80A778551wpqt545B8J1A7G7G3J0JB344zinBuv7B884A1013369H35AHHHGJHG2IA174h7
автосервис;SCT SERVICE, сеть автосервисов и автомагазинов;Легковой автосервис, Ремонт ходовой части автомобиля, Замена масла, Шиномонтаж, Развал-схождение, Компьютерная диагностика автомобилей, Автохимия, Ремонт бензиновых двигателей, Ремонт инжекторов;улица Уалиханова, 18;+77059318805;+77774775555;yes;;http://www.sct.kz;facebook:https://facebook.com/sct.kz whatsapp:https://wa.me/77774775555;4.9;252;43.268268;76.950452;70000001064205267_Fpu1up1578G23H8301I2GGG0i5pz8p73G6G505A80A630837wpqt545B8J1A7G7G3J1JB344zinBuv7B884A1013388H35BHHHGJHG3IA174A3
автосервис;S_Line Motors, автосервис;Легковой автосервис, Ремонт ходовой части автомобиля, Авторазбор, Ремонт бензиновых двигателей, Компьютерная диагностика автомобилей, Автомойки, Замена масла, Чистка ковров, Запчасти для легковых автомобилей;улица Омарова, 96в;+77089099946 +77011382424 +77078370787 +77471382424;+77011382424;yes;;;instagram:https://instagram.com/s_line_motors_almaty whatsapp:https://wa.me/77011382424 whatsapp:https://wa.me/77089099946 whatsapp:https://wa.me/77471382424;4.9;193;43.303676;76.927326;70000001035617087_Fpu1up1578G23H8301I2GGG0i5pz8p73G6G505A80A771A19wpqt545B8J1A7G7G3J0JB344zinBuv7B884A1013358H35CHHHGJHG2IA174A3
автосервис;Ali Avto, автосервис;Легковой автосервис, Ремонт ходовой части автомобиля, Ремонт дизельных двигателей, Ремонт бензиновых двигателей, Ремонт инжекторов, Ремонт гибридных автомобилей, Ремонт карбюраторов;Ташкентский тракт, 13/2д;+77073332075;+77073332075;yes;ali.avtooil@gmail.com;http://aliavtogroup.kz;instagram:https://instagram.com/ali_avto.group whatsapp:https://wa.me/77073332075;5;33;43.24003;76.811163;70000001093689050_Fpu1up1578G23H8301I2GGG0i5pz8p73G6G505A80A578C16wpqt545B8J1A7G7G3J0JB344zinBuv7B884A10133B1H363HHHGJHG2IA1743d
автосервис;ТехЦентр Valvoline, автосервис;Легковой автосервис, Ремонт ходовой части автомобиля, Автоаксессуары, Ремонт стартеров и генераторов, Обслуживание автомобильных климатических систем, Сварочные работы, Установка и ремонт автооптики, Ремонт карданных валов, Развал-схождение, Замена масла, Компьютерная диагностика автомобилей, Шиномонтаж, Ремонт бензиновых двигателей, Запчасти для легковых автомобилей, Ремонт электронных систем авто, Автохимия, Автомобильные аккумуляторы;микрорайон Аксай-4, 17Б;+77775527683 +77273909530;+77775527683;yes;office@valtec.kz;http://www.stovalvoline.kz;facebook:https://facebook.com/techcentervalvoline instagram:https://instagram.com/techcenter_valvoline whatsapp:https://wa.me/77775527683 telegram:https://t.me/+77775527683;4.9;188;43.233213;76.83552;9429940000834696_Fpu1up1578G23HA72A4GGG0Gi5pz8p73G6G505A80AA449A7wpqt545B8J1A7G7G3JGC271JzinBuv7B884AA41232H344J1HHGJH0IB154Cf
автосервис;Benz service, автосервис;Легковой автосервис, Ремонт ходовой части автомобиля, Обслуживание автомобильных климатических систем, Шиномонтаж, Замена масла, Компьютерная диагностика автомобилей, Ремонт электронных систем авто, Ремонт бензиновых двигателей;микрорайон Атырау, 1/1;+77089639668 +77711311156 +77717793906 +77083631852 +77754336674;+77089639668;yes;;;instagram:https://instagram.com/benzz.service whatsapp:https://wa.me/77089639668;5;52;43.295144;76.995985;70000001095533746_Fpu1up1578G23H8301I2GGG0i5pz8p73G6G505A80A763685wpqt545B8J1A7G7G3J0JB344zinBuv7B884A10133B7H365HHHGJHG2IA17468
автосервис;Auto Max, автосервис;Легковой автосервис, Ремонт ходовой части автомобиля, Кузовной ремонт, Развал-схождение, Замена масла, Ремонт бензиновых двигателей, Ремонт дизельных двигателей, Компьютерная диагностика автомобилей, Ремонт АКПП;улица Орджоникидзе, 225Б;+77015556622 +77775556622;+77015556622;yes;;http://www.auto-max.kz;instagram:https://instagram.com/automax_almaty02 whatsapp:https://wa.me/77015556622;4.9;174;43.319573;76.964703;9429940000924602_Fpu1up1578G23HA72A4GGG0Gi5pz8p73G6G505A80AB34913wpqt545B8J1A7G7G3JGC271JzinBuv7B884AA41232H346J1HHGJH0IB154f9
автосервис;SCT SERVICE, сеть автосервисов и автомагазинов;Легковой автосервис, Ремонт ходовой части автомобиля, Замена масла, Шиномонтаж, Развал-схождение, Компьютерная диагностика автомобилей, Автохимия, Автоаксессуары;проспект Назарбаева, 250;+77059318818;+77717419563;yes;;http://www.sct.kz;whatsapp:https://wa.me/77717419563;4.9;242;43.223456;76.954017;70000001080800562_Fpu1up1578G23H8301I2GGG0i5pz8p73G6G505A80A290367wpqt545B8J1A7G7G3J1JB344zinBuv7B884A10133A3H367HHHGJHG3IA174hA
автосервис;Romax, автосервис;Легковой автосервис, Запчасти для легковых автомобилей, Тюнинг, Ремонт бензиновых двигателей, Ремонт выхлопных систем, Ремонт дизельных двигателей, Ремонт ходовой части автомобиля, Развал-схождение, Автохимия, Фрезеровка неметаллов, Металлообработка, Замена масла;улица Желмая, 29;+77072221497 +77772221497 +77022221497;+77072221497;yes;;;vkontakte:https://vk.com/sto_romax instagram:https://instagram.com/romax_kz whatsapp:https://wa.me/77072221497 whatsapp:https://wa.me/77772221497;4.8;73;43.280987;76.98052;9429940000789763_Fpu1up1578G23HA72A4GGG0Gi5pz8p73G6G505A80A999A74wpqt545B8J1A7G7G3JGC271JzinBuv7B884AA41232H348J1HHGJH0IB15437
автосервис;SCT SERVICE, сеть автосервисов и автомагазинов;Легковой автосервис, Ремонт ходовой части автомобиля, Автоаксессуары, Автохимия, Обслуживание автомобильных климатических систем, Автомобильные аккумуляторы, Развал-схождение, Замена масла, Ремонт электронных систем авто, Компьютерная диагностика автомобилей, Шиномонтаж;улица Абылай хана, 18;+77273075363 +77772236001;+77273075363;;;http://www.sct.kz;;4.8;76;43.366416;76.866455;9429940000991089_Fpu1up1578G23HA72A4GGG0Gi5pz8p73G6G505A80ABA139Awpqt545B8J1A7G7G3JGC271JzinBuv7B884AA41232H349J2HHGJH1IB154fB
автосервис;MBshop Service, автосервис;Легковой автосервис, Ремонт бензиновых двигателей, Компьютерная диагностика автомобилей, Ремонт ходовой части автомобиля, Замена масла, Ремонт стартеров и генераторов, Обслуживание автомобильных климатических систем;проспект Абая, 159/2а;+77010535511;+77010535511;yes;;;instagram:https://instagram.com/mbshop.kz whatsapp:https://wa.me/77010535511;5;80;43.239832;76.886924;70000001058987209_Fpu1up1578G23H8301I2GGG0i5pz8p73G6G505A80AAA8A31wpqt545B8J1A7G7G3J0JB344zinBuv7B884A101337AH36AHHHGJHG2IA174Ae
автосервис;Pro car service, автосервис;Легковой автосервис, Авторазбор, Ремонт ходовой части автомобиля, Ремонт АКПП, Ремонт бензиновых двигателей, Ремонт дизельных двигателей, Ремонт стартеров и генераторов, Запчасти для легковых автомобилей;улица Ратушного, 51;+77771222228 +77017033700 +77773888889 +77054777754;+77771222228;yes;;;whatsapp:https://wa.me/77771222228 whatsapp:https://wa.me/77773888889;4.6;21;43.287837;76.913696;70000001029202626_Fpu1up1578G23H8301I2GGG0i5pz8p73G6G505A80AB30573wpqt545B8J1A7G7G3J0JB344zinBuv7B884A1013347H36BHHHGJHG2IA174hg
автосервис;Farrukh Service, автосервис;Легковой автосервис, Ремонт ходовой части автомобиля, Ремонт АКПП, Ремонт бензиновых двигателей, Компьютерная диагностика автомобилей, Ремонт электронных систем авто;улица Айша-Биби, 379/2;+77078246420 +77028746968;+77028746968;yes;;;instagram:https://instagram.com/farrukh.service whatsapp:https://wa.me/77028746968 whatsapp:https://wa.me/77078246420;4.9;55;43.297789;76.973623;70000001092799769_Fpu1up1578G23H8301I2GGG0i5pz8p73G6G505A80A489C87wpqt545B8J1A7G7G3J0JB344zinBuv7B884A10133BAH36CHHHGJHG2IA174g3
автосервис;Rti Service, автосервис;Легковой автосервис, Ремонт ходовой части автомобиля, Ремонт бензиновых двигателей, Тюнинг, Ремонт инжекторов, Замена масла, Ремонт электронных систем авто, Компьютерная диагностика автомобилей, Ремонт МКПП;микрорайон Айнабулак-2, 82/1;+77077776151;+77077776151;yes;;;instagram:https://instagram.com/rti_service whatsapp:https://wa.me/77077776151 whatsapp:https://wa.me/77057122286;5;89;43.317436;76.917812;70000001042316279_Fpu1up1578G23H8301I2GGG0i5pz8p73G6G505A80A441938wpqt545B8J1A7G7G3J0JB344zinBuv7B884A101336AH374HHHGJHG2IA174g1
автосервис;Anas, автосервис;Легковой автосервис, Ремонт ходовой части автомобиля, Ремонт бензиновых двигателей, Ремонт стартеров и генераторов, Ремонт электронных систем авто;проспект Турара Рыскулова, 32;+77751970801 +77051328080;+77751970801;yes;;;whatsapp:https://wa.me/77751970801 whatsapp:https://wa.me/77051328080;4.9;54;43.292803;76.937329;70000001094434904_Fpu1up1578G23H8301I2GGG0i5pz8p73G6G505A80A6537A1wpqt545B8J1A7G7G3J0JB344zinBuv7B884A10133B5H375HHHGJHG2IA17492
автосервис;BMService, автосервис;Легковой автосервис, Ремонт ходовой части автомобиля, Замена масла, Обслуживание автомобильных климатических систем, Компьютерная диагностика автомобилей, Установка и ремонт автостёкол;улица Шемякина, 54;+77076358437;+77076358437;yes;;;instagram:https://instagram.com/bmservice_almaty whatsapp:https://wa.me/77076358437;4.9;69;43.290166;76.961924;70000001055248757_Fpu1up1578G23H8301I2GGG0i5pz8p73G6G505A80A734B86wpqt545B8J1A7G7G3J0JB344zinBuv7B884A1013378H378HHHGJHG2IA17469
автосервис;Daim, автосервис;Легковой автосервис, Ремонт ходовой части автомобиля, Ремонт дизельных двигателей, Ремонт бензиновых двигателей, Ремонт электронных систем авто, Ремонт АКПП;улица Жайлы, 1;+77016660455 +77000666045;+77016660455;yes;;;whatsapp:https://wa.me/77016660455;4.9;82;43.264042;76.861049;70000001101733892_Fpu1up1578G23H8301I2GGG0i5pz8p73G6G505A80A38369Awpqt545B8J1A7G7G3J0JB344zinBuv7B884A1013423H379HHHGJHG2IA17466
автосервис;AutoPapa, автосервис;Легковой автосервис, Ремонт ходовой части автомобиля, Развал-схождение, Ремонт электронных систем авто, Замена масла, Компьютерная диагностика автомобилей, Ремонт инжекторов;микрорайон Баянауыл, 60;+77003339245;+77003339245;yes;info@avto-papa.kz;http://autopapa.kz;instagram:https://instagram.com/autopapakz whatsapp:https://wa.me/77003339245;4.9;156;43.237853;76.820742;70000001057006441_Fpu1up1578G23H8301I2GGG0i5pz8p73G6G505A80A910955wpqt545B8J1A7G7G3J1JB344zinBuv7B884A1013372H37AHHHGJHG3IA174he
автосервис;222, автосервис;Легковой автосервис, Ремонт стартеров и генераторов, Автозвук, Ремонт электронных систем авто, Компьютерная диагностика автомобилей, Ремонт ходовой части автомобиля, Ремонт бензиновых двигателей, Развал-схождение, Ремонт выхлопных систем, Ультразвуковая мойка деталей, Ремонт дизельных двигателей;улица Тлендиева, 222;+77017207001;+77017207001;yes;;;whatsapp:https://wa.me/77017207001;5;53;43.237249;76.875293;70000001020514100_Fpu1up1578G23H8301I2GGG0i5pz8p73G6G505A80A261721wpqt545B8J1A7G7G3J0JB344zinBuv7B884A1013341H37BHHHGJHG2IA174f1
автосервис;Haval Qalqaman Almaty, автосалон;Легковой автосервис, Продажа легковых автомобилей, Антикоррозийная обработка авто, Замена масла, Компьютерная диагностика автомобилей, Обслуживание автомобильных климатических систем, Переоборудование автомобилей, Развал-схождение, Ремонт АКПП, Ремонт МКПП, Ремонт ходовой части автомобиля, Ремонт электронных систем авто, Тонирование автостёкол, Тюнинг, Ремонт выхлопных систем, Ремонт рулевых реек, Ремонт карданных валов, Ремонт стартеров и генераторов, Ремонт турбин, Кузовной ремонт;проспект Райымбека, 548/2;+77780254312;+77014672373;yes;callcenter@nomadcar.kz;http://haval-qalqaman.kz/?utm_source=2gis;instagram:https://instagram.com/haval_almaty whatsapp:https://wa.me/77014672373;4.8;207;43.232752;76.794721;70000001090678917_Fpu1up1578G23H8301I2GGG0i5pz8p73G6G505A80A277BA2wpqt545B8J1A7G7G3J0JB344zinBuv7B884A10133B8H37CHHHGJHG2IA174g1
автосервис;Car-Doctor, пункт замены масла и автосервис;Легковой автосервис, Автоаксессуары, Автохимия, Замена масла, Пошив автоковров, Компьютерная диагностика автомобилей, Развал-схождение, Ремонт ходовой части автомобиля, Шиномонтаж;улица Жандосова, 2в;+77000070020 +77003012121;+77003012121;yes;;http://www.car-doctor.kz;facebook:https://facebook.com/Cardoctorkz instagram:https://instagram.com/cardoctor_qaskelen whatsapp:https://wa.me/77003012121;4.9;223;43.199108;76.843665;70000001065096094_luwDtg1578G23H8301I2GGG017uixd73G6G505A80A71991Awpqt545BAJ1A9G7G4J0JB344D3y5uv7B884A1013385H433HHHGJHG2IA174d2
автосервис;Suleon service, автосервис;Легковой автосервис, Замена масла, Ремонт электронных систем авто, Компьютерная диагностика автомобилей, Русификация, Навигационное оборудование, Запчасти для легковых автомобилей, Ремонт электроавтомобилей, Ремонт ходовой части автомобиля, Кузовной ремонт, Автоаксессуары, Ремонт гибридных автомобилей;улица Прокофьева, 244;+77007231992 +77077752224 +77004572005 +77077810099;+77077810099;yes;;http://have.kz http://suleon.parts;instagram:https://instagram.com/suleon.parts whatsapp:https://wa.me/77077810099;4.6;13;43.236113;76.876777;70000001109984911_luwDtg1578G23H8301I1GGG017uixd73G6G505A80ABA87A2wpqt545BAJ1A9G7G4J0JB344D3y5uv7B884A1013422H434HHHGJHG2IA174h9
автосервис;Haval Kuldzhinka, мультибрендовый автоцентр;Легковой автосервис, Продажа легковых автомобилей, Запчасти для грузовых авто, Автоаксессуары, Ремонт АКПП, Ремонт бензиновых двигателей, Обслуживание автомобильных климатических систем, Хранение шин, Детейлинг, Автосигнализации, Развал-схождение, Шиномонтаж, Шины и диски, Тонирование автостёкол, Автозвук, Автохимия, Ремонт выхлопных систем, Ремонт электронных систем авто, Компьютерная диагностика автомобилей;Кульджинский тракт, 100/1;+77750970820 +77750970821;+77750970820;;m.resaptionhaval@mycar.kz;http://haval-kuldzhinka.kz/ru/?utm_source=2gis&utm_medium=cpa;instagram:https://instagram.com/haval_kuldzhinka;4.9;130;43.311933;77.020327;70000001065418147_luwDtg1578G23H8301I2GGG017uixd73G6G505A80A751B25wpqt545BAJ1A9G7G4J1JB344D3y5uv7B884A1013388H435HHHGJHG3IA17473
автосервис;АвтоСпец, автосервис;Легковой автосервис, Запчасти для легковых автомобилей, Замена масла, Ремонт АКПП, Ремонт бензиновых двигателей, Ремонт ходовой части автомобиля, Компьютерная диагностика автомобилей, Обслуживание автомобильных климатических систем, Ремонт дизельных двигателей, Ремонт МКПП, Ремонт гибридных автомобилей;улица Жубанова, 5/3;+77475828896 +77789990607;+77475828896;yes;;;instagram:https://instagram.com/auto.spec.kz whatsapp:https://wa.me/77475828896;4.8;64;43.236234;76.856116;70000001064925302_luwDtg1578G23H8301I2GGG017uixd73G6G505A80A6A2841wpqt545BAJ1A9G7G4J0JB344D3y5uv7B884A1013383H436HHHGJHG2IA174A6
автосервис;Лидер, автосервис;Легковой автосервис, Ремонт ходовой части автомобиля, Развал-схождение, Ремонт дизельных двигателей, Ремонт бензиновых двигателей, Ремонт выхлопных систем;улица Жансугурова, 107;+77772702071 +77474295450;+77772702071;;;;;4.7;91;43.426884;77.024771;9429940001278707_luwDtg1578G23HA72A4GGG0G17uixd73G6G505A80A488A18wpqt545BAJ1A9G7G4JGC271JD3y5uv7B884AA41233H417J1HHGJH0IB15452
автосервис;Ti detailing & Autoservice, автосервис;Детейлинг, Кузовной ремонт, Тюнинг, Тонирование автостёкол, Установка и ремонт автооптики;улица Торекулова, 80;+77051171144;+77051171144;yes;;http://ti-detailing.com;instagram:https://instagram.com/ti_detailing_studio whatsapp:https://wa.me/77051171144;4.9;371;43.265258;76.926474;70000001062383306_luwDtg1578G23H8301IG0GGG17uixd73G6G505A80A448641wpqt545BAJ1A9G7G4J0JI62JD3y5uv7B884A1013387H438HHHG3Hf9
автосервис;Dialog, автосервис;Легковой автосервис, Развал-схождение, Ремонт ходовой части автомобиля, Ремонт бензиновых двигателей, Обслуживание автомобильных климатических систем, Компьютерная диагностика автомобилей, Ремонт электронных систем авто, Замена масла, Переоборудование автомобилей;улица Таштитова, 62;+77070303050 +77070303055 +77087123710 +77713000986 +77715528575;+77713000986;yes;;;instagram:https://instagram.com/dialog_a_s whatsapp:https://wa.me/77713000986 whatsapp:https://wa.me/77070303050 whatsapp:https://wa.me/77087123710 telegram:https://t.me/+77087123710;5;47;43.318337;76.959763;70000001039913298_luwDtg1578G23H8301I2GGG017uixd73G6G505A80ABA163Awpqt545BAJ1A9G7G4J0JB344D3y5uv7B884A1013359H439HHHGJHG2IA17442
автосервис;Performance, автосервис;Легковой автосервис, Шиномонтаж, Развал-схождение, Обслуживание автомобильных климатических систем, Ремонт бензиновых двигателей, Ремонт выхлопных систем, Ремонт инжекторов, Ремонт стартеров и генераторов, Ремонт ходовой части автомобиля, Ремонт электронных систем авто, Замена масла, Установка и ремонт автооптики, Компьютерная диагностика автомобилей, Ремонт рулевых реек;улица Бокейханова, 124а;+77776860888 +77076119450 +77074688829;+77776860888;yes;;http://performanceauto.kz;instagram:https://instagram.com/performance_avtoservice whatsapp:https://wa.me/77776860888 whatsapp:https://wa.me/77076119450 whatsapp:https://wa.me/77074688829;4.9;98;43.272847;76.909849;70000001081227113_luwDtg1578G23H8301I2GGG017uixd73G6G505A80A332A22wpqt545BAJ1A9G7G4J0JB344D3y5uv7B884A10133A4H43AHHHGJHG2IA174A6
автосервис;Usta Toyota & Lexus, автосервис;Легковой автосервис, Ремонт стартеров и генераторов, Ремонт дизельных двигателей, Ремонт бензиновых двигателей, Замена масла, Компьютерная диагностика автомобилей, Ремонт МКПП, Развал-схождение, Ремонт ходовой части автомобиля, Ремонт электронных систем авто, Ремонт гибридных автомобилей, Ремонт инжекторов, Ремонт рулевых реек, Ремонт турбин, Ремонт карданных валов, Ремонт подушек безопасности;проспект Турара Рыскулова, 53а;+77021877077 +77071877077;+77021877077;yes;;;whatsapp:https://wa.me/77021877077;4.9;67;43.290005;76.926113;70000001021705845_luwDtg1578G23H8301I2GGG017uixd73G6G505A80A380895wpqt545BAJ1A9G7G4J0JB344D3y5uv7B884A1013346H43BHHHGJHG2IA17438
автосервис;Changan Almaty, автоцентр;Легковой автосервис, Запчасти для легковых автомобилей, Ремонт ходовой части автомобиля, Обслуживание автомобильных климатических систем, Ремонт бензиновых двигателей, Ремонт электронных систем авто, Замена масла, Установка и ремонт автостёкол, Кузовной ремонт, Автостекло, Компьютерная диагностика автомобилей, Развал-схождение;проспект Суюнбая, 66г;+77479150082 +77273821502;+77077777171;yes;;http://changan-almaty.kz/ru http://changan-auto.kz;instagram:https://instagram.com/changan.almaty whatsapp:https://wa.me/77077777171 whatsapp:https://wa.me/77477149400 whatsapp:https://wa.me/77479150082;4.4;150;43.282184;76.94747;9429940000935173_luwDtg1578G23HA72A4GGG0G17uixd73G6G505A80AB45484wpqt545BAJ1A9G7G4JGC271JD3y5uv7B884AA41232H41CJ1HHGJH0IB154fd
автосервис;The One service, автосервис;Легковой автосервис, Шиномонтаж, Автоаксессуары, Детейлинг, Замена масла, Ремонт ходовой части автомобиля, Ремонт дизельных двигателей, Ремонт бензиновых двигателей, Автозвук, Запчасти для легковых автомобилей, Развал-схождение, Кузовной ремонт;проспект Турара Рыскулова, 53г;+77000394949 +77000384848 +77072343725;+77000394949;yes;;http://www.tiktok.com/@monza.club.kaz;instagram:https://instagram.com/monzaclubkaz whatsapp:https://wa.me/77000394949 whatsapp:https://wa.me/77072343725 whatsapp:https://wa.me/77000384848;4.9;35;43.290629;76.92666;70000001099957697_luwDtg1578G23H8301I2GGG017uixd73G6G505A80ABA5A7Awpqt545BAJ1A9G7G4J0JB344D3y5uv7B884A10133B8H443HHHGJHG2IA17439
автосервис;EXPERT OIL SERVICE + UNITED OIL, №4, сеть пунктов замены масел и автомагазинов;Легковой автосервис, Замена масла, Автохимия, Автомобильные аккумуляторы, Запчасти для легковых автомобилей, Компьютерная диагностика автомобилей, Развал-схождение, Ремонт стартеров и генераторов, Ремонт бензиновых двигателей, Ремонт дизельных двигателей, Ремонт электронных систем авто, Ремонт выхлопных систем, Ремонт АКПП, Ремонт МКПП, Автоаксессуары, Ремонт инжекторов, Обслуживание автомобильных климатических систем, Установка и ремонт автостёкол, Обслуживание климатического оборудования для помещений;проспект Сейфуллина, 260а;+77022028200 +77009787000104 +77014006070;+77009787000;yes;info@expertoil.kz;http://www.expertoil.kz;vkontakte:https://vk.com/expertoilalmaty facebook:https://facebook.com/expertoilkz whatsapp:https://wa.me/77009787000;4.9;516;43.292294;76.940675;9429940000934277_luwDtg1578G23HA72A4GGG0G17uixd73G6G505A80AB44588wpqt545BAJ1A9G7G4JGC271JD3y5uv7B884AA41232H424J2HHGJH1IB154Ad
автосервис;Gdi Service, ​автосервис;Легковой автосервис, Газовое оборудование для авто, Ремонт электронных систем авто, Замена масла, Ремонт АКПП, Ремонт бензиновых двигателей, Обслуживание автомобильных климатических систем, Ремонт гибридных автомобилей, Ремонт инжекторов, Ремонт стартеров и генераторов, Ремонт турбин, Ремонт ходовой части автомобиля, Компьютерная диагностика автомобилей;проспект Турара Рыскулова, 139в;+77082034858;+77082034858;yes;;;instagram:https://instagram.com/gdi.service.ala whatsapp:https://wa.me/77082034858;4.8;40;43.254441;76.838658;70000001082586028_luwDtg1578G23H8301I2GGG017uixd73G6G505A80A468913wpqt545BAJ1A9G7G4J0JB344D3y5uv7B884A10133A9H445HHHGJHG2IA17482
автосервис;Octane, автосервис;Легковой автосервис, Ремонт инжекторов, Ремонт бензиновых двигателей, Компьютерная диагностика автомобилей, Ремонт дизельных двигателей, Замена масла;улица Грановского, 34;+77479900272;+77479900272;yes;;http://octane.kz http://jivo.chat/JgeIjENugs;instagram:https://instagram.com/octane.kz whatsapp:https://wa.me/77479900272 telegram:https://t.me/+77479900272;4.9;148;43.253819;76.866939;70000001047201857_luwDtg1578G23H8301I2GGG017uixd73G6G505A80A930496wpqt545BAJ1A9G7G4J0JB344D3y5uv7B884A1013368H446HHHGJHG2IA17439
автосервис;Казшинкомплект, автосервис;Легковой автосервис, Ремонт бензиновых двигателей, Ремонт ходовой части автомобиля, Ремонт стартеров и генераторов, Кузовной ремонт, Развал-схождение, Шиномонтаж, Хранение шин, Замена масла;улица Актюбинская, 18Б;+77273025607 +77072783555;+77072783555;yes;;http://kazshinkomplekt.kz;vkontakte:https://vk.com/kskservice instagram:https://instagram.com/kazshinkomplekt.service whatsapp:https://wa.me/77072783555;4.9;140;43.218549;76.882726;9429940001520684_luwDtg1578G23HA72A4GGG0G17uixd73G6G505A80A730995wpqt545BAJ1A9G7G4JGC271JD3y5uv7B884AA41233H427J1HHGJH0IB154dB
автосервис;EXPERT OIL SERVICE + UNITED OIL, №7, Сеть пунктов замены масел и автомагазинов;Легковой автосервис, Автохимия, Замена масла, Автомобильные аккумуляторы, Обслуживание автомобильных климатических систем, Запчасти для легковых автомобилей, Обслуживание климатического оборудования для помещений;Щепеткова улица, 117;+77009787000107;+77009787000;yes;info@expertoil.kz;http://www.expertoil.kz;vkontakte:https://vk.com/expertoilalmaty facebook:https://facebook.com/expertoilkz whatsapp:https://wa.me/77009787000;4.9;283;43.230184;76.872075;70000001019930207_luwDtg1578G23H8301I2GGG017uixd73G6G505A80ABA3331wpqt545BAJ1A9G7G4J1JB344D3y5uv7B884A1013338H448HHHGJHG3IA17496
автосервис;Smart Technology Service, автосервис;Легковой автосервис, Запчасти для легковых автомобилей, Компьютерная диагностика автомобилей, Ремонт бензиновых двигателей, Ремонт электронных систем авто, Обслуживание автомобильных климатических систем, Замена масла, Ремонт ходовой части автомобиля, Ремонт стартеров и генераторов, Авторазбор, Контрактные автозапчасти, Ремонт дизельных двигателей, Ремонт дизельной топливной системы, Ремонт выхлопных систем, Ремонт гибридных автомобилей, Ремонт рулевых реек, Ремонт турбин, Ремонт подушек безопасности;улица Байтурсынова, 27д;+77474969212;+77474969212;yes;;http://sts-autoservice.kz;whatsapp:https://wa.me/77474969212;4.8;239;43.255679;76.924176;70000001082742630_luwDtg1578G23H8301I2GGG017uixd73G6G505A80A484574wpqt545BAJ1A9G7G4J0JB344D3y5uv7B884A10133A1H449HHHGJHG2IA17499
автосервис;TVS Company Kazakhstan, СТО;Легковой автосервис, Кузовной ремонт, Ремонт стартеров и генераторов, Ремонт ходовой части автомобиля, Ремонт дизельных двигателей, Ремонт бензиновых двигателей, Компьютерная диагностика автомобилей, Ремонт электронных систем авто, Обслуживание автомобильных климатических систем, Автосигнализации, Грузовой автосервис, Ремонт выхлопных систем, Антикоррозийная обработка авто, Сварочные работы, Ремонт инжекторов, Установка и ремонт автооптики;проспект Суюнбая, 407/1;+77072780009 +77071848481 +77272427277 +77771301749 +77078111032;+77072780009;yes;;;instagram:https://instagram.com/tvs.avtoservice whatsapp:https://wa.me/77072780009;4.9;64;43.345276;76.968533;70000001021300036_luwDtg1578G23H8301I2GGG017uixd73G6G505A80A340314wpqt545BAJ1A9G7G4J0JB344D3y5uv7B884A1013347H44AHHHGJHG2IA174e6
автосервис;99 Garage, пункт замены масла;Легковой автосервис, Замена масла, Ремонт ходовой части автомобиля, Компьютерная диагностика автомобилей, Ремонт бензиновых двигателей, Обслуживание автомобильных климатических систем, Ремонт выхлопных систем, Ремонт гибридных автомобилей;Кульджинский тракт, 40;+77065190707;+77083940501;yes;;;whatsapp:https://wa.me/77083940501 instagram:https://instagram.com/99garage.service;4.9;29;43.29039;76.990078;70000001110077685_luwDtg1578G23H8301I2GGG017uixd73G6G505A80A217A79wpqt545BAJ1A9G7G4J0JB344D3y5uv7B884A1013436H44BHHHGJHG2IA1745e
автосервис;Favorit, автосервис;Легковой автосервис, Автохимия, Кузовной ремонт, Компьютерная диагностика автомобилей, Развал-схождение, Ремонт бензиновых двигателей, Ремонт ходовой части автомобиля, Замена масла, Шиномонтаж, Автомобильные аккумуляторы, Обслуживание автомобильных климатических систем, Ремонт АКПП, Ремонт МКПП;Илийский тракт, 10;+77076707121;+77076707121;;;;instagram:https://instagram.com/favorit_autoservice;4.8;79;43.368608;76.991888;70000001049293682_luwDtg1578G23H8301I2GGG017uixd73G6G505A80AB39679wpqt545BAJ1A9G7G4J0JB344D3y5uv7B884A1013363H44CHHHGJHG2IA17421
автосервис;Cord, автосервис;Легковой автосервис, Ремонт ходовой части автомобиля, Компьютерная диагностика автомобилей, Ремонт электронных систем авто, Ремонт бензиновых двигателей, Ремонт АКПП, Обслуживание автомобильных климатических систем, Замена масла, Развал-схождение;улица Кабдолова, 12;+77717793901 +77077793905;+77717793901;yes;;http://www.cord.kz;instagram:https://instagram.com/cord_avtoservice whatsapp:https://wa.me/77717793901 whatsapp:https://wa.me/77077793905;4.3;64;43.236592;76.855397;70000001032425008_luwDtg1578G23H8301I2GGG017uixd73G6G505A80A452811wpqt545BAJ1A9G7G4J0JB344D3y5uv7B884A1013359H453HHHGJHG2IA174B8
автосервис;Айнабулак авто, СТО;Легковой автосервис, Ремонт бензиновых двигателей, Ремонт ходовой части автомобиля, Замена масла, Развал-схождение, Компьютерная диагностика автомобилей, Ремонт выхлопных систем, Ремонт инжекторов;микрорайон Айнабулак-1, 13/1;+77272518197;+77272518197;;;;;4.9;74;43.324501;76.908254;70000001054855678_luwDtg1578G23H8301I2GGG017uixd73G6G505A80A695878wpqt545BAJ1A9G7G4J0JB344D3y5uv7B884A1013379H454HHHGJHG2IA174fA
автосервис;Avrora, комплекс;Легковой автосервис, Ремонт ходовой части автомобиля, Автомойки, Автохимия, Автоаксессуары, Шиномонтаж, Обслуживание автомобильных климатических систем, Запчасти для легковых автомобилей, Ремонт бензиновых двигателей, Ремонт дизельных двигателей, Установка и ремонт автооптики, Замена масла, Развал-схождение, Хранение шин;улица Индустриальная, 41/5;+77083747557 +77079528800;+77083747557;yes;;;instagram:https://instagram.com/avrora_kompleks whatsapp:https://wa.me/77083747557;4.8;85;43.893475;77.07736;70000001040693243_luwDtg1578G23H8301I2GGG017uixd73G6G505A80A279635wpqt545BAJ1A9G7G4J0JB344D3y5uv7B884A1013364H455HHHGJHG2IA17498
автосервис;Road, СТО;Легковой автосервис, Автохимия, Замена масла, Ремонт ходовой части автомобиля, Кузовной ремонт, Ремонт стартеров и генераторов, Ремонт бензиновых двигателей, Шиномонтаж, Ремонт МКПП, Ремонт электронных систем авто, Ремонт выхлопных систем, Компьютерная диагностика автомобилей, Обслуживание автомобильных климатических систем, Автоаксессуары;микрорайон Мамыр-4, 81;+77273800236;+77273800236;;;;;4.7;119;43.217656;76.852505;9429940001359427_luwDtg1578G23HA72A4GGG0G17uixd73G6G505A80A569738wpqt545BAJ1A9G7G4JGC271JD3y5uv7B884AA41233H436J1HHGJH0IB15484
автосервис;Zapchasti.kz, центр автомагазина и автосервиса;Легковой автосервис, Запчасти для легковых автомобилей, Автомобильные аккумуляторы, Автохимия, Шиномонтаж, Автоаксессуары, Замена масла, Развал-схождение, Ремонт ходовой части автомобиля, Ремонт МКПП, Ремонт АКПП, Ремонт стартеров и генераторов, Ремонт бензиновых двигателей, Отогрев автомобилей, Ремонт выхлопных систем, Компьютерная диагностика автомобилей, Установка и ремонт автооптики, Обслуживание автомобильных климатических систем, Переоборудование автомобилей, Тонирование стёкол зданий, Детейлинг, Кузовной ремонт, Установка и ремонт автостёкол;проспект Райымбека, 251/2;+77272221313 +77717788886 +77071955167;+77717788886;yes;;http://zapchasti.kz;facebook:https://facebook.com/www.zapchasti.kz instagram:https://instagram.com/www_zapchasti.kz whatsapp:https://wa.me/77717788886 whatsapp:https://wa.me/77071955167 telegram:https://t.me/+77717788886 whatsapp:https://wa.me/77477788886 whatsapp:https://wa.me/77059999609;4.7;315;43.263064;76.896622;70000001027461608_luwDtg1578G23H8301I2GGG017uixd73G6G505A80A956471wpqt545BAJ1A9G7G4J0JB344D3y5uv7B884A1013349H457HHHGJHG2IA174Ab
автосервис;Vag Performance, автосервис;Легковой автосервис, Ремонт ходовой части автомобиля, Ремонт электроавтомобилей, Ремонт электронных систем авто, Ремонт бензиновых двигателей;проспект Райымбека, 486Б/1;+77079330105;+77079330105;yes;;;instagram:https://instagram.com/vag.performance whatsapp:https://wa.me/77079330105;5;45;43.247392;76.846779;70000001065616136_luwDtg1578G23H8301I2GGG017uixd73G6G505A80A771924wpqt545BAJ1A9G7G4J0JB344D3y5uv7B884A1013387H458HHHGJHG2IA174c6
автосервис;ProStock Autoservice, автосервис;Легковой автосервис, Ремонт бензиновых двигателей, Ремонт ходовой части автомобиля, Ремонт МКПП, Запчасти для легковых автомобилей, Замена масла, Компьютерная диагностика автомобилей, Ремонт АКПП;улица Свердлова, 48;+77756577777 +77077927770;+77756577777;yes;;http://prostock.kz;instagram:https://instagram.com/prostock.kz facebook:https://facebook.com/prostockautoservice.kz whatsapp:https://wa.me/77756577777 whatsapp:https://wa.me/77077927770;5;46;43.32082;76.96931;9429940001520129_luwDtg1578G23HA72A4GGG0G17uixd73G6G505A80A73043Awpqt545BAJ1A9G7G4JGC271JD3y5uv7B884AA41233H439J1HHGJH0IB154hA
автосервис;Самат, автосервис;Легковой автосервис, Обслуживание автомобильных климатических систем, Ремонт дизельных двигателей, Ремонт бензиновых двигателей, Ремонт выхлопных систем, Ремонт инжекторов, Ремонт стартеров и генераторов, Ремонт ходовой части автомобиля, Ремонт МКПП, Ремонт АКПП, Шиномонтаж;улица Тлендиева, 196;+77471074251;+77471074251;yes;;;whatsapp:https://wa.me/77471074251;4.9;41;43.239687;76.874198;70000001101404441_luwDtg1578G23H8301I2GGG017uixd73G6G505A80A350755wpqt545BAJ1A9G7G4J0JB344D3y5uv7B884A1013422H45AHHHGJHG2IA1743e
автосервис;EXPERT OIL SERVICE + UNITED OIL, №11, Сеть пунктов замены масел и автомагазинов;Легковой автосервис, Замена масла, Автохимия, Автомобильные аккумуляторы, Запчасти для легковых автомобилей, Обслуживание автомобильных климатических систем, Ремонт инжекторов;микрорайон Сайран, 18а;+77009787000111;+77009787000;yes;info@expertoil.kz;http://www.expertoil.kz;vkontakte:https://vk.com/expertoilalmaty facebook:https://facebook.com/expertoilkz whatsapp:https://wa.me/77009787000 instagram:https://instagram.com/expertoil.almaty;4.9;231;43.235696;76.863176;70000001032843071_luwDtg1578G23H8301I2GGG017uixd73G6G505A80A494618wpqt545BAJ1A9G7G4J1JB344D3y5uv7B884A1013352H45BHHHGJHG3IA174f5
автосервис;Sk AutoService, автосервис;Легковой автосервис, Ремонт ходовой части автомобиля, Компьютерная диагностика автомобилей, Замена масла, Обслуживание автомобильных климатических систем, Ремонт бензиновых двигателей, Ремонт электронных систем авто, Ремонт дизельных двигателей;улица Пушкина, 123/1;+77717793933 +77717793960;+77717793933;yes;;http://skservicekz.tilda.ws/;instagram:https://instagram.com/sk_autoservice_bmw whatsapp:https://wa.me/77717793933 whatsapp:https://wa.me/77717793960;5;48;43.24747;76.954359;70000001096827744_luwDtg1578G23H8301I2GGG017uixd73G6G505A80A892A85wpqt545BAJ1A9G7G4J0JB344D3y5uv7B884A10133B5H463HHHGJHG2IA17489
автосервис;Chery Kuldzhinka, мультибрендовый автоцентр;Легковой автосервис, Продажа легковых автомобилей, Запчасти для грузовых авто, Автоаксессуары, Ремонт АКПП, Ремонт бензиновых двигателей, Обслуживание автомобильных климатических систем, Хранение шин, Детейлинг, Автосигнализации, Развал-схождение, Шиномонтаж, Шины и диски, Тонирование автостёкол, Автозвук, Автохимия, Ремонт выхлопных систем, Ремонт электронных систем авто, Компьютерная диагностика автомобилей;Кульджинский тракт, 100/1;+77750970721 +77750970722;+77750970721;;reception.chery@mycar.kz;http://chery-kuldzhinka.kz;instagram:https://instagram.com/chery_kuldzhinka;4.9;228;43.311722;77.019949;70000001065418438_luwDtg1578G23H8301I2GGG017uixd73G6G505A80A751B54wpqt545BAJ1A9G7G4J1JB344D3y5uv7B884A1013389H464HHHGJHG3IA174A5
автосервис;Мотор, автоцентр;Легковой автосервис, Запчасти для легковых автомобилей, Автохимия, Замена масла, Ремонт ходовой части автомобиля, Автоаксессуары, Обслуживание автомобильных климатических систем, Ремонт инжекторов, Ремонт бензиновых двигателей;улица Кабилова, 58;+77273291389 +77770905434;+77770905434;yes;;http://www.motor-m.kz;instagram:https://instagram.com/avtomagazinmotor whatsapp:https://wa.me/77770905434 telegram:https://t.me/avtomagazinmotor;4.9;53;43.285351;76.977743;70000001021951866_luwDtg1578G23H8301I2GGG017uixd73G6G505A80A3A5497wpqt545BAJ1A9G7G4J0JB344D3y5uv7B884A1013347H465HHHGJHG2IA174ee
автосервис;Bavaria Pro.Dos, автосервис;Легковой автосервис, Ремонт бензиновых двигателей, Ремонт ходовой части автомобиля, Обслуживание автомобильных климатических систем, Ремонт электроавтомобилей;микрорайон Аскартау, 8а;+77471860000;+77471860000;yes;;;whatsapp:https://wa.me/77471860000;5;19;43.196781;76.927983;70000001103686768_luwDtg1578G23H8301I2GGG017uixd73G6G505A80A578987wpqt545BAJ1A9G7G4J0JB344D3y5uv7B884A1013429H466HHHGJHG2IA17456
автосервис;Allur, официальный сервисный партнер;Легковой автосервис, Запчасти для легковых автомобилей, Автоаксессуары, Автохимия, Шины и диски, Кузовной ремонт, Компьютерная диагностика автомобилей, Обслуживание автомобильных климатических систем, Ремонт АКПП, Ремонт стартеров и генераторов, Ремонт ходовой части автомобиля, Ремонт электронных систем авто, Замена масла;проспект Суюнбая, 159а;+5588;+77023205522;yes;;;facebook:https://facebook.com/MitsubishiAlmaty whatsapp:https://wa.me/77023205522 telegram:https://t.me/allur_auto;4;138;43.29665;76.949221;9429940001125492_luwDtg1578G23HA72A4GGG0G17uixd73G6G505A80A3357A3wpqt545BAJ1A9G7G4JGC271JD3y5uv7B884AA41233H447J1HHGJH0IB15497
автосервис;Honda Service, автосервис;Легковой автосервис, Запчасти для легковых автомобилей, Замена масла, Ремонт ходовой части автомобиля, Ремонт бензиновых двигателей, Компьютерная диагностика автомобилей, Ремонт карданных валов, Ремонт МКПП, Ремонт рулевых реек, Сварочные работы;проспект Суюнбая, 143а/1;+77272254610 +77017957447 +77056607250;+77056607250;yes;;http://www.hondaservice.kz/;instagram:https://instagram.com/hondaservice_almaty whatsapp:https://wa.me/77056607250;4.9;62;43.286288;76.949556;9429940000932942_luwDtg1578G23HA72A4GGG0G17uixd73G6G505A80AB42C53wpqt545BAJ1A9G7G4JGC271JD3y5uv7B884AA41232H448J1HHGJH0IB154CB
автосервис;Changan Kuldzhinka, мультибрендовый автоцентр;Легковой автосервис, Продажа легковых автомобилей, Запчасти для грузовых авто, Автоаксессуары, Ремонт АКПП, Ремонт бензиновых двигателей, Обслуживание автомобильных климатических систем, Хранение шин, Детейлинг, Автосигнализации, Развал-схождение, Шиномонтаж, Шины и диски, Тонирование автостёкол, Автозвук, Автохимия, Ремонт выхлопных систем, Ремонт электронных систем авто, Компьютерная диагностика автомобилей;Кульджинский тракт, 100/1;+77750970709 +77750970760;+77750970709;;m.reseptionchangan@mycar.kz;http://changan-kuldzhinka.kz/ru/?utm_source=2gis&utm_medium=cpa;instagram:https://instagram.com/changan_kuldzhinka;4.8;193;43.311789;77.020069;70000001065418601_luwDtg1578G23H8301I2GGG017uixd73G6G505A80A751B71wpqt545BAJ1A9G7G4J1JB344D3y5uv7B884A1013382H46AHHHGJHG3IA174c7
автосервис;Mers Service, автосервис;Легковой автосервис, Компьютерная диагностика автомобилей, Ремонт ходовой части автомобиля, Ремонт электронных систем авто, Ремонт бензиновых двигателей, Запчасти для легковых автомобилей;Коммунальная улица, 1;+77777047718 +77077700392 +77012752001;+77777047718;yes;;;whatsapp:https://wa.me/77777047718 whatsapp:https://wa.me/77077700392 whatsapp:https://wa.me/77012752001;4.3;17;43.270176;76.932643;70000001076106695_luwDtg1578G23H8301I2GGG017uixd73G6G505A80A82097Awpqt545BAJ1A9G7G4J0JB344D3y5uv7B884A1013396H46BHHHGJHG2IA174f4
автосервис;FOXAUTO, автосервис;Легковой автосервис, Ремонт ходовой части автомобиля, Замена масла, Компьютерная диагностика автомобилей, Ремонт бензиновых двигателей;улица Толе би, 285/4;+77055500259;+77055500259;yes;;http://tiktok.com/@foxauto.kz;instagram:https://instagram.com/foxauto.kz whatsapp:https://wa.me/77055500259 telegram:https://t.me/+77055500259;4.9;35;43.245425;76.851813;70000001109592018_luwDtg1578G23H8301I2GGG017uixd73G6G505A80AB69512wpqt545BAJ1A9G7G4J0JB344D3y5uv7B884A1013429H46CHHHGJHG2IA1742g
автосервис;Autobody, цех кузовного ремонта и покраски авто;Легковой автосервис, Кузовной ремонт, Сварочные работы, Запчасти для легковых автомобилей, Автоэмали;улица Егинсу, 2/1;+77470941215;+77051842164;yes;;http://info.autobody.ctogram.kz;instagram:https://instagram.com/autobody_ctogram whatsapp:https://wa.me/77051842164;4.7;366;43.177327;76.803279;70000001046248622_luwDtg1578G23H8301I2GGG017uixd73G6G505A80A834B73wpqt545BAJ1A9G7G4J0JB344D3y5uv7B884A1013363H473HHHGJHG2IA1742d
автосервис;КБК, автокомплекс;Легковой автосервис, Компьютерная диагностика автомобилей, Ремонт ходовой части автомобиля, Сварочные работы, Автостекло, Установка и ремонт автооптики, Ремонт дизельных двигателей, Ремонт бензиновых двигателей, Развал-схождение, Установка и ремонт автостёкол;улица Н. Алдабергенова, 138/1;+77759789792 +77079789792 +77770151413;+77770151413;yes;;;whatsapp:https://wa.me/77770151413 whatsapp:https://wa.me/77759789792 whatsapp:https://wa.me/77079789792;4.9;20;45.012315;78.354343;70000001080564588_luwDtg1578G23H8301I2GGG017uixd73G6G505A80A266769wpqt545BAJ1A9G7G4J0JB344D3y5uv7B884A10133A9H474HHHGJHG2IA174A1
автосервис;TRD auto, автосервис;Легковой автосервис, Ремонт бензиновых двигателей, Ремонт ходовой части автомобиля, Компьютерная диагностика автомобилей, Обслуживание автомобильных климатических систем, Запчасти для легковых автомобилей;улица Тараз, 50;+77756024264 +77471829216;+77471829216;yes;;;whatsapp:https://wa.me/77471829216;5;62;43.311273;76.998873;70000001036863275_luwDtg1578G23H8301I2GGG017uixd73G6G505A80A896638wpqt545BAJ1A9G7G4J0JB344D3y5uv7B884A1013356H476HHHGJHG2IA17471
автосервис;Volvo Сlub Service, автосервис;Легковой автосервис, Ремонт АКПП, Замена масла, Ремонт стартеров и генераторов, Ремонт электронных систем авто, Авторазбор, Запчасти для легковых автомобилей;проспект Турара Рыскулова, 103;+77771203320 +77001203320;+77771203320;yes;;http://volvoservice.kz;instagram:https://instagram.com/volvo_service_kz whatsapp:https://wa.me/77771203320 telegram:https://t.me/kzvolvo;4.9;89;43.273299;76.88799;70000001054231056_luwDtg1578G23H8301I2GGG017uixd73G6G505A80A633416wpqt545BAJ1A9G7G4J0JB344D3y5uv7B884A1013377H477HHHGJHG2IA17444
автосервис;Автосервис;Легковой автосервис, Ремонт ходовой части автомобиля, Развал-схождение, Ремонт бензиновых двигателей, Ремонт инжекторов, Запчасти для легковых автомобилей, Автохимия, Ремонт дизельных двигателей, Ремонт карбюраторов;улица Саина, 12Б;+77021082222 +77016707777;+77021082222;yes;;;whatsapp:https://wa.me/77021082222 whatsapp:https://wa.me/77016707777;4.9;45;43.243737;76.838576;9429940000915670_luwDtg1578G23HA72A4GGG0G17uixd73G6G505A80AB25981wpqt545BAJ1A9G7G4JGC271JD3y5uv7B884AA41232H458J1HHGJH0IB1548h
автосервис;MG Service, автосервис;Легковой автосервис, Компьютерная диагностика автомобилей, Замена масла, Ремонт бензиновых двигателей, Ремонт дизельных двигателей, Ремонт АКПП;улица Домбровского, 3/1;+77785489763;+77785489763;yes;;;whatsapp:https://wa.me/77785489763;3.8;9;43.353336;76.990832;70000001110326333_luwDtg1578G23H8301I1GGG017uixd73G6G505A80A242944wpqt545BAJ1A9G7G4J0JB344D3y5uv7B884A1013434H479HHHGJHG2IA174d1
автосервис;Best Service, автосервис;Легковой автосервис, Ремонт ходовой части автомобиля, Ремонт бензиновых двигателей, Развал-схождение, Замена масла, Компьютерная диагностика автомобилей, Запчасти для легковых автомобилей, Автоаксессуары, Автохимия, Ремонт электронных систем авто, Обслуживание автомобильных климатических систем;улица Казыбаева, 82;+77057734373 +77758885070 +77272941799 +77758885075;+77057734373;yes;;http://www.bestservice.kz;instagram:https://instagram.com/bestservice_almaty whatsapp:https://wa.me/77057734373;4.9;112;43.283462;76.914568;9429940001330173_luwDtg1578G23HA72A4GGG0G17uixd73G6G505A80A540484wpqt545BAJ1A9G7G4JGC271JD3y5uv7B884AA41233H45AJ1HHGJH0IB1544h
автосервис;AutoPositive Service, автосервис;Легковой автосервис, Ремонт стартеров и генераторов, Компьютерная диагностика автомобилей, Ремонт ходовой части автомобиля, Ремонт инжекторов, Ремонт гибридных автомобилей;улица Ильяса Жансугурова, 425/1;+77775134466 +77714012425;+77775134466;yes;;http://autops.kz/remont-starterov-i-generatorov;facebook:https://facebook.com/autops.kz instagram:https://instagram.com/autops.kz whatsapp:https://wa.me/77775134466 vkontakte:https://vk.com/id381428615 whatsapp:https://wa.me/77714012425;4.9;162;43.315885;76.930946;70000001029240797_luwDtg1578G23H8301I2GGG017uixd73G6G505A80AB3438Awpqt545BAJ1A9G7G4J0JB344D3y5uv7B884A1013348H47BHHHGJHG2IA174A9
автосервис;Хонда Сервис Акжар, автосервис;Легковой автосервис, Замена масла, Ремонт бензиновых двигателей, Ремонт АКПП, Ремонт ходовой части автомобиля, Ремонт стартеров и генераторов, Запчасти для легковых автомобилей;улица Баймагамбетова, 167/2;+77770103000;+77770103000;yes;;;instagram:https://instagram.com/hondaservice_akzhar whatsapp:https://wa.me/77770103000;4.7;57;43.315784;76.975953;70000001037269155_luwDtg1578G23H8301I2GGG017uixd73G6G505A80A936C26wpqt545BAJ1A9G7G4J0JB344D3y5uv7B884A1013356H47CHHHGJHG2IA174de
автосервис;Автосервис;Легковой автосервис, Шиномонтаж, Ремонт ходовой части автомобиля, Замена масла, Автоаксессуары, Ремонт дизельных двигателей, Ремонт бензиновых двигателей, Ремонт АКПП, Ремонт МКПП, Автохимия;улица Акан Серы, 137;+77004444423 +77014776411;+77004444423;yes;;;whatsapp:https://wa.me/77004444423;4.4;35;43.312808;76.944077;70000001056962979_riBxlo1578G23H8301I2GGG0vu5oo373G6G505A8118A65A8wpqt54621J1A0G7G5J0JB3444hqwuv7B884A101337AH533HHHGJHG2IA1744e
автосервис;Changan Avatr, автосалон;Легковой автосервис, Продажа легковых автомобилей, Автоаксессуары, Кузовной ремонт, Развал-схождение;проспект Турара Рыскулова, 130а;+77719777707;+77719777707;yes;;http://changan-avatr.kz/ru/;whatsapp:https://wa.me/77719777707;3.7;13;43.27528;76.894895;70000001100211929_riBxlo1578G23H8301I2GGG0vu5oo373G6G505A8112314A3wpqt54621J1A0G7G5J0JB3444hqwuv7B884A101342AH534HHHGJHG2IA174fc
автосервис;Tan Service, автосервис;Легковой автосервис, Ремонт ходовой части автомобиля, Ремонт стартеров и генераторов, Компьютерная диагностика автомобилей, Ремонт бензиновых двигателей, Ремонт рулевых реек, Замена масла, Установка и ремонт автостёкол, Тюнинг;микрорайон Баянауыл, 62/1;+77771724343;+77771724343;yes;;;instagram:https://instagram.com/tan_avtoservice whatsapp:https://wa.me/77771724343;4.8;223;43.237393;76.819414;70000001046954609_riBxlo1578G23H8301I2GGG0vu5oo373G6G505A8118A5771wpqt54621J1A0G7G5J0JB3444hqwuv7B884A101336AH535HHHGJHG2IA17438
автосервис;SCT SERVICE, сеть автосервисов и автомагазинов;Легковой автосервис, Замена масла, Ремонт ходовой части автомобиля, Компьютерная диагностика автомобилей, Шиномонтаж, Автохимия, Развал-схождение;Павлодарская улица, 100;+77272948106 +77476187156;+77272948106;;sct.avtoservice.11@mail.ru;http://www.sct.kz;;4.6;95;43.332902;76.922226;70000001018257321_riBxlo1578G23H8301I2GGG0vu5oo373G6G505A811A35A43wpqt54621J1A0G7G5J1JB3444hqwuv7B884A1013332H536HHHGJHG3IA1743d
автосервис;Акжол, автосервис;Легковой автосервис, Шиномонтаж, Установка и ремонт автооптики, Ремонт ходовой части автомобиля, Ремонт бензиновых двигателей, Компьютерная диагностика автомобилей, Автохимия, Запчасти для легковых автомобилей, Замена масла, Автомобильные аккумуляторы, Автоаксессуары;улица Бирлик, 2;+77076340751 +77073313399;+77076340751;;;;instagram:https://instagram.com/akzhol_avtomagazin;4.9;35;43.171536;76.773591;70000001066129655_riBxlo1578G23H8301I2GGG0vu5oo373G6G505A811822C76wpqt54621J1A0G7G5J0JB3444hqwuv7B884A1013386H537HHHGJHG2IA17423
автосервис;Mitsubishi center, автосервис;Легковой автосервис, Ремонт ходовой части автомобиля, Ремонт бензиновых двигателей, Ремонт электронных систем авто, Ремонт МКПП, Переоборудование автомобилей, Кузовной ремонт;улица Нурмакова, 4;+77017119343 +77087514420 +77017119342 +77472221230;+77017119343;yes;;;whatsapp:https://wa.me/77017119343 whatsapp:https://wa.me/77017119342;3.1;34;43.256938;76.906417;9429940000788782_riBxlo1578G23HA72A4GGG0Gvu5oo373G6G505A811998A93wpqt54621J1A0G7G5JGC271J4hqwuv7B884AA41232H518J1HHGJH0IB15459
автосервис;Автосервис;Легковой автосервис, Ремонт электронных систем авто, Ремонт ходовой части автомобиля, Ремонт бензиновых двигателей, Замена масла, Ремонт АКПП;улица Довженко, 3Б;+77017055214;+77017055214;;;;;4.2;4;43.318888;76.933165;70000001105139909_riBxlo1578G23H8301I2GGG0vu5oo373G6G505A811723CA1wpqt54621J1A0G7G5J0JB3444hqwuv7B884A101342AH53AHHHGJHG2IA17488
автосервис;NeoCar, автосервис;Легковой автосервис, Кузовной ремонт, Компьютерная диагностика автомобилей, Ремонт ходовой части автомобиля, Детейлинг, Развал-схождение, Обслуживание автомобильных климатических систем, Ремонт бензиновых двигателей, Ремонт электронных систем авто, Шиномонтаж;7-й переулок, 14а;+77011012341;+77011012341;yes;;http://neocargroup.kz;instagram:https://instagram.com/neocargroupe_almaty whatsapp:https://wa.me/77011012341 telegram:https://t.me/+77011012341;4.9;47;43.196975;76.928171;70000001035366844_riBxlo1578G23H8301I2GGG0vu5oo373G6G505A811746995wpqt54621J1A0G7G5J0JB3444hqwuv7B884A1013355H53BHHHGJHG2IA174gA
автосервис;Шанс, СТО;Легковой автосервис, Ремонт электронных систем авто, Ремонт дизельных двигателей, Ремонт стартеров и генераторов, Ремонт спецтехники, Ультразвуковая мойка деталей, Металлообработка, Грузовой автосервис, Ремонт ходовой части автомобиля;Северное Кольцо шоссе, 168;+77474391158;+77474391158;;;;;4.5;20;43.338802;76.917471;70000001087689377_riBxlo1578G23H8301I2GGG0vu5oo373G6G505A811978C48wpqt54621J1A0G7G5J0JB3444hqwuv7B884A10133A8H53CHHHGJHG2IA174gf
автосервис;Vems vag, СТО;Легковой автосервис, Ремонт ходовой части автомобиля, Ремонт бензиновых двигателей, Ремонт электронных систем авто, Ремонт стартеров и генераторов, Ремонт выхлопных систем, Компьютерная диагностика автомобилей, Ремонт АКПП, Тюнинг;улица Бирлик, 98а/1;+77078255835 +77772367646;+77078255835;yes;;;whatsapp:https://wa.me/77078255835 whatsapp:https://wa.me/77772367646;4.9;34;43.177252;76.756575;70000001019083731_riBxlo1578G23H8301I2GGG0vu5oo373G6G505A811B18684wpqt54621J1A0G7G5J0JB3444hqwuv7B884A1013332H543HHHGJHG2IA17482
автосервис;Mobil 1 Center, пункт замены масла;Легковой автосервис, Замена масла, Автохимия, Ремонт бензиновых двигателей, Обслуживание автомобильных климатических систем, Ремонт инжекторов, Компьютерная диагностика автомобилей;улица Жолымбет, 1;+77075551515;+77075551515;;akt01@kulanoil.kz;http://adkulan.kz http://kulanoil.kz;instagram:https://instagram.com/mobil1kz;5;44;43.378763;76.938906;70000001037479789_riBxlo1578G23H8301I2GGG0vu5oo373G6G505A811957C89wpqt54621J1A0G7G5J1JB3444hqwuv7B884A101335AH544HHHGJHG3IA174d1
автосервис;Ангар, автосервис;Легковой автосервис, Ремонт ходовой части автомобиля, Ремонт бензиновых двигателей, Ремонт дизельных двигателей, Развал-схождение, Кузовной ремонт, Авторазбор;микрорайон Аксай-1, 11/1;+77077782516;+77077782516;yes;;;whatsapp:https://wa.me/77077782516;4.9;54;43.24313;76.833484;70000001046554036_riBxlo1578G23H8301I2GGG0vu5oo373G6G505A811865714wpqt54621J1A0G7G5J0JB3444hqwuv7B884A1013367H545HHHGJHG2IA17469
автосервис;Cadiilac Service, автосервис;Легковой автосервис, Ремонт ходовой части автомобиля, Шиномонтаж, Ремонт бензиновых двигателей, Замена масла, Компьютерная диагностика автомобилей;проспект Суюнбая, 222Б/1;+77088880301;+77088880301;yes;;;instagram:https://instagram.com/cadillac.service.almaty whatsapp:https://wa.me/77088880301;5;18;43.365006;76.98336;70000001076232099_riBxlo1578G23H8301I2GGG0vu5oo373G6G505A81183351Awpqt54621J1A0G7G5J0JB3444hqwuv7B884A101339AH546HHHGJHG2IA174g3
автосервис;Mega Motors, автосервис;Легковой автосервис, Ремонт ходовой части автомобиля, Ремонт стартеров и генераторов, Компьютерная диагностика автомобилей, Ремонт электронных систем авто, Ремонт выхлопных систем, Ремонт бензиновых двигателей, Ремонт АКПП, Ремонт МКПП, Обслуживание автомобильных климатических систем, Замена масла, Эвакуатор, Развал-схождение;Бухтарминская улица, 2/1;+77770909363 +77777774383 +77717793913;+77770909363;yes;;;whatsapp:https://wa.me/77770909363 whatsapp:https://wa.me/77777774383 whatsapp:https://wa.me/77717793913;4.5;9;43.333003;77.006114;70000001032425258_riBxlo1578G23H8301I2GGG0vu5oo373G6G505A811452836wpqt54621J1A0G7G5J0JB3444hqwuv7B884A1013359H547HHHGJHG2IA1743e
автосервис;КазЦык, автосервис;Ремонт ходовой части автомобиля, Развал-схождение, Ремонт стартеров и генераторов, Металлообработка;улица Сейдалиева, 3а;+77776414496 +77028999972 +77058333755 +77081803671 +77056244242;+77081803671;yes;;;whatsapp:https://wa.me/77081803671;4.9;34;43.374366;76.85754;9429940000991835_riBxlo1578G23HA72AI0GGGGvu5oo373G6G505A811BA1B46wpqt54621J1A0G7G5JGJ55GJ4hqwuv7B884AA41232H528J1HH0Jec
автосервис;Sto Tdk, легковой автосервис;Легковой автосервис, Ремонт ходовой части автомобиля, Обслуживание автомобильных климатических систем, Ремонт стартеров и генераторов, Ремонт бензиновых двигателей, Шиномонтаж;улица Желтоксан, 224;+77004414184;+77004414184;yes;;;instagram:https://instagram.com/sto.tdk whatsapp:https://wa.me/77004414184;4.4;7;44.988393;78.360272;70000001116295102_riBxlo1578G23H8301I2GGG0vu5oo373G6G505A811839821wpqt54621J1A0G7G5J0JB3444hqwuv7B884A1013433H549HHHGJHG2IA174h5
автосервис;Aster, официальный дилер Jetour;Легковой автосервис, Продажа легковых автомобилей, Ремонт ходовой части автомобиля, Замена масла, Компьютерная диагностика автомобилей, Ремонт электронных систем авто;микрорайон Шугыла, 317/1;+77059578444;+77710708120;yes;;http://aster.jetour-auto.kz;instagram:https://instagram.com/jetour_aster_almaty whatsapp:https://wa.me/77710708120;5;98;43.230893;76.778582;70000001110911129_riBxlo1578G23H8301I2GGG0vu5oo373G6G505A8112A1423wpqt54621J1A0G7G5J0JB3444hqwuv7B884A101343AH54AHHHGJHG2IA174c2
автосервис;AKG Service, автосервис;Легковой автосервис, Компьютерная диагностика автомобилей, Замена масла, Обслуживание автомобильных климатических систем, Ремонт ходовой части автомобиля, Ремонт электронных систем авто, Ремонт АКПП;улица Караоткел, 147;+77766962626;+77766962626;yes;;;instagram:https://instagram.com/akg_service whatsapp:https://wa.me/77766962626;4.9;107;43.252796;76.864882;70000001089729818_riBxlo1578G23H8301I2GGG0vu5oo373G6G505A811B82C92wpqt54621J1A0G7G5J0JB3444hqwuv7B884A10133A9H54BHHHGJHG2IA174B5
автосервис;Автосервис;Легковой автосервис, Шиномонтаж, Ремонт автобусов, Компьютерная диагностика автомобилей, Сварочные работы, Ремонт АКПП, Ремонт МКПП, Ремонт бензиновых двигателей, Ремонт ходовой части автомобиля, Ремонт дизельных двигателей, Ремонт выхлопных систем, Замена масла;Центральная улица, 60/1;+77057611730 +77088839121 +77473030967;+77057611730;yes;;;whatsapp:https://wa.me/77057611730 whatsapp:https://wa.me/77088839121 whatsapp:https://wa.me/77473030967;4.6;13;43.316168;76.848356;70000001062855321_riBxlo1578G23H8301I2GGG0vu5oo373G6G505A811495843wpqt54621J1A0G7G5J0JB3444hqwuv7B884A1013382H553HHHGJHG2IA174Ab
автосервис;Autoliga, автосервис;Легковой автосервис, Развал-схождение, Шиномонтаж, Замена масла, Ремонт ходовой части автомобиля, Компьютерная диагностика автомобилей, Ремонт рулевых реек, Ремонт стартеров и генераторов;микрорайон 10а, 22Б;+77021239474 +77013127997 +77273010899;+77021239474;yes;;;instagram:https://instagram.com/autoliga.almaty whatsapp:https://wa.me/77021239474 whatsapp:https://wa.me/77013127997;4.6;323;43.216146;76.855662;9429940000938982_riBxlo1578G23HA72A4GGG0Gvu5oo373G6G505A811B48C93wpqt54621J1A0G7G5JGC271J4hqwuv7B884AA41232H534J1HHGJH0IB15469
автосервис;EXPERT OIL SERVICE + UNITED OIL, №15, Сеть пунктов замены масел и автомагазинов;Легковой автосервис, Замена масла, Автохимия, Автомобильные аккумуляторы, Запчасти для легковых автомобилей, Компьютерная диагностика автомобилей, Обслуживание автомобильных климатических систем, Шиномонтаж, Обслуживание климатического оборудования для помещений;улица Курганская, 3;+77009787000115;+77009787000;yes;info@expertoil.kz;http://www.expertoil.kz;vkontakte:https://vk.com/expertoilalmaty facebook:https://facebook.com/expertoilkz whatsapp:https://wa.me/77009787000 instagram:https://instagram.com/expertoil.almaty;5;323;43.256261;76.969021;70000001080706532_riBxlo1578G23H8301I2GGG0vu5oo373G6G505A811280964wpqt54621J1A0G7G5J1JB3444hqwuv7B884A10133A3H555HHHGJHG3IA174h7
автосервис;FarBel, автосервис;Легковой автосервис, Ремонт ходовой части автомобиля, Замена масла, Автохимия, Обслуживание автомобильных климатических систем, Компьютерная диагностика автомобилей, Запчасти для легковых автомобилей;улица Акан Серы, 41;+77272546364 +77472237442 +77015580885;+77272546364;;;;instagram:https://instagram.com/farbel_service;4.8;92;43.32512;76.948499;9429940000921953_riBxlo1578G23HA72A4GGG0Gvu5oo373G6G505A811B31C64wpqt54621J1A0G7G5JGC271J4hqwuv7B884AA41232H536J1HHGJH0IB154dg
автосервис;Vital-auto, автосервис;Легковой автосервис, Ремонт ходовой части автомобиля, Ремонт АКПП, Ремонт МКПП, Кузовной ремонт, Ремонт дизельных двигателей, Ремонт бензиновых двигателей, Замена масла;улица Ильяса Жансугурова, 262;+77013420417;+77013420417;yes;;;whatsapp:https://wa.me/77013420417;4.6;9;43.312035;76.929134;70000001033928249_riBxlo1578G23H8301I2GGG0vu5oo373G6G505A8115A2B35wpqt54621J1A0G7G5J0JB3444hqwuv7B884A101335AH557HHHGJHG2IA17477
автосервис;EXPERT OIL SERVICE + UNITED OIL, №3, Сеть пунктов замены масел и автомагазинов;Легковой автосервис, Замена масла, Автохимия, Автомобильные аккумуляторы, Запчасти для легковых автомобилей, Ремонт стартеров и генераторов, Компьютерная диагностика автомобилей;микрорайон Алмагуль, 51;+77009787000103;+77009787000;yes;info@expertoil.kz;http://www.expertoil.kz;vkontakte:https://vk.com/expertoilalmaty facebook:https://facebook.com/expertoilkz whatsapp:https://wa.me/77009787000;5;204;43.202451;76.904111;9429940000934274_riBxlo1578G23HA72A4GGG0Gvu5oo373G6G505A811B44585wpqt54621J1A0G7G5JGC271J4hqwuv7B884AA41232H538J2HHGJH1IB154C5
автосервис;Надежда, автосервис;Легковой автосервис, Обслуживание автомобильных климатических систем, Ремонт ходовой части автомобиля, Кузовной ремонт, Развал-схождение, Шиномонтаж, Ремонт дизельных двигателей, Ремонт бензиновых двигателей, Ремонт рулевых реек, Компьютерная диагностика автомобилей, Замена масла, Хранение шин;улица Майлина, 79а;+77272233773;+77272233773;;;;;4.8;113;43.335421;76.979929;70000001025122193_riBxlo1578G23H8301I2GGG0vu5oo373G6G505A81172252Awpqt54621J1A0G7G5J0JB3444hqwuv7B884A1013344H559HHHGJHG2IA17467
автосервис;Автосервис;Легковой автосервис, Ремонт ходовой части автомобиля, Ремонт АКПП, Ремонт бензиновых двигателей, Ремонт электронных систем авто, Ремонт рулевых реек, Обслуживание автомобильных климатических систем;улица Саина, 12а/2;+77071914284;+77071914284;yes;;;whatsapp:https://wa.me/77071914284;;;43.244062;76.839957;70000001113614416_riBxlo1578G23H8301I2GGG0vu5oo373G6G505A811571752wpqt54621J1A0G7G5J0JB3444hqwuv7B884A1013437H55AHHHGJHG2IA174ef
автосервис;Tank-ARB, автосалон;Легковой автосервис, Продажа легковых автомобилей, Автоаксессуары, Шины и диски, Тюнинг, Шиномонтаж, Развал-схождение, Ремонт ходовой части автомобиля, Ремонт бензиновых двигателей, Обслуживание автомобильных климатических систем, Замена масла, Ремонт выхлопных систем, Запчасти для легковых автомобилей, Компьютерная диагностика автомобилей;проспект Турара Рыскулова, 57в;+77470951815;+77710568788;yes;sales@tank-arb.kz;http://tank-arb.kz;instagram:https://instagram.com/tank_arb facebook:https://facebook.com/tankarbgwm whatsapp:https://wa.me/77710568788;4.9;64;43.287216;76.921767;70000001082394333_riBxlo1578G23H8301I2GGG0vu5oo373G6G505A811449744wpqt54621J1A0G7G5J0JB3444hqwuv7B884A10133A4H55BHHHGJHG2IA174f2
автосервис;Service Kentoff, автосервис;Легковой автосервис, Замена масла, Автоаксессуары, Ремонт ходовой части автомобиля, Автохимия, Компьютерная диагностика автомобилей, Ремонт электронных систем авто, Запчасти для легковых автомобилей, Ремонт инжекторов;улица Жарокова, 246;+77015050033;+77015050033;yes;srvkentoff@gmail.com;;instagram:https://instagram.com/service.kentoff whatsapp:https://wa.me/77015050033;5;158;43.214783;76.903655;70000001060852964_riBxlo1578G23H8301I2GGG0vu5oo373G6G505A8112955A7wpqt54621J1A0G7G5J1JB3444hqwuv7B884A1013385H55CHHHGJHG3IA174g2
автосервис;Motor Land, центр авторазбора;Легковой автосервис, Авторазбор, Контрактные автозапчасти, Ремонт АКПП, Ремонт ходовой части автомобиля, Ремонт бензиновых двигателей, Замена масла, Компьютерная диагностика автомобилей;7-я линия, 29;+77771445445 +77070330311;+77771445445;yes;;http://motor-land.kz;whatsapp:https://wa.me/77771445445 instagram:https://instagram.com/motorland.kz whatsapp:https://wa.me/77070330311;4.9;43;43.403308;76.991774;70000001083496996_riBxlo1578G23H8301I2GGG0vu5oo373G6G505A8115599AAwpqt54621J1A0G7G5J0JB3444hqwuv7B884A10133A7H563HHHGJHG2IA174c8
автосервис;Mer.Service, автосервис;Легковой автосервис, Ремонт ходовой части автомобиля, Ремонт стартеров и генераторов, Ремонт бензиновых двигателей, Ремонт АКПП, Компьютерная диагностика автомобилей, Замена масла, Ремонт МКПП, Обслуживание автомобильных климатических систем;улица Зимняя, 1в;+77017507200 +77017875545 +77772367974;+77017507200;yes;;;whatsapp:https://wa.me/77017507200;4.6;30;43.355253;76.991433;70000001041064916_riBxlo1578G23H8301I2GGG0vu5oo373G6G505A8113167A2wpqt54621J1A0G7G5J0JB3444hqwuv7B884A1013367H565HHHGJHG2IA174g2
автосервис;Автосервис по ремонту грузовых автомобилей и авторазбору;Легковой автосервис, Грузовой автосервис, Запчасти для грузовых авто, Ремонт ходовой части автомобиля, Замена масла, Ремонт дизельных двигателей, Контрактные автозапчасти, Авторазбор, Ремонт бензиновых двигателей;улица Азаттык, 41;+77775571474 +77272467846 +77772163612;+77772211612;yes;;http://renovod.kz;whatsapp:https://wa.me/77772211612 whatsapp:https://wa.me/77772163612;4.2;10;43.273885;76.850336;9429940000797783_riBxlo1578G23HA72A4GGG0Gvu5oo373G6G505A8119A7A94wpqt54621J1A0G7G5JGC271J4hqwuv7B884AA41232H546J1HHGJH0IB154eg
автосервис;Hyundai Qonaev, автосалон;Легковой автосервис, Детейлинг, Замена масла, Автохимия, Запчасти для легковых автомобилей, Ремонт выхлопных систем, Ремонт инжекторов, Ремонт АКПП, Ремонт бензиновых двигателей, Ремонт стартеров и генераторов, Ремонт ходовой части автомобиля, Ремонт электронных систем авто, Отогрев автомобилей, Развал-схождение, Автосигнализации, Автозвук, Тонирование автостёкол, Установка и ремонт автостёкол, Компьютерная диагностика автомобилей, Продажа легковых автомобилей, Обслуживание автомобильных климатических систем, Шиномонтаж;улица Муканова, 64;+77013182907 +77027299958;+77017872216;yes;;http://hyundaiqonaev.kz/ru/;instagram:https://instagram.com/hyundai_qonaev whatsapp:https://wa.me/77017872216;4.9;52;43.854822;77.067055;70000001096258429_riBxlo1578G23H8301I2GGG0vu5oo373G6G505A811835B53wpqt54621J1A0G7G5J0JB3444hqwuv7B884A10133BAH567HHHGJHG2IA174d2
автосервис;Custom Hero Perfomance, автосервис;Легковой автосервис, Ремонт бензиновых двигателей, Ремонт ходовой части автомобиля, Тюнинг, Компьютерная диагностика автомобилей, Замена масла;улица Руханият, 2а;+77018861100;+77018861100;yes;;;instagram:https://instagram.com/custom_hero whatsapp:https://wa.me/77018861100;4.9;26;43.17642;76.849475;70000001044267856_riBxlo1578G23H8301I2GGG0vu5oo373G6G505A811636A96wpqt54621J1A0G7G5J0JB3444hqwuv7B884A1013367H568HHHGJHG2IA174cc
автосервис;Volvo Service, автосервис;Легковой автосервис, Ремонт АКПП, Ремонт МКПП, Ремонт ходовой части автомобиля, Обслуживание автомобильных климатических систем, Замена масла, Ремонт электронных систем авто, Компьютерная диагностика автомобилей, Ремонт бензиновых двигателей, Запчасти для легковых автомобилей;улица Азаттык, 18а;+77782222247;+77782222247;yes;;;whatsapp:https://wa.me/77782222247;4.9;48;43.263569;76.848039;70000001045465209_riBxlo1578G23H8301I2GGG0vu5oo373G6G505A811756831wpqt54621J1A0G7G5J0JB3444hqwuv7B884A101336AH569HHHGJHG2IA174A3
автосервис;MB Service, сервисный центр;Легковой автосервис, Ремонт ходовой части автомобиля, Ремонт АКПП, Ремонт дизельных двигателей, Ремонт стартеров и генераторов, Шиномонтаж, Ремонт бензиновых двигателей, Компьютерная диагностика автомобилей, Обслуживание автомобильных климатических систем, Ремонт электронных систем авто, Ремонт выхлопных систем, Ремонт инжекторов;Наманганская улица, 51в;+77476166466 +77075841427;+77476166466;yes;;;whatsapp:https://wa.me/77476166466 whatsapp:https://wa.me/77075841427;3.7;15;43.343141;76.984278;70000001043534052_riBxlo1578G23H8301I2GGG0vu5oo373G6G505A811563716wpqt54621J1A0G7G5J0JB3444hqwuv7B884A1013363H56AHHHGJHG2IA1747g
автосервис;SCT SERVICE, сеть автосервисов и автомагазинов;Легковой автосервис, Замена масла, Ремонт ходовой части автомобиля, Автоаксессуары, Автохимия, Обслуживание автомобильных климатических систем, Запчасти для легковых автомобилей, Компьютерная диагностика автомобилей;Муканова улица, 144;+77273784809;+77273784809;;;http://www.sct.kz;;4.8;91;43.25303;76.915426;9429940000895949_riBxlo1578G23HA72A4GGG0Gvu5oo373G6G505A811AA5C5Awpqt54621J1A0G7G5JGC271J4hqwuv7B884AA41232H54BJ2HHGJH1IB154Cf
автосервис;Windom_Service_Batya, автосервис;Замена масла, Компьютерная диагностика автомобилей;улица Лазарева, 93;+77009644745;+77009644745;;;http://tiktok.com/@windom.batya;instagram:https://instagram.com/windom_service_batya;4.9;184;43.228607;76.87538;70000001045307816_riBxlo1578G23H8301IG0GGGvu5oo373G6G505A811740A92wpqt54621J1A0G7G5J0JI62J4hqwuv7B884A1013367H56CHHHG3H17
автосервис;Arsenal Auto, автосервис;Легковой автосервис, Ремонт ходовой части автомобиля, Ремонт электронных систем авто, Обслуживание автомобильных климатических систем, Компьютерная диагностика автомобилей;проспект Турара Рыскулова, 149;+77273175577 +77012578749;+77012578749;yes;;;instagram:https://instagram.com/arsenal.auto whatsapp:https://wa.me/77012578749 telegram:https://t.me/+77012578749;4.9;34;43.250085;76.837204;70000001060407531_riBxlo1578G23H8301I2GGG0vu5oo373G6G505A811250A64wpqt54621J1A0G7G5J0JB3444hqwuv7B884A1013382H573HHHGJHG2IA17474
автосервис;JL сервис, автосервис;Легковой автосервис, Ремонт бензиновых двигателей, Ремонт ходовой части автомобиля, Ремонт рулевых реек, Компьютерная диагностика автомобилей, Кузовной ремонт, Запчасти для легковых автомобилей, Контрактные автозапчасти, Подбор автомобиля перед покупкой, Ремонт электронных систем авто, Эвакуатор;улица Жарокова, 289с;+77474349018 +77073700038;+77073700038;yes;;;instagram:https://instagram.com/jl__autoservice whatsapp:https://wa.me/77073700038 whatsapp:https://wa.me/77474349018;5;36;43.211538;76.901016;70000001064065309_riBxlo1578G23H8301I2GGG0vu5oo373G6G505A811616841wpqt54621J1A0G7G5J0JB3444hqwuv7B884A101338AH574HHHGJHG2IA174AA
автосервис;Sim, автосервис;Легковой автосервис, Ремонт бензиновых двигателей, Ремонт дизельных двигателей, Запчасти для легковых автомобилей, Ремонт ходовой части автомобиля;проспект Райымбека, 486/2;+77009635131;+77009635131;yes;;http://s-i-m.kz;instagram:https://instagram.com/simalmaty whatsapp:https://wa.me/77009635131;4.6;61;43.248116;76.847385;9429940000790068_riBxlo1578G23HA72A4GGG0Gvu5oo373G6G505A8119A0379wpqt54621J1A0G7G5JGC271J4hqwuv7B884AA41232H556J1HHGJH0IB154e9
автосервис;EXPERT OIL SERVICE + UNITED OIL, №5, Сеть пунктов замены масел и автомагазинов;Легковой автосервис, Замена масла, Автохимия, Автомобильные аккумуляторы, Запчасти для легковых автомобилей, Автоаксессуары;улица Тимирязева, 20а;+77009787000105;+77009787000;yes;info@expertoil.kz;http://www.expertoil.kz;vkontakte:https://vk.com/expertoilalmaty facebook:https://facebook.com/expertoilkz whatsapp:https://wa.me/77009787000;4.9;289;43.231389;76.934893;9429940000934273_riBxlo1578G23HA72A4GGG0Gvu5oo373G6G505A811B44584wpqt54621J1A0G7G5JGC271J4hqwuv7B884AA41232H557J2HHGJH1IB1546e
автосервис;GarageMotorSport, автосервис;Легковой автосервис, Ремонт МКПП, Ремонт бензиновых двигателей, Ремонт ходовой части автомобиля, Тюнинг, Ремонт стартеров и генераторов, Ремонт инжекторов, Сварочные работы, Ремонт выхлопных систем, Компьютерная диагностика автомобилей, Переоборудование автомобилей, Ремонт рулевых реек, Ремонт турбин, Ремонт электронных систем авто;улица Ратушного, 78/3;+77055427474;+77055427474;yes;;;instagram:https://instagram.com/garagemotorsportalmaty whatsapp:https://wa.me/77055427474;5;54;43.291036;76.914301;70000001041256589_riBxlo1578G23H8301I2GGG0vu5oo373G6G505A811335969wpqt54621J1A0G7G5J0JB3444hqwuv7B884A101336AH578HHHGJHG2IA174he
автосервис;АвтоСТОматолог, автосервис;Легковой автосервис, Обслуживание автомобильных климатических систем, Ремонт электронных систем авто, Автосигнализации, Компьютерная диагностика автомобилей, Ремонт бензиновых двигателей, Ремонт ходовой части автомобиля, Установка и ремонт автооптики, Автоаксессуары, Ремонт выхлопных систем, Ремонт рулевых реек, Ремонт стартеров и генераторов, Ремонт турбин, Замена масла, Запчасти для легковых автомобилей, Автохимия, Переоборудование автомобилей, Ремонт АКПП, Ремонт гибридных автомобилей, Кузовной ремонт, Тюнинг, Сварочные работы, Автомобильные аккумуляторы, Детейлинг;Ораза Жандосова улица, 184/2;+77073278363;+77073278363;yes;;;instagram:https://instagram.com/avtostomatolog_almaty whatsapp:https://wa.me/77073278363 telegram:https://t.me/+77073278363;4.7;521;43.205213;76.865062;9429940000966036_riBxlo1578G23HA72A4GGG0Gvu5oo373G6G505A811B76347wpqt54621J1A0G7G5JGC271J4hqwuv7B884AA41232H559J1HHGJH0IB1545g
автосервис;Lr service, автосервис;Легковой автосервис, Ремонт ходовой части автомобиля, Компьютерная диагностика автомобилей, Ремонт дизельной топливной системы, Ремонт электронных систем авто, Замена масла, Ремонт турбин;улица Котельникова, 50 к1;+77079117929;+77079117929;yes;;http://lrservice.kz/;instagram:https://instagram.com/lrservicekz whatsapp:https://wa.me/77079117929;5;46;43.310232;76.934376;70000001040523965_riBxlo1578G23H8301I2GGG0vu5oo373G6G505A8112626A7wpqt54621J1A0G7G5J0JB3444hqwuv7B884A1013366H57AHHHGJHG2IA174BA
автосервис;EXPERT OIL SERVICE + UNITED OIL, №10 Сеть пунктов замены масел и автомагазинов;Легковой автосервис, Автохимия, Автомобильные аккумуляторы, Замена масла, Запчасти для легковых автомобилей;проспект Турара Рыскулова, 75;+77009787000110;+77009787000;yes;info@expertoil.kz;http://www.expertoil.kz;vkontakte:https://vk.com/expertoilalmaty facebook:https://facebook.com/expertoilkz whatsapp:https://wa.me/77009787000;4.9;181;43.279718;76.906535;70000001062578582_riBxlo1578G23H8301I2GGG0vu5oo373G6G505A811467B69wpqt54621J1A0G7G5J1JB3444hqwuv7B884A1013383H57BHHHGJHG3IA17439
автосервис;Servicestar, автосервис;Легковой автосервис, Компьютерная диагностика автомобилей, Ремонт ходовой части автомобиля, Ремонт бензиновых двигателей, Замена масла, Обслуживание автомобильных климатических систем;проспект Турара Рыскулова, 68а/2;+77029694444 +77273519985;+77029694444;yes;;http://www.servicestar.kz http://www.marketstar.kz;instagram:https://instagram.com/servicestar.kz whatsapp:https://wa.me/77029694444;5;61;43.283843;76.923141;70000001041111251_riBxlo1578G23H8301I2GGG0vu5oo373G6G505A811321436wpqt54621J1A0G7G5J0JB3444hqwuv7B884A1013362H57CHHHGJHG2IA174cA
автосервис;SCT SERVICE, сеть автосервисов и автомагазинов;Легковой автосервис, Замена масла, Ремонт ходовой части автомобиля, Шиномонтаж, Ремонт бензиновых двигателей, Ремонт электронных систем авто, Запчасти для легковых автомобилей, Компьютерная диагностика автомобилей, Ремонт инжекторов, Автоаксессуары, Автохимия, Обслуживание автомобильных климатических систем;переулок 20-я линия, 27;+77273941285 +77017508064;+77273941285;;;http://www.sct.kz;;4.8;118;43.225122;76.887612;70000001018256935_m5hk2z1578G23H8301I2GGG02sD5rd73G6G505A811A359A4wpqt54623J1A2G7G6J1JB344D2efuv7B884A1013336H633HHHGJHG3IA1749g
автосервис;Mastercar_010, детейлинг-центр;Легковой автосервис, Детейлинг, Кузовной ремонт, Ремонт ходовой части автомобиля, Ремонт выхлопных систем, Тюнинг, Ремонт стартеров и генераторов, Ремонт бензиновых двигателей, Сварочные работы, Компьютерная диагностика автомобилей, Ремонт рулевых реек, Ремонт карданных валов, Шиномонтаж, Антикоррозийная обработка авто;проспект Абая, 145г;+77010666010;+77010666010;yes;;;instagram:https://instagram.com/mastercar_010 whatsapp:https://wa.me/77010666010 telegram:https://t.me/+77010666010;5;319;43.232137;76.87166;70000001060735111_m5hk2z1578G23H8301I2GGG02sD5rd73G6G505A811283822wpqt54623J1A2G7G6J0JB344D2efuv7B884A1013382H634HHHGJHG2IA174g5
автосервис;Subaru Mafia Almaty, автосервис;Легковой автосервис, Ремонт бензиновых двигателей, Замена масла, Компьютерная диагностика автомобилей, Ремонт МКПП, Ремонт АКПП, Ремонт ходовой части автомобиля;улица Омарова, 12в/2;+77079177277;+77079177277;yes;;;whatsapp:https://wa.me/77079177277;5;32;43.313041;76.923045;70000001041710511_m5hk2z1578G23H8301I2GGG02sD5rd73G6G505A811381362wpqt54623J1A2G7G6J0JB344D2efuv7B884A1013362H636HHHGJHG2IA174cA
автосервис;Вираж-Сервис, автосервис коммерческих автомобилей;Легковой автосервис, Автоаксессуары, Автосигнализации, Антикоррозийная обработка авто, Грузовой автосервис, Замена масла, Запчасти для грузовых авто, Запчасти для легковых автомобилей, Запчасти для общественного транспорта, Компьютерная диагностика автомобилей, Кузовной ремонт, Переоборудование автомобилей, Развал-схождение, Ремонт МКПП, Ремонт автобусов, Ремонт бензиновых двигателей, Ремонт выхлопных систем, Ремонт дизельной топливной системы, Ремонт дизельных двигателей, Ремонт инжекторов, Ремонт карданных валов, Ремонт рулевых реек, Ремонт стартеров и генераторов, Ремонт ходовой части автомобиля, Ремонт электронных систем авто, Шиномонтаж, Шины и диски;улица Желтоксан, 15 блок В;+77009662404;+77009662404;;;http://virazhservice.kz;instagram:https://instagram.com/virazh_service;4.4;34;43.271487;76.937352;70000001038923730_m5hk2z1578G23H8301I2GGG02sD5rd73G6G505A811AA2684wpqt54623J1A2G7G6J0JB344D2efuv7B884A1013351H637HHHGJHG2IA174hA
автосервис;Bmw Service Almaty, сервисный центр;Легковой автосервис, Ремонт МКПП, Тюнинг, Замена масла, Компьютерная диагностика автомобилей, Ремонт ходовой части автомобиля, Ремонт бензиновых двигателей, Ремонт инжекторов, Ремонт электронных систем авто, Автосигнализации, Ультразвуковая мойка деталей;улица Дунентаева, 12в;+77478182354 +77475805876;+77478182354;yes;;;instagram:https://instagram.com/bmw_pride_service whatsapp:https://wa.me/77478182354 whatsapp:https://wa.me/77475805876;4.9;18;43.358598;76.995351;70000001090142383_m5hk2z1578G23H8301I2GGG02sD5rd73G6G505A811224549wpqt54623J1A2G7G6J0JB344D2efuv7B884A10133B4H639HHHGJHG2IA174e5
автосервис;Hanel Motors, автосервис;Легковой автосервис, Ремонт ходовой части автомобиля, Ремонт стартеров и генераторов, Ремонт бензиновых двигателей, Развал-схождение, Ремонт МКПП, Запчасти для легковых автомобилей, Замена масла, Компьютерная диагностика автомобилей, Автостекло, Ремонт рулевых реек;улица Толе би, 298в/1;+77714661241 +77013872414 +77071268652 +77083554207 +77471445678;+77071268652;yes;;;whatsapp:https://wa.me/77071268652 whatsapp:https://wa.me/77714661241;5;187;43.244186;76.851435;70000001025490814_m5hk2z1578G23H8301I2GGG02sD5rd73G6G505A811759392wpqt54623J1A2G7G6J0JB344D2efuv7B884A1013345H63AHHHGJHG2IA1747b
автосервис;Honda & Toyota Service, автосервис;Легковой автосервис, Ремонт ходовой части автомобиля, Замена масла, Ремонт бензиновых двигателей, Компьютерная диагностика автомобилей, Ремонт АКПП, Обслуживание автомобильных климатических систем, Ремонт выхлопных систем, Тюнинг;улица Наби, 256;+77058003090;+77058003090;yes;;;instagram:https://instagram.com/proauto_service whatsapp:https://wa.me/77058003090;4.7;18;43.264232;76.845366;70000001063066355_m5hk2z1578G23H8301I2GGG02sD5rd73G6G505A811516946wpqt54623J1A2G7G6J0JB344D2efuv7B884A1013386H63BHHHGJHG2IA174h3
автосервис;Ruldoctor, автосервис;Ремонт рулевых реек, Замена масла;улица Тургут Озала, 126;+77075557590;+77075557590;yes;;;instagram:https://instagram.com/ruldoctor whatsapp:https://wa.me/77075557590;4.7;47;43.246761;76.881654;70000001111668567_m5hk2z1578G23H8301IG0GGG2sD5rd73G6G505A811376B67wpqt54623J1A2G7G6J0JI62JD2efuv7B884A1013438H643HHHG3H1A
автосервис;Kaban parts and service, автосервис;Легковой автосервис, Ремонт стартеров и генераторов, Ремонт ходовой части автомобиля, Ремонт бензиновых двигателей, Ремонт дизельных двигателей, Ремонт МКПП, Обслуживание автомобильных климатических систем, Замена масла, Развал-схождение, Ремонт АКПП, Компьютерная диагностика автомобилей;улица Карасай батыра, 162/1;+77017760007 +77012068656 +77086232680;+77012068656;yes;;;instagram:https://instagram.com/kaban_market whatsapp:https://wa.me/77012068656 whatsapp:https://wa.me/77086232680;4.8;97;43.24833;76.903569;70000001019156340_m5hk2z1578G23H8301I2GGG02sD5rd73G6G505A811B25945wpqt54623J1A2G7G6J0JB344D2efuv7B884A1013331H644HHHGJHG2IA174gd
автосервис;SportGarage BMW;Легковой автосервис, Ремонт ходовой части автомобиля, Ремонт дизельных двигателей, Ремонт бензиновых двигателей, Ремонт МКПП, Ремонт АКПП, Тюнинг, Обслуживание автомобильных климатических систем, Ремонт электронных систем авто, Замена масла, Компьютерная диагностика автомобилей;Жумабаева улица, 76;+77017688001 +77007688001 +77075758588;+77017688001;yes;;http://sportgarage.satu.kz;instagram:https://instagram.com/bmw_sportgarage whatsapp:https://wa.me/77017688001 whatsapp:https://wa.me/77007688001 whatsapp:https://wa.me/77075758588 telegram:https://t.me/sportgarage;4.6;28;43.295024;77.039521;70000001033140233_m5hk2z1578G23H8301I2GGG02sD5rd73G6G505A811524334wpqt54623J1A2G7G6J0JB344D2efuv7B884A1013354H645HHHGJHG2IA17498
автосервис;DAS Esentai, автокомплекс;Легковой автосервис, Компьютерная диагностика автомобилей, Ремонт бензиновых двигателей, Ремонт дизельных двигателей, Ремонт ходовой части автомобиля, Замена масла, Обслуживание автомобильных климатических систем, Ремонт электронных систем авто;улица Енисейская, 26в;+77787222222;+77787222222;yes;;;instagram:https://instagram.com/dasesentai whatsapp:https://wa.me/77787222222;5;28;43.317035;76.963264;70000001025031055_m5hk2z1578G23H8301I2GGG02sD5rd73G6G505A811713416wpqt54623J1A2G7G6J0JB344D2efuv7B884A1013346H647HHHGJHG2IA17438
автосервис;Range Rover Service, сервисный центр;Легковой автосервис, Ремонт ходовой части автомобиля, Запчасти для легковых автомобилей, Развал-схождение, Авторазбор, Замена масла, Компьютерная диагностика автомобилей, Контрактные автозапчасти, Ремонт бензиновых двигателей, Шиномонтаж;улица Сагадат Нурмагамбетов, 118;+77778009955 +77477777848;+77477777848;yes;;http://rr-service.kz/;instagram:https://instagram.com/rangerover_service whatsapp:https://wa.me/77477777848;5;58;43.258221;76.980625;70000001038673301_m5hk2z1578G23H8301I2GGG02sD5rd73G6G505A811A77641wpqt54623J1A2G7G6J1JB344D2efuv7B884A1013352H648HHHGJHG3IA174B6
автосервис;Thor Auto Service, автосервис;Легковой автосервис, Ремонт ходовой части автомобиля, Ремонт бензиновых двигателей, Замена масла, Компьютерная диагностика автомобилей, Ремонт рулевых реек, Ремонт электронных систем авто, Обслуживание автомобильных климатических систем, Сварочные работы, Ультразвуковая мойка деталей;улица Туркебаева, 220;+77072220216;+77072220216;yes;;;instagram:https://instagram.com/thor_auto whatsapp:https://wa.me/77072220216 telegram:https://t.me/+77072220250;4.9;24;43.239179;76.880669;70000001089149151_m5hk2z1578G23H8301I2GGG02sD5rd73G6G505A811B24C26wpqt54623J1A2G7G6J0JB344D2efuv7B884A10133A2H649HHHGJHG2IA174Ac
автосервис;Батыр, автосервис;Легковой автосервис, Ремонт стартеров и генераторов, Ремонт ходовой части автомобиля, Автосигнализации, Обслуживание автомобильных климатических систем, Автозвук, Ремонт АКПП, Ремонт бензиновых двигателей, Компьютерная диагностика автомобилей;Алматинская улица, 16а;+77076062428 +77081967982 +77783239654 +77074943733;+77076062428;;;;;5;32;43.420281;76.914897;70000001038290248_m5hk2z1578G23H8301I2GGG02sD5rd73G6G505A811A39335wpqt54623J1A2G7G6J0JB344D2efuv7B884A1013359H64AHHHGJHG2IA174g4
автосервис;SCT SERVICE, сеть автосервисов и автомагазинов;Легковой автосервис, Запчасти для легковых автомобилей, Автохимия, Замена масла, Ремонт ходовой части автомобиля, Автоаксессуары, Ремонт бензиновых двигателей, Компьютерная диагностика автомобилей;улица Тургут Озала, 256а;+77084790006 +77273923768;+77084790006;yes;info@kung.kz;http://www.sct.kz http://kungkz.business.site/?m=true http://kung.kz;instagram:https://instagram.com/sct_service_official whatsapp:https://wa.me/77084790006;4.9;61;43.23397;76.883857;70000001029585821_m5hk2z1578G23H8301I2GGG02sD5rd73G6G505A811B68893wpqt54623J1A2G7G6J1JB344D2efuv7B884A1013342H64BHHHGJHG3IA17446
автосервис;Valvoline, автомагазин;Легковой автосервис, Автохимия, Запчасти для легковых автомобилей, Развал-схождение, Ремонт бензиновых двигателей, Ремонт выхлопных систем, Ремонт ходовой части автомобиля, Замена масла;улица Бокейханова, 33/1;+77774134589;+77774134589;yes;;http://www.v-service.kz;whatsapp:https://wa.me/77774134589;4.9;24;43.275492;76.90806;9429940000958610_m5hk2z1578G23HA72A4GGG0G2sD5rd73G6G505A811B68921wpqt54623J1A2G7G6JGC271JD2efuv7B884AA41232H62CJ1HHGJH0IB154Cc
автосервис;MB.Continentauto, автосервис;Легковой автосервис, Ремонт электронных систем авто, Ремонт дизельных двигателей, Компьютерная диагностика автомобилей, Ремонт ходовой части автомобиля;улица Майлина, 85а/2;+77052631608 +77473003009 +77000007790;+77052631608;yes;sergei.kurjidi@gmail.com;;whatsapp:https://wa.me/77052631608 instagram:https://instagram.com/continentalauto2025;4.9;33;43.335154;76.974033;9429940000793970_m5hk2z1578G23HA72A4GGG0G2sD5rd73G6G505A8119A3C81wpqt54623J1A2G7G6JGC271JD2efuv7B884AA41232H633J1HHGJH0IB15449
автосервис;Brosto Autoservice, автосервис;Легковой автосервис, Замена масла, Ремонт ходовой части автомобиля, Ремонт дизельных двигателей, Ремонт бензиновых двигателей, Ремонт электронных систем авто, Компьютерная диагностика автомобилей, Обслуживание автомобильных климатических систем, Ремонт рулевых реек, Ремонт стартеров и генераторов, Ремонт карданных валов, Ремонт турбин, Ультразвуковая мойка деталей;улица Касыма Шарипова, 59а;+77077779921 +77778308830;+77077779921;yes;;;instagram:https://instagram.com/brosto_service whatsapp:https://wa.me/77077779921 whatsapp:https://wa.me/77778308830;5;63;43.256362;76.830902;70000001055214182_m5hk2z1578G23H8301I2GGG02sD5rd73G6G505A811731729wpqt54623J1A2G7G6J0JB344D2efuv7B884A1013373H654HHHGJHG2IA174d9
автосервис;Pajerogarage.kz, автосервис;Запчасти для легковых автомобилей, Ремонт бензиновых двигателей, Ремонт дизельных двигателей, Ремонт ходовой части автомобиля;проспект Суюнбая, 43/1а;+77778290404 +77770720404;+77778290404;yes;;http://pajerogarage.kz;instagram:https://instagram.com/pajerogarage whatsapp:https://wa.me/77778290404 whatsapp:https://wa.me/77770720404;4.9;117;43.278962;76.950017;70000001037750317_m5hk2z1578G23H8301IG0GGG2sD5rd73G6G505A811985342wpqt54623J1A2G7G6J0JI62JD2efuv7B884A1013358H655HHHG3H19
автосервис;СТО 505, автосервис;Легковой автосервис, Ремонт ходовой части автомобиля, Ремонт бензиновых двигателей, Ремонт электронных систем авто, Обслуживание автомобильных климатических систем, Компьютерная диагностика автомобилей;улица Земнухова, 46;+77071100019;+77071100019;yes;;;whatsapp:https://wa.me/77071100019;4.6;16;43.348806;76.948134;70000001076463416_m5hk2z1578G23H8301I2GGG02sD5rd73G6G505A811856652wpqt54623J1A2G7G6J0JB344D2efuv7B884A1013397H656HHHGJHG2IA1742g
автосервис;Carborn, автосервис;Легковой автосервис, Ремонт бензиновых двигателей, Обслуживание автомобильных климатических систем, Ремонт ходовой части автомобиля, Компьютерная диагностика автомобилей;улица Баязитовой, 25/2;+77078210609 +77078211540;+77078211540;yes;;;whatsapp:https://wa.me/77078211540 whatsapp:https://wa.me/77078210609;4.6;13;43.163911;76.896268;70000001035998724_m5hk2z1578G23H8301I2GGG02sD5rd73G6G505A8117A9B83wpqt54623J1A2G7G6J0JB344D2efuv7B884A1013355H657HHHGJHG2IA174f3
автосервис;GARAGE 08 OIL SERVICE, пункт замены масла и антифриза;Легковой автосервис, Замена масла, Компьютерная диагностика автомобилей, Обслуживание автомобильных климатических систем, Автохимия, Ремонт ходовой части автомобиля;улица Яссауи, 2в;+77789904788 +77073662901;+77789904788;yes;;http://tiktok.com/@garage08_oil_service;instagram:https://instagram.com/garage08_almaty whatsapp:https://wa.me/77789904788 whatsapp:https://wa.me/77073662901;5;118;43.201133;76.839604;70000001045087900_m5hk2z1578G23H8301I2GGG02sD5rd73G6G505A811718AA1wpqt54623J1A2G7G6J0JB344D2efuv7B884A1013361H658HHHGJHG2IA174Bg
автосервис;Лидер Газ, компания;Легковой автосервис, Газовое оборудование для авто, Обслуживание автомобильных климатических систем, Ремонт бензиновых двигателей, Ремонт инжекторов, Компьютерная диагностика автомобилей, Кондиционеры, Переоборудование автомобилей, Монтаж климатических систем, Ультразвуковая мойка деталей;проспект Сейфуллина, 9Б;+77075689709 +77759855439;+77075689709;yes;;;instagram:https://instagram.com/lidergazalmaty whatsapp:https://wa.me/77075689709 telegram:https://t.me/+77075689709;4.9;156;43.337103;76.946227;70000001038926843_m5hk2z1578G23H8301I2GGG02sD5rd73G6G505A811AA2995wpqt54623J1A2G7G6J0JB344D2efuv7B884A1013354H659HHHGJHG2IA17476
автосервис;Garage 30, автосервис;Легковой автосервис, Замена масла, Компьютерная диагностика автомобилей, Обслуживание автомобильных климатических систем, Ремонт ходовой части автомобиля, Сварочные работы, Шиномонтаж, Ремонт бензиновых двигателей, Переоборудование автомобилей, Авторазбор, Ремонт АКПП, Тюнинг, Ремонт выхлопных систем, Ремонт МКПП, Ремонт рулевых реек;улица Папанина, 30;+77072540004;+77072540004;yes;;;whatsapp:https://wa.me/77072540004;5;25;43.298748;76.95484;70000001105086348_m5hk2z1578G23H8301I2GGG02sD5rd73G6G505A811718945wpqt54623J1A2G7G6J0JB344D2efuv7B884A1013429H65AHHHGJHG2IA174c1
автосервис;Сто70, автосервис;Легковой автосервис, Ремонт бензиновых двигателей, Компьютерная диагностика автомобилей, Ремонт ходовой части автомобиля, Ремонт выхлопных систем;улица Руставели, 27/1;+77476463390;+77476463390;yes;;;instagram:https://instagram.com/sto70_avtoservis_ whatsapp:https://wa.me/77476463390;4.6;14;43.298546;76.959161;70000001082443271_m5hk2z1578G23H8301I2GGG02sD5rd73G6G505A811454638wpqt54623J1A2G7G6J0JB344D2efuv7B884A10133A2H65BHHHGJHG2IA17498
автосервис;Tank Kuldzhinka, мультибрендовый автоцентр;Легковой автосервис, Продажа легковых автомобилей, Автоаксессуары, Запчасти для грузовых авто, Автозвук, Автохимия, Автосигнализации, Детейлинг, Компьютерная диагностика автомобилей, Развал-схождение, Обслуживание автомобильных климатических систем, Ремонт АКПП, Ремонт бензиновых двигателей, Ремонт выхлопных систем, Ремонт электронных систем авто, Тонирование автостёкол, Хранение шин, Шиномонтаж, Шины и диски;Кульджинский тракт, 100/1;+77750970776 +77750970778;+77750970776;;M.ReseptionTANK@mycar.kz;http://tank-kuldzhinka.kz/ru/?utm_source=2gis&utm_medium=cpa;instagram:https://instagram.com/tank_kuldzhinka;4.7;29;43.311113;77.01927;70000001075087924_m5hk2z1578G23H8301I2GGG02sD5rd73G6G505A811718AA3wpqt54623J1A2G7G6J1JB344D2efuv7B884A1013395H663HHHGJHG3IA17475
автосервис;Sub Service, автосервис;Легковой автосервис, Ремонт бензиновых двигателей, Обслуживание автомобильных климатических систем, Ремонт инжекторов, Компьютерная диагностика автомобилей, Ремонт МКПП, Ремонт АКПП, Ремонт ходовой части автомобиля, Запчасти для легковых автомобилей;улица Тургут Озала, 256в/1;+77010528888 +77017490488;+77010528888;yes;;;instagram:https://instagram.com/sub_servicekz whatsapp:https://wa.me/77010528888 whatsapp:https://wa.me/77017490488;4.8;55;43.233724;76.883732;70000001080794327_m5hk2z1578G23H8301I2GGG02sD5rd73G6G505A811289743wpqt54623J1A2G7G6J0JB344D2efuv7B884A10133A8H664HHHGJHG2IA1748c
автосервис;Task Automotive, автосервис;Легковой автосервис, Ремонт бензиновых двигателей, Замена масла, Ремонт ходовой части автомобиля, Компьютерная диагностика автомобилей, Запчасти для легковых автомобилей;проспект Турара Рыскулова, 57в/5;+77012148784;+77012148784;yes;;;instagram:https://instagram.com/taskautomotive whatsapp:https://wa.me/77012148784;3.9;109;43.288055;76.922769;9429940000800302_m5hk2z1578G23HA72A4GGG0G2sD5rd73G6G505A811A10613wpqt54623J1A2G7G6JGC271JD2efuv7B884AA41232H645J1HHGJH0IB154A3
автосервис;Zholdas Oil, автосервис;Замена масла, Ремонт ходовой части автомобиля, Ремонт бензиновых двигателей;улица Немировича-Данченко, 51г/1;+77071048888 +77475575758 +77788889060 +77028404949;+77071048888;yes;;;instagram:https://instagram.com/zholdas_oil whatsapp:https://wa.me/77071048888 whatsapp:https://wa.me/77475575758 whatsapp:https://wa.me/77788889060;4.8;214;43.264684;76.868153;70000001101198599_m5hk2z1578G23H8301IG0GGG2sD5rd73G6G505A811329B6Awpqt54623J1A2G7G6J0JI62JD2efuv7B884A101342AH666HHHG3H4c
автосервис;Fix Car, автосервис;Легковой автосервис, Компьютерная диагностика автомобилей, Ремонт ходовой части автомобиля, Ремонт бензиновых двигателей, Обслуживание автомобильных климатических систем, Ремонт АКПП, Замена масла, Ремонт МКПП;улица Даналык, 40;+77023488398 +77758565408;+77023488398;yes;;http://fixcar.kz/;whatsapp:https://wa.me/77023488398 whatsapp:https://wa.me/77758565408;5;32;43.29603;76.971265;70000001087006625_m5hk2z1578G23H8301I2GGG02sD5rd73G6G505A811910973wpqt54623J1A2G7G6J0JB344D2efuv7B884A10133A6H667HHHGJHG2IA174f8
автосервис;Jlr Lab, автосервис;Легковой автосервис, Ремонт ходовой части автомобиля, Компьютерная диагностика автомобилей, Ремонт бензиновых двигателей, Ремонт рулевых реек, Ремонт АКПП;проспект Турара Рыскулова, 72;+77471588866;+77076088866;yes;;;instagram:https://instagram.com/jlrlab_ whatsapp:https://wa.me/77076088866;4.5;62;43.284325;76.920357;70000001110641017_m5hk2z1578G23H8301I2GGG02sD5rd73G6G505A811274412wpqt54623J1A2G7G6J0JB344D2efuv7B884A1013438H669HHHGJHG2IA174gf
автосервис;SS+, компания по ремонту автомобилей Chevrolet;Легковой автосервис, Ремонт бензиновых двигателей, Ремонт выхлопных систем, Тюнинг, Ремонт ходовой части автомобиля, Компьютерная диагностика автомобилей, Ремонт электронных систем авто;улица Бейсембаева, 72/1;+77777383030;+77777383030;yes;;http://tiktok.com/@chevroletirgeli;whatsapp:https://wa.me/77777383030;4.7;25;43.229696;76.755387;70000001101138484_m5hk2z1578G23H8301I2GGG02sD5rd73G6G505A811323B59wpqt54623J1A2G7G6J0JB344D2efuv7B884A1013425H66AHHHGJHG2IA174A5
автосервис;Автосервис;Легковой автосервис, Обслуживание автомобильных климатических систем, Автосигнализации, Автозвук, Компьютерная диагностика автомобилей, Ремонт инжекторов, Ремонт электронных систем авто, Установка и ремонт автооптики;улица Баймагамбетова, 214;+77018315767 +77471016370;+77471016370;yes;;;whatsapp:https://wa.me/77471016370 whatsapp:https://wa.me/77018315767;4.9;50;43.31281;76.972802;70000001096569045_m5hk2z1578G23H8301I2GGG02sD5rd73G6G505A811866C15wpqt54623J1A2G7G6J0JB344D2efuv7B884A10133B6H66BHHHGJHG2IA174Ac
автосервис;Айболит, автосервис;Легковой автосервис, Ремонт стартеров и генераторов, Ремонт ходовой части автомобиля, Ремонт бензиновых двигателей, Ремонт выхлопных систем, Компьютерная диагностика автомобилей, Ремонт МКПП, Сварочные работы, Ремонт рулевых реек, Замена масла;улица Бирлик, 98а;+77053059356 +77077600320 +77066590992;+77066590992;yes;;;vkontakte:https://vk.com/stoaibolit whatsapp:https://wa.me/77066590992 whatsapp:https://wa.me/77053059356;4.7;86;43.177291;76.756974;70000001027272878_m5hk2z1578G23H8301I2GGG02sD5rd73G6G505A811937598wpqt54623J1A2G7G6J0JB344D2efuv7B884A1013349H66CHHHGJHG2IA174B4
автосервис;DMC, СТО;Легковой автосервис, Кузовной ремонт, Ремонт бензиновых двигателей, Ремонт ходовой части автомобиля, Ремонт стартеров и генераторов, Компьютерная диагностика автомобилей, Развал-схождение, Ремонт МКПП, Ремонт дизельных двигателей, Ремонт электронных систем авто, Автосигнализации;микрорайон Аксай-1а, 27г;+77013255614;+77013255614;yes;;;whatsapp:https://wa.me/77013255614 telegram:https://t.me/+77013255614;4.9;35;43.241395;76.822803;9429940001240916_m5hk2z1578G23HA72A4GGG0G2sD5rd73G6G505A811450C27wpqt54623J1A2G7G6JGC271JD2efuv7B884AA41233H653J1HHGJH0IB154g9
автосервис;Transit Master, автосервис;Легковой автосервис, Ремонт ходовой части автомобиля, Ремонт выхлопных систем, Ремонт дизельных двигателей, Замена масла, Компьютерная диагностика автомобилей;проспект Райымбека, 523а;+77071034717 +77017168864;+77017168864;yes;;http://www.glushitel.kz;whatsapp:https://wa.me/77017168864 whatsapp:https://wa.me/77071034717;4.2;36;43.234905;76.799337;70000001034019930_m5hk2z1578G23H8301I2GGG02sD5rd73G6G505A811611CA4wpqt54623J1A2G7G6J0JB344D2efuv7B884A1013351H674HHHGJHG2IA174cd
автосервис;New star almaty, комплекс;Легковой автосервис, Компьютерная диагностика автомобилей, Ремонт бензиновых двигателей, Ремонт АКПП, Ремонт ходовой части автомобиля, Обслуживание автомобильных климатических систем, Развал-схождение, Шиномонтаж, Хранение шин;улица Зимняя, 1в;+77017875545 +77772367974 +77029499779 +77781251441;+77017875545;yes;;;instagram:https://instagram.com/newstarauto_almaty whatsapp:https://wa.me/77017875545 whatsapp:https://wa.me/77029499779 whatsapp:https://wa.me/77772367974;5;79;43.354759;76.991433;70000001032426711_m5hk2z1578G23H8301I2GGG02sD5rd73G6G505A811452982wpqt54623J1A2G7G6J0JB344D2efuv7B884A1013352H675HHHGJHG2IA17425
автосервис;Субарик, автосервис и магазин по продаже автозапчастей;Легковой автосервис, Ремонт бензиновых двигателей, Шиномонтаж, Ремонт ходовой части автомобиля, Замена масла, Развал-схождение, Хранение шин;улица Муратбаева, 57;+77718352610 +77272334052;+77718352610;yes;;;whatsapp:https://wa.me/77718352610;4.6;97;43.264059;76.916899;70000001059687278_m5hk2z1578G23H8301I2GGG02sD5rd73G6G505A811B78A38wpqt54623J1A2G7G6J0JB344D2efuv7B884A1013379H676HHHGJHG2IA1748g
автосервис;Юта-Service, автосервис;Легковой автосервис, Ремонт ходовой части автомобиля, Ремонт бензиновых двигателей, Ремонт дизельных двигателей, Ремонт рулевых реек, Компьютерная диагностика автомобилей;улица Саги Ашимова, 200;+77775932423 +77077526558;+77775932423;yes;;;whatsapp:https://wa.me/77775932423;4.4;12;43.264373;76.850326;70000001060763502_m5hk2z1578G23H8301I2GGG02sD5rd73G6G505A811286661wpqt54623J1A2G7G6J0JB344D2efuv7B884A1013383H677HHHGJHG2IA17474
автосервис;У Михайловича, автосервис;Легковой автосервис, Ремонт стартеров и генераторов, Ремонт ходовой части автомобиля, Компьютерная диагностика автомобилей, Ремонт бензиновых двигателей;улица Жангельдина, 109;+77273862489 +77777434024 +77014144374;+77014144374;yes;;;whatsapp:https://wa.me/77014144374;3.6;24;43.280708;76.955947;70000001021112883_m5hk2z1578G23H8301I2GGG02sD5rd73G6G505A811321599wpqt54623J1A2G7G6J0JB344D2efuv7B884A1013344H678HHHGJHG2IA1742d
автосервис;KIB motorsport, автосервис;Легковой автосервис, Тюнинг, Ремонт ходовой части автомобиля, Ремонт бензиновых двигателей, Переоборудование автомобилей, Замена масла, Компьютерная диагностика автомобилей, Ремонт рулевых реек, Ремонт МКПП;проспект Суюнбая, 33;+77011986681 +77019600310;+77011986681;yes;;;instagram:https://instagram.com/kib_motorsport whatsapp:https://wa.me/77011986681;4.9;37;43.275906;76.948825;70000001028265606_m5hk2z1578G23H8301I2GGG02sD5rd73G6G505A811A36871wpqt54623J1A2G7G6J0JB344D2efuv7B884A1013347H679HHHGJHG2IA1745A
автосервис;EXPERT OIL SERVICE + UNITED OIL, №1, Сеть пунктов замены масел и автомагазинов;Легковой автосервис, Замена масла, Автохимия, Автомобильные аккумуляторы, Запчасти для легковых автомобилей, Автоаксессуары, Установка и ремонт автостёкол;улица Демьяна Бедного, 5а;+77009787000101;+77009787000;yes;info@expertoil.kz;http://www.expertoil.kz;vkontakte:https://vk.com/expertoilalmaty facebook:https://facebook.com/expertoilkz whatsapp:https://wa.me/77009787000;4.9;212;43.295012;76.951915;70000001019929981_m5hk2z1578G23H8301I2GGG02sD5rd73G6G505A811BA2CA9wpqt54623J1A2G7G6J1JB344D2efuv7B884A1013332H67AHHHGJHG3IA1748d
автосервис;Arman motors, СТО;Легковой автосервис, Компьютерная диагностика автомобилей, Ремонт ходовой части автомобиля, Ремонт бензиновых двигателей, Замена масла, Развал-схождение, Кузовной ремонт, Шиномонтаж;Алатауская трасса, 65;+77072427785;+77072427785;yes;;;instagram:https://instagram.com/arman_motors_service whatsapp:https://wa.me/77072427785;4.7;29;43.337352;77.059303;70000001030043181_m5hk2z1578G23H8301I2GGG02sD5rd73G6G505A811214629wpqt54623J1A2G7G6J0JB344D2efuv7B884A1013352H67BHHHGJHG2IA174c7
автосервис;StarForce, автосервис;Легковой автосервис, Ремонт МКПП, Ремонт АКПП, Компьютерная диагностика автомобилей, Развал-схождение, Ремонт ходовой части автомобиля, Ремонт бензиновых двигателей, Замена масла, Ремонт выхлопных систем;проспект Суюнбая, 211;+77059828805;+77059828805;yes;;;whatsapp:https://wa.me/77059828805;5;21;43.314669;76.957296;70000001100342052_m5hk2z1578G23H8301I2GGG02sD5rd73G6G505A811244516wpqt54623J1A2G7G6J0JB344D2efuv7B884A1013423H67CHHHGJHG2IA1747g
салон красоты;Cozy lab, салон красоты;Ногтевой сервис, Оформление бровей и ресниц;проспект Гагарина, 124;+77476458767;+77476458767;yes;inzhu-2016@mail.ru;;instagram:https://instagram.com/cozylab_almaty whatsapp:https://wa.me/77476458767;4.7;388;43.238105;76.897064;70000001081999536_96dile1578G23H8301IGG0GGt4l5xc73G6G505A8113A9C64wpqt54625J1A4G7G1J5926G51udpuv7B884A10133A7H1J4HHHGJ2G781444
салон красоты;Nogti Mania, студия красоты;Ногтевой сервис, Оформление бровей и ресниц, Парикмахерские услуги, Эпиляция, Косметолог;проспект Сейфуллина, 412;+77470101530 +77272799007;+77470101530;yes;;;instagram:https://instagram.com/nogtimania.salon whatsapp:https://wa.me/77470101530;4.8;682;43.264774;76.931766;70000001040596963_96dile1578G23H8301IGG0GGt4l5xc73G6G505A8112699A7wpqt54625J1A4G7G1J5926G51udpuv7B884A1013364H2J4HHHGJ2G7814ee
салон красоты;Star Nails, сеть ногтевых студий;Ногтевой сервис, Оформление бровей и ресниц, Эпиляция, Подолог;улица Желтоксан, 129/135;+77072258974 +77272673700 +77272728393;+77072258974;yes;info@starnails.kz;http://www.starnails.kz;facebook:https://facebook.com/starnails.kz instagram:https://instagram.com/starnails_kz whatsapp:https://wa.me/77072258974;4.8;435;43.248639;76.940259;9429940000836625_96dile1578G23HA72AIG0GGGt4l5xc73G6G505A811A46936wpqt54625J1A4G7G1J635J2J1udpuv7B884AA41232H3H4J6HHG4H582497
салон красоты;Incanto, салон красоты;Ногтевой сервис, Парикмахерские услуги, Оформление бровей и ресниц, Бижутерия, Косметолог;улица Сеченова, 30/8;+77071267785;+77071267785;yes;;;whatsapp:https://wa.me/77071267785;4.9;218;43.213886;76.896342;70000001052550085_96dile1578G23H8301IGG0GGt4l5xc73G6G505A811465319wpqt54625J1A4G7G1J5926G51udpuv7B884A1013376H4J4HHHGJ2G7814di
салон красоты;Badi, салон красоты;Парикмахерские услуги, Визажисты, Ногтевой сервис, Эпиляция, Оформление бровей и ресниц, Парики и накладные волосы, Детские парикмахерские;микрорайон Самал-2, 32;+77019496008;+77019496008;yes;badisalon@mail.ru;http://zapis.kz/salon/437;instagram:https://instagram.com/badisalon whatsapp:https://wa.me/77019496008;4.8;1001;43.229409;76.953987;70000001025141518_96dile1578G23H8301IG0GGGt4l5xc73G6G505A811724462wpqt54625J1A4G7G1J337J2J1udpuv7B884A1013349H6J4HHHG4H327g9
салон красоты;Montebello, салон красоты;Парикмахерские услуги, Ногтевой сервис, Оформление бровей и ресниц, Эпиляция, Визажисты, Подолог;проспект Абая, 164/6 к6;+77761112585;+77761112585;yes;;http://app.arnica.pro/booking/booking?orgid=70155;instagram:https://instagram.com/montebello_almaty whatsapp:https://wa.me/77761112585;4.9;775;43.236108;76.87902;70000001066660465_96dile1578G23H8301IG0GGGt4l5xc73G6G505A811876357wpqt54625J1A4G7G1J337J2J1udpuv7B884A1013386H7J4HHHG4H32766
салон красоты;Iris Thai Spa, салон;SPA-процедуры, Массажист;улица Маркова, 61/1;+77004900199 +77004900198;+77079199420;yes;;http://iristhai-spa.kz;instagram:https://instagram.com/iris_thai_spa whatsapp:https://wa.me/77079199420 whatsapp:https://wa.me/77004900198 telegram:https://t.me/iris_thai_spa;4.9;1142;43.226046;76.935421;70000001043816790_96dile1578G23H83014GGG0Gt4l5xc73G6G505A81159198Awpqt54625J1A4G7G1J59989J1udpuv7B884A1013361H8J4HHHGJH1I7788C28
салон красоты;Jam Beauty & Spa, SPA-салон;SPA-процедуры, Ногтевой сервис, Массажист, Парикмахерские услуги, Эпиляция, Визажисты, Оформление бровей и ресниц;проспект Достык, 308е блок 2;+77019811919;+77019811919;yes;;;instagram:https://instagram.com/jambeautymassage whatsapp:https://wa.me/77019811919;5;29;43.210219;76.968822;70000001112462234_96dile1578G23H83014GGG0Gt4l5xc73G6G505A811456534wpqt54625J1A4G7G1J59989J1udpuv7B884A1013435H9J4HHHGJH1I7788C54
салон красоты;Krasnoe Yabloko, сеть студий красоты;Ногтевой сервис, Парикмахерские услуги, Визажисты, Оформление бровей и ресниц, Эпиляция;проспект Назарбаева, 77;+77075329888;+77475781103;yes;diana.lisicyna@bk.ru;http://zapis.kz/krasnoe_yabloko;instagram:https://instagram.com/krasnoeyabloko.kz whatsapp:https://wa.me/77475781103;4.9;1931;43.260603;76.945663;70000001046608101_96dile1578G23H8301IGG0GGt4l5xc73G6G505A811870B21wpqt54625J1A4G7G1J5926G51udpuv7B884A1013362HAJ4HHHGJ2G7814hh
салон красоты;Bota Eyebrows, салон красоты;Ногтевой сервис, Оформление бровей и ресниц, Парикмахерские услуги, Визажисты, Перманентный макияж, Косметолог;улица Жарокова, 137 блок В2;+77025006262 +77075206262;+77075206262;yes;;http://botagozbeisenova.taplink.ws/?fbclid=PAZXh0bgNhZW0CMTEAAaeYgXi5Yl5AMQrPoMAkWbyB6rjqWWuZkp-U-rYs47tZG9DbP_yQ1zo_feoJjA_aem_iLtjPCNAhmjjbJ2Ar45j2A;instagram:https://instagram.com/botagozbeisenova_beauty whatsapp:https://wa.me/77075206262 whatsapp:https://wa.me/77025006262;4.9;483;43.236904;76.899311;70000001025515397_96dile1578G23H83014GGG0Gt4l5xc73G6G505A81176184Awpqt54625J1A4G7G1JG8833J1udpuv7B884A1013348H23J2HHGJH1I7716B7
салон красоты;Dili, салон красоты;Парикмахерские услуги, Ногтевой сервис, Оформление бровей и ресниц, Визажисты, Косметолог, Эпиляция, Перманентный макияж;улица Толе би, 234Б;+77079342186 +77072186204;+77477929228;yes;dili_raimova@mail.ru;;instagram:https://instagram.com/salon_dili whatsapp:https://wa.me/77477929228 whatsapp:https://wa.me/77079342186 whatsapp:https://wa.me/77072186204;4.9;544;43.250095;76.881566;70000001029247107_96dile1578G23H8301IGG0GGt4l5xc73G6G505A811B34A21wpqt54625J1A4G7G1JG628G51udpuv7B884A1013348H24J2HHGJ2G5262B
салон красоты;Dofamine, студия наращивания ресниц;Оформление бровей и ресниц, Эпиляция, Перманентный макияж;улица Варламова, 1/3 блок А;+77079641331;+77079641331;yes;;;instagram:https://instagram.com/dofamine.kz whatsapp:https://wa.me/77079641331;4.9;250;43.245742;76.870108;70000001040450079_6dile1u27B884A3625531243567ct4l5xc9G51578G7G1J3H8G433387t5473G65A8114G3011013GJHGI3Hdpuvwpq625J1A08AH25J2G2GGG1HA
салон красоты;Shynar_Vizazh, салон красоты;Ногтевой сервис, Визажисты, Парикмахерские услуги, Обучение мастеров для салонов красоты, Оформление бровей и ресниц, Эпиляция;улица Навои, 30/1 блок 3;+77781945556;+77781945556;yes;;;whatsapp:https://wa.me/77781945556 whatsapp:https://wa.me/77756366088;4.9;171;43.218243;76.882833;70000001113288043_96dile1578G23H83014GGG0Gt4l5xc73G6G505A811538B15wpqt54625J1A4G7G1JG8833J1udpuv7B884A1013434H26J2HHGJH1I77165B
салон красоты;Bolatova beauty, салон красоты;Ногтевой сервис, Оформление бровей и ресниц, Эпиляция, Парикмахерские услуги, Визажисты, Услуги пирсинга, Обучение мастеров для салонов красоты, Косметолог;микрорайон Шугыла, 340/35;+77479625803;+77479625803;yes;;;instagram:https://instagram.com/bolatova_beauty whatsapp:https://wa.me/77479625803;4.8;426;43.209171;76.786046;70000001097014190_96dile1578G23H83014GGG0Gt4l5xc73G6G505A81191172Awpqt54625J1A4G7G1JG8833J1udpuv7B884A10133B1H27J2HHGJH1I771656
салон красоты;Kara Beauty Lounge, салон красоты;Ногтевой сервис, Косметолог, Визажисты, Оформление бровей и ресниц, Парикмахерские услуги, Эпиляция;улица Аскарова, 10;+77477069539;+77477069539;yes;karabeautylounge2025@gmail.com;http://karabeauty.kz/;instagram:https://instagram.com/kara.beauty.lounge whatsapp:https://wa.me/77477069539;4.9;411;43.186843;76.86615;70000001096537071_96dile1578G23H83014GGG0Gt4l5xc73G6G505A811863A18wpqt54625J1A4G7G1JG8833J1udpuv7B884A10133B2H28J2HHGJH1I77163e
салон красоты;Mafia Nails, студия красоты;Ногтевой сервис, Оформление бровей и ресниц, Эпиляция, Перманентный макияж;улица Гоголя, 20;+77472436567;+77472436567;yes;;;instagram:https://instagram.com/mafia_nails_almaty whatsapp:https://wa.me/77472436567;4.9;325;43.260844;76.960471;70000001045730413_96dile1578G23H83014GGG0Gt4l5xc73G6G505A811783352wpqt54625J1A4G7G1JG8833J1udpuv7B884A1013364H29J2HHGJH1I7716e3
салон красоты;К3-Beauty, салон красоты;Ногтевой сервис, Парикмахерские услуги, Оформление бровей и ресниц, Визажисты;проспект Серкебаева, 146/2;+77072306591;+77072306591;yes;;;instagram:https://instagram.com/k3.beautysalon whatsapp:https://wa.me/77072306591;4.9;34;43.200969;76.899519;70000001105004432_96dile1578G23H83014GGG0Gt4l5xc73G6G505A811710754wpqt54625J1A4G7G1JG8833J1udpuv7B884A1013423H2AJ2HHGJH1I771649
салон красоты;Beauty idea, салон красоты;Ногтевой сервис, Тонизирующие салоны, Парикмахерские услуги, Оформление бровей и ресниц, Эпиляция, Массажист, Косметолог, Визажисты;проспект Гагарина, 309/1;+77777248870;+77777248870;yes;;http://zapis.kz/salon/639;instagram:https://instagram.com/beauty.idea.kz whatsapp:https://wa.me/77777248870;4.9;252;43.202736;76.897588;70000001037410169_96dile1578G23H83014GGG0Gt4l5xc73G6G505A811951327wpqt54625J1A4G7G1JG8833J1udpuv7B884A101335AH2BJ2HHGJH1I7716hf
салон красоты;Level Beauty Concept, студия наращивания ресниц;Оформление бровей и ресниц, Эпиляция, Обучение мастеров для салонов красоты;улица Кунаева, 43;+77006002026;+77006002026;yes;;http://levelbeautyconcept.kz/;instagram:https://instagram.com/level_beauty_concept whatsapp:https://wa.me/77006002026;5;33;43.262917;76.948928;70000001069164149_6dile1u27B884A38B26722435677t4l5xc9G51578G7G1J3H8G433387t5473G65A8114G3011013GJHGI3Hdpuvwpq625J1A05AH2CJ2G2GGG1HA
салон красоты;Prima Beauty Lab, салон красоты;Парикмахерские услуги, Ногтевой сервис, Эпиляция, Косметолог, Оформление бровей и ресниц, Визажисты, Перманентный макияж, Массажист;улица Навои, 30 блок 14;+77718333114;+77718333114;yes;;;instagram:https://instagram.com/prima.navoi whatsapp:https://wa.me/77718333114;4.6;80;43.218316;76.882092;70000001113726253_96dile1578G23H8301IGG0GGt4l5xc73G6G505A811582936wpqt54625J1A4G7G1JG628G51udpuv7B884A1013434H33J2HHGJ2G526dA
салон красоты;Hair stylist Zulya, парикмахерская;Парикмахерские услуги, Визажисты;4-й микрорайон, 10а;+77773155631;+77773155631;yes;;http://tiktok.com/@hair_stylist_zulya;instagram:https://instagram.com/hair_stylist_zulya whatsapp:https://wa.me/77773155631;4.7;43;43.225487;76.859943;70000001046991685_96dile1578G23H8301IGG0GGt4l5xc73G6G505A8118A9479wpqt54625J1A4G7G1JG628G51udpuv7B884A1013366H34J2HHGJ2G526c3
салон красоты;Qoroleva_lashes, студия красоты;Оформление бровей и ресниц, Ногтевой сервис;проспект Жибек Жолы, 50 блок В;+77076669983;+77079888832;yes;;;instagram:https://instagram.com/qoroleva_lashes whatsapp:https://wa.me/77079888832;4.5;546;43.26193;76.954652;70000001080892493_6dile1u27B884A3A299552435676t4l5xc9G51578G7G1J3H8G433387t5473G65A8114G3011013GJHGI3Hdpuvwpq625J1A0A4H35J2G2GGG1H1
салон красоты;Керім, салон;Парикмахерские услуги, Ногтевой сервис, Визажисты, Оформление бровей и ресниц, Обучение мастеров для салонов красоты, Эпиляция;улица Жамбыла, 120;+77011726333;+77011726333;yes;;http://zapis.kz/kerim;instagram:https://instagram.com/salon_kerim_ whatsapp:https://wa.me/77011726333;4.7;844;43.246298;76.923441;70000001057558488_96dile1578G23H8301IGG0GGt4l5xc73G6G505A811965B59wpqt54625J1A4G7G1JG628G51udpuv7B884A1013379H36J2HHGJ2G526b6
салон красоты;Starkova Express Beauty Studio, экспресс-студия красоты;Ногтевой сервис, Оформление бровей и ресниц, Визажисты, Обучение мастеров для салонов красоты, Массажист;проспект Достык, 276;+77012022400;+77012022400;yes;Starebeautys@gmal.com;http://n1363103.alteg.io;instagram:https://instagram.com/starkova_expressbeauty whatsapp:https://wa.me/77012022400 telegram:https://t.me/+77012022400;4.9;73;43.219172;76.964118;70000001061238018_96dile1578G23H83014GGG0Gt4l5xc73G6G505A811333B12wpqt54625J1A4G7G1JG8833J1udpuv7B884A1013389H37J2HHGJH1I77164g
салон красоты;la_manicur_almaty, студия красоты;Ногтевой сервис;улица Мустай Карим, 13а;+77750782222;+77750782222;yes;;;instagram:https://instagram.com/la_manicur_almaty whatsapp:https://wa.me/77750782222;4.8;382;43.210121;76.858891;70000001061382206_96dile1578G23H83014GGG0Gt4l5xc73G6G505A811348531wpqt54625J1A4G7G1JG8833J1udpuv7B884A1013387H38J2HHGJH1I771679
салон красоты;Tulip medicine, центр эстетической косметологии и гинекологии;Косметолог, Массажист, Медицинская диагностика, Гинеколог, Оформление бровей и ресниц, Трихолог;проспект Достык, 36;+77010750808;+77010750808;yes;info@t-med.kz;http://t-med.kz/;instagram:https://instagram.com/tulip_med_almaty whatsapp:https://wa.me/77010750808;5;440;43.253473;76.956028;70000001052281615_96dile1578G23H8301IGG0GGt4l5xc73G6G505A811438472wpqt54625J1A4G7G1JG975G51udpuv7B884A1013376H39J2HHGJ2G87343
салон красоты;Aura beauty house, салон красоты;Ногтевой сервис, Визажисты, Оформление бровей и ресниц, Парикмахерские услуги, Эпиляция, Обучение мастеров для салонов красоты, Перманентный макияж;микрорайон Шугыла, 340/3 к11;+77000957040;+77000957040;yes;;;instagram:https://instagram.com/aura_beautyhouse whatsapp:https://wa.me/77000957040;4.8;321;43.2066;76.78735;70000001079740810_96dile1578G23H83014GGG0Gt4l5xc73G6G505A811B84392wpqt54625J1A4G7G1JG8833J1udpuv7B884A1013391H3AJ2HHGJH1I7716B2
салон красоты;Алима, салон красоты;Парикмахерские услуги, Косметолог, Ногтевой сервис, Визажисты, Услуги загара, Оформление бровей и ресниц, Перманентный макияж, Эпиляция;проспект Жибек Жолы, 32;+77054122106 +77273824310;+77054122106;yes;;;instagram:https://instagram.com/beauty_alima_ whatsapp:https://wa.me/77054122106;4.8;186;43.262927;76.960324;9429940000791749_96dile1578G23HA72AIG0GGGt4l5xc73G6G505A8119A1A5Awpqt54625J1A4G7G1J337J2J1udpuv7B884AA41232H39J4HHHG4H3275b
салон красоты;Sana Aesthetic Studio, студия ресниц, косметологии и маникюра;Косметолог, Визажисты, Оформление бровей и ресниц, Частные стоматологии, Массажист, Ногтевой сервис;улица Кабдолова, 22Б;+77786812923;+77786812923;yes;Sanastudii@gmail.com;;instagram:https://instagram.com/sana_aesthetik whatsapp:https://wa.me/77786812923 telegram:https://t.me/+77786812923;5;37;43.235773;76.848843;70000001109790344_96dile1578G23H8301IGG0GGt4l5xc73G6G505A811B89345wpqt54625J1A4G7G1JG975G51udpuv7B884A1013425H3CJ2HHGJ2G8732i
салон красоты;Nailfie.kz, ногтевая студия;Ногтевой сервис, Парикмахерские услуги;улица Розыбакиева, 247 блок 3;+77019414442;+77019414442;yes;nailfie.kz@mail.ru;;instagram:https://instagram.com/nailfie.kz whatsapp:https://wa.me/77019414442;5;118;43.20397;76.893654;70000001036426392_96dile1578G23H83014GGG0Gt4l5xc73G6G505A81185294Awpqt54625J1A4G7G1JG8833J1udpuv7B884A1013353H43J2HHGJH1I7716BA
салон красоты;N15, студия ногтевых услуг;Ногтевой сервис;проспект Гагарина, 124;+77713660962;+77713660962;yes;;;instagram:https://instagram.com/n15_almaty whatsapp:https://wa.me/77713660962 telegram:https://t.me/n15nailstudio;4.9;94;43.237702;76.896907;70000001057016223_96dile1578G23H83014GGG0Gt4l5xc73G6G505A811911933wpqt54625J1A4G7G1JG8833J1udpuv7B884A1013374H44J2HHGJH1I77167d
салон красоты;Topmaster_bibizhan_, студия наращивания ресниц;Оформление бровей и ресниц;улица Розыбакиева, 247 блок 1;+77058500075;+77058500075;yes;;;instagram:https://instagram.com/bibizhan_lashmaker whatsapp:https://wa.me/77058500075;4.8;20;43.204714;76.893502;70000001074997029_6dile1u27B884A396A9A12435679t4l5xc9G51578G7G1J3H8G433387t5473G65A8114G3011013GJHGI3Hdpuvwpq625J1A03AH45J2G2GGG1H7
салон красоты;Florella, салон красоты;Ногтевой сервис, Парикмахерские услуги, Визажисты, Косметолог, Оформление бровей и ресниц, Эпиляция;микрорайон Орбита-1, 28;+77272653355 +77073330583;+77073330583;yes;;;instagram:https://instagram.com/florella_salon whatsapp:https://wa.me/77073330583;5;423;43.20077;76.880166;9429940000901797_96dile1578G23HA72AIGG0GGt4l5xc73G6G505A811B11AA8wpqt54625J1A4G7G1J5926G51udpuv7B884AA41232H44J4HHHGJ2G78146i
салон красоты;Fuerte, салон красоты;Парикмахерские услуги, Визажисты, Ногтевой сервис, Оформление бровей и ресниц;улица Шолохова, 15;+77273516957 +77058270883;+77058270883;yes;;;instagram:https://instagram.com/fuerte.salon whatsapp:https://wa.me/77058270883;4.9;106;43.335775;76.948862;70000001094604745_96dile1578G23H8301IGG0GGt4l5xc73G6G505A811670785wpqt54625J1A4G7G1JG628G51udpuv7B884A10133B6H48J2HHGJ2G5263h
салон красоты;BOTA ABDIRAMANOVA, салон красоты;Визажисты, Парикмахерские услуги, Косметолог, Ногтевой сервис, Обучение мастеров для салонов красоты, Перманентный макияж, Эпиляция;улица Кабдолова, 1/4;+77010280003;+77010280003;yes;bota.beautysalon@gmail.com;;vkontakte:https://vk.com/bota_beautysalon instagram:https://instagram.com/bota.beautysalon whatsapp:https://wa.me/77010280003;4.7;1182;43.237369;76.849476;70000001034346387_96dile1578G23H8301I2GGG0t4l5xc73G6G505A811644949wpqt54625J1A4G7G1JG8AB5B1udpuv7B884A1013358H49J2HHGJHG3I69B8A44
салон красоты;Ton, салон красоты;Парикмахерские услуги, Ногтевой сервис, Оформление бровей и ресниц, Визажисты;проспект Серкебаева, 146/5;+77053913147;+77053913147;yes;tolganayomirali@gmail.com;;instagram:https://instagram.com/ton_beautysalon whatsapp:https://wa.me/77053913147;4.9;84;43.2014;76.901524;70000001036466194_96dile1578G23H8301IGG0GGt4l5xc73G6G505A81185692Awpqt54625J1A4G7G1JG628G51udpuv7B884A1013355H4AJ2HHGJ2G52654
салон красоты;Lady Art Nails, салон красоты;Ногтевой сервис, Оформление бровей и ресниц, Перманентный макияж, Косметолог, Обучение мастеров для салонов красоты, Визажисты;1-й микрорайон, 39а;+77021111662;+77021111662;yes;kotkova_1111@mail.ru;;instagram:https://instagram.com/lady_art_nails_ whatsapp:https://wa.me/77021111662;4.9;102;43.227717;76.848891;70000001063741681_96dile1578G23H83014GGG0Gt4l5xc73G6G505A811584479wpqt54625J1A4G7G1JG8833J1udpuv7B884A1013382H4BJ2HHGJH1I7716f4
салон красоты;Дана, салон красоты;Парикмахерские услуги, Оформление бровей и ресниц, Ногтевой сервис, Эпиляция, Косметолог, Визажисты, Перманентный макияж;микрорайон Орбита-1, 27;+77070424285 +77013835354;+77013835354;yes;;;instagram:https://instagram.com/dana_beauty_salon__ whatsapp:https://wa.me/77013835354;4.7;387;43.201441;76.880502;70000001064193004_96dile1578G23H8301IGG0GGt4l5xc73G6G505A811629611wpqt54625J1A4G7G1JG628G51udpuv7B884A1013385H4CJ2HHGJ2G5267C
салон красоты;Timeless Beauty Studio, студия оформления ресниц и бровей;Оформление бровей и ресниц, Ногтевой сервис, Перманентный макияж, Визажисты;улица Кунаева, 43;+77073355291;+77751876827;yes;;;instagram:https://instagram.com/timeless__beauty_st whatsapp:https://wa.me/77751876827;5;64;43.262917;76.948928;70000001110570417_6dile1u27B884A4326735243567et4l5xc9G51578G7G1J3H8G433387t5473G65A8114G3011013GJHGI3Hdpuvwpq625J1A028H53J2G2GGG1H7
салон красоты;Дом мастеров Academy SK, салон красоты;Ногтевой сервис, Косметолог, Массажист, Парикмахерские услуги, Обучение мастеров для салонов красоты, Эпиляция, SPA-процедуры, Визажисты, Оформление бровей и ресниц;10-й микрорайон, 13;+77005740562 +77019454805 +77715740562;+77005740562;yes;;http://www.tiktok.com/@prokeratin_sk;instagram:https://instagram.com/dom.masterov.kz whatsapp:https://wa.me/77005740562 whatsapp:https://wa.me/77715740562 telegram:https://t.me/by_s_k;5;324;43.216838;76.864483;70000001101189894_96dile1578G23H83014GGG0Gt4l5xc73G6G505A811328C9Awpqt54625J1A4G7G1JG8833J1udpuv7B884A1013425H54J2HHGJH1I7716Bd
салон красоты;Beauty Viva Style, студия красоты;Парикмахерские услуги, Оформление бровей и ресниц, Ногтевой сервис, Косметолог, Эпиляция, Визажисты, Обучение мастеров для салонов красоты, Услуги пирсинга, Перманентный макияж, Массажист;улица Молдагалиева, 28;+77021698332 +77072627041 +77772426939;+77021698332;yes;;;instagram:https://instagram.com/viva_salon_style whatsapp:https://wa.me/77021698332 whatsapp:https://wa.me/77072627041;4.6;182;43.332813;76.946695;70000001054748694_96dile1578G23H8301IGG0GGt4l5xc73G6G505A811684B7Awpqt54625J1A4G7G1JG628G51udpuv7B884A1013375H55J2HHGJ2G5261i
салон красоты;Casablanca, салон красоты;Ногтевой сервис, Визажисты, Оформление бровей и ресниц, Парикмахерские услуги, Эпиляция;микрорайон Аксай-1, 11/7;+77776145067;+77776145067;yes;;;instagram:https://instagram.com/casablanca_premium whatsapp:https://wa.me/77776145067;5;98;43.242501;76.833723;70000001111862953_96dile1578G23H83014GGG0Gt4l5xc73G6G505A8113965A6wpqt54625J1A4G7G1JG8833J1udpuv7B884A1013434H56J2HHGJH1I77167g
салон красоты;Sun, салон красоты;Ногтевой сервис, Оформление бровей и ресниц, Визажисты, Эпиляция, Парикмахерские услуги, Обучение мастеров для салонов красоты, Перманентный макияж;улица Ашимова, 4а/2;+77011089331;+77011089331;yes;;;instagram:https://instagram.com/sunsalon2026 whatsapp:https://wa.me/77011089331;4.1;34;43.230576;76.798531;70000001114587156_96dile1578G23H83014GGG0Gt4l5xc73G6G505A811668A26wpqt54625J1A4G7G1JG8833J1udpuv7B884A1013437H57J2HHGJH1I771632
салон красоты;AURA BEAUTY STUDIO, салон красоты;Ногтевой сервис, Эпиляция, Оформление бровей и ресниц, Парикмахерские услуги;проспект Гагарина, 234;+77003127707;+77003127707;yes;;;instagram:https://instagram.com/aurabeauty.kz whatsapp:https://wa.me/77003127707;5;106;43.214806;76.898018;70000001112437858_96dile1578G23H83014GGG0Gt4l5xc73G6G505A811453A96wpqt54625J1A4G7G1JG8833J1udpuv7B884A1013439H58J2HHGJH1I7716dB
салон красоты;Noble spa, салон;SPA-процедуры, Массажист;проспект Достык, 128;+77776899949;+77776899949;yes;;;instagram:https://instagram.com/the_noble_premium whatsapp:https://wa.me/77776899949;5;36;43.236969;76.960275;70000001101714200_96dile1578G23H8301I2GGG0t4l5xc73G6G505A811381731wpqt54625J1A4G7G1JG88A5C1udpuv7B884A1013421H59J2HHGJHG3I67A8Bgc
салон красоты;Lashalmaty.Studio, салон красоты;Оформление бровей и ресниц, Обучение мастеров для салонов красоты;проспект Гагарина, 93а;+77006542724;+77006542724;yes;;;instagram:https://instagram.com/lashalmaty.studio whatsapp:https://wa.me/77006542724;4.9;115;43.239815;76.893742;70000001099143855_6dile1u27B884A3BB24692435672t4l5xc9G51578G7G1J3H8G433387t5473G65A8114G3011013GJHGI3Hdpuvwpq625J1A066H5AJ2G2GGG1H5
салон красоты;Салон красоты;Парикмахерские услуги, Ногтевой сервис, Косметолог, Массажист, Обучение мастеров для салонов красоты, Эпиляция;проспект Достык, 52;+77786406679 +77026926633;+77026926633;yes;;;whatsapp:https://wa.me/77026926633 whatsapp:https://wa.me/77786406679;4.8;37;43.244937;76.957213;70000001035962552_96dile1578G23H8301IGG0GGt4l5xc73G6G505A8117A6566wpqt54625J1A4G7G1JG628G51udpuv7B884A1013353H5BJ2HHGJ2G5267A
салон красоты;Jadyra, салон красоты;Парикмахерские услуги, Обучение мастеров для салонов красоты, Ногтевой сервис, Оформление бровей и ресниц, Перманентный макияж, Эпиляция, Визажисты;улица Жунисова, 8/8;+77716146582;+77716146582;yes;;;instagram:https://instagram.com/salon_jadyra_almaty whatsapp:https://wa.me/77716146582;4.9;107;43.222491;76.786357;70000001092756198_96dile1578G23H8301IGG0GGt4l5xc73G6G505A81148592Awpqt54625J1A4G7G1JG628G51udpuv7B884A10133B9H5CJ2HHGJ2G52676
салон красоты;Mg style, салон красоты;Ногтевой сервис, Парикмахерские услуги, Услуги загара, Оформление бровей и ресниц, Эпиляция;микрорайон Самал-2, 105;+77272624536 +77055533345;+77055533345;yes;;;instagram:https://instagram.com/mgstyle_prestige whatsapp:https://wa.me/77055533345;5;632;43.233685;76.952791;9429940000993499_8EEl8j1578G23HA72A4GGG0G8036vi73G6G505A811BA37AAwpqt54626J1A5G7G2JG8833J5Ayjuv7B884AA41232H213J2HHGJH1I771654
салон красоты;Mstudio, салон красоты;Парикмахерские услуги, Ногтевой сервис, Визажисты, Косметолог, Эпиляция, Оформление бровей и ресниц, Обучение мастеров для салонов красоты;Чокина улица, 116;+77017949121 +77477949121;+77477949121;yes;;;instagram:https://instagram.com/mstudio_almaty whatsapp:https://wa.me/77477949121 whatsapp:https://wa.me/77017949121;4.4;220;43.255623;76.909537;70000001033876221_8EEl8j1578G23H83014GGG0G8036vi73G6G505A811597933wpqt54626J1A5G7G2J1J535J5Ayjuv7B884A1013352H234HHHGJH1I5168C
салон красоты;Barhat studio, студия красоты;Оформление бровей и ресниц, Обучение мастеров для салонов красоты;улица Толе би, 286/4;+77758803382;+77758803382;yes;;;whatsapp:https://wa.me/77758803382;5;153;43.247891;76.868574;70000001080147567_EEl8j5A27B884A3A224A6H4424768036vi8G51578G7G2J3H81J34067t5473G65A8115G3011013GJHGII2yjuvwpq626J1A078H235H5G2GGH1f1
салон красоты;Bloombar, салон красоты;Ногтевой сервис, Оформление бровей и ресниц;улица Розыбакиева, 247 блок 8;+77755293884;+77755293884;yes;anahita76n@yahoo.com;;instagram:https://instagram.com/bloombar_kz whatsapp:https://wa.me/77755293884;5;171;43.204708;76.893171;70000001029765657_8EEl8j1578G23H8301I2GGG08036vi73G6G505A811B86876wpqt54626J1A5G7G2J1J79065Ayjuv7B884A1013348H236HHHGJHG3I67363A
салон красоты;My.Lashroom, студия ресниц;Оформление бровей и ресниц, Обучение мастеров для салонов красоты;проспект Аль-Фараби, 7 к5а;+77011900993;+77011900993;yes;;http://zapis.kz/almaty/salony/poisk?q=My.lashroom;instagram:https://instagram.com/my.lashroom whatsapp:https://wa.me/77011900993;4.9;19;43.230514;76.946863;70000001111844923_EEl8j5A27B884A433947AH4424768036vi8G51578G7G2J3H81J34067t5473G65A8115G3011013GJHGII2yjuvwpq626J1A034H237H5G2GGH1gf
салон красоты;Beauty Цех, салон красоты;Ногтевой сервис, Косметолог, Парикмахерские услуги, Эпиляция, Массажист, Оформление бровей и ресниц, Перманентный макияж, Услуги пирсинга;улица Шемякина, 216;+77071017741 +77071031775 +77477520606;+77073101775;yes;baeva0503@gmail.com;;instagram:https://instagram.com/beauty_tseh_ whatsapp:https://wa.me/77073101775 whatsapp:https://wa.me/77477520606 whatsapp:https://wa.me/77071017741 telegram:https://t.me/+77477520606 telegram:https://t.me/+77071017741;4.9;70;43.305774;76.966294;70000001067362190_8EEl8j1578G23H8301I2GGG08036vi73G6G505A81194652Awpqt54626J1A5G7G2J1J79065Ayjuv7B884A1013381H238HHHGJHG3I673699
салон красоты;Aldo, салон красоты;Ногтевой сервис, Парикмахерские услуги, Эпиляция, Оформление бровей и ресниц, Визажисты, Перманентный макияж;улица Щепкина, 1а;+77476504891;+77476504891;yes;;;instagram:https://instagram.com/beauty_aldo whatsapp:https://wa.me/77476504891;4.7;534;43.210991;76.869933;70000001058920909_8EEl8j1578G23H8301I2GGG08036vi73G6G505A811AA23A1wpqt54626J1A5G7G2J1J79065Ayjuv7B884A101337AH239HHHGJHG3I6736fe
салон красоты;Saulestylist, салон красоты;Визажисты, Парикмахерские услуги, Ногтевой сервис, Оформление бровей и ресниц, Массажист, Эпиляция, Перманентный макияж, Косметолог;улица Райымбек батыра, 285/2;+77089608701;+77089608701;yes;;;instagram:https://instagram.com/saulestylist_ whatsapp:https://wa.me/77089608701;4.7;230;43.290574;77.015358;70000001098902427_EEl8j5A27B884A3BAA0556BB79A48036vi8G51578G7G2J3H81J7B88At5473G65A8115G3011013GJHGI3Hyjuvwpq626J1A038H23AHG2GGG1H
салон красоты;Айгерим, салон красоты;Парикмахерские услуги, Ногтевой сервис, Оформление бровей и ресниц, Косметолог, Визажисты, Массажист;улица Пушкина, 13;+77788307375;+77788307375;yes;;;whatsapp:https://wa.me/77788307375;4.9;214;43.268072;76.95174;70000001109536990_8EEl8j1578G23H83014GGG0G8036vi73G6G505A811B639AAwpqt54626J1A5G7G2J1J535J5Ayjuv7B884A1013421H23BHHHGJH1I516g5
салон красоты;Samal Smart Medical, косметологическая клиника;Косметолог, Услуги пирсинга, Обучение мастеров для салонов красоты, Оформление бровей и ресниц, Эпиляция, Дерматолог;микрорайон Самал-1, 23;+77017558032;+77017558032;yes;;;instagram:https://instagram.com/samal.smart.medical whatsapp:https://wa.me/77017558032;5;63;43.234825;76.953685;70000001086733726_8EEl8j1578G23H83014GGG0G8036vi73G6G505A811883683wpqt54626J1A5G7G2J1J882J5Ayjuv7B884A10133A7H23CHHHGJH1I863ig
салон красоты;Danaeva beauty studio, салон красоты;Парикмахерские услуги, Ногтевой сервис, Эпиляция, Оформление бровей и ресниц, Визажисты;микрорайон Мамыр-4, 208/1;+77753851621;+77753851621;yes;;;instagram:https://instagram.com/danaevazhadra whatsapp:https://wa.me/77753851621;5;76;43.21536;76.85118;70000001109591191_8EEl8j1578G23H83014GGG0G8036vi73G6G505A811B6942Awpqt54626J1A5G7G2J1J535J5Ayjuv7B884A1013422H243HHHGJH1I51644
салон красоты;Магия Sb & barbershop, салон красоты;Парикмахерские услуги, Косметолог, Визажисты, Обучение мастеров для салонов красоты, Ногтевой сервис, Эпиляция, Оформление бровей и ресниц;улица Толе би, 210;+77010707660 +77000707660;+77010707660;yes;sekasamsung@gmail.com;;instagram:https://instagram.com/salon_magiya whatsapp:https://wa.me/77010707660;4.9;84;43.250628;76.89025;9429940000797586_8EEl8j1578G23HA72AIGG0GG8036vi73G6G505A8119A7897wpqt54626J1A5G7G2JG628G55Ayjuv7B884AA41232H224J2HHGJ2G52673
салон красоты;Zuhra hanum beauty, салон красоты;Ногтевой сервис, Визажисты, Массажист, Оформление бровей и ресниц, Парикмахерские услуги, Эпиляция;улица Ришата и Муслима Абдуллиных, 28/1;+77017000354;+77017000354;yes;zuhra.hanum01@gmail.com;;instagram:https://instagram.com/zuhrahanum_beauty whatsapp:https://wa.me/77017000354;4.9;137;43.260393;76.959914;70000001105258816_8EEl8j1578G23H8301I2GGG08036vi73G6G505A811735B92wpqt54626J1A5G7G2J1J79065Ayjuv7B884A1013427H245HHHGJHG3I673633
салон красоты;Aruzhan Nurgazy, салон красоты;Парикмахерские услуги, Оформление бровей и ресниц, Косметолог, Ногтевой сервис, Эпиляция, Перманентный макияж, Массажист, Визажисты;улица Жунисова, 8/10;+77054415105 +77758837445;+77758837445;yes;;;instagram:https://instagram.com/aruzhan_beauty_salon whatsapp:https://wa.me/77758837445;4.8;1482;43.223262;76.786488;70000001067084373_8EEl8j1578G23H83014GGG0G8036vi73G6G505A811918748wpqt54626J1A5G7G2J1J535J5Ayjuv7B884A1013384H246HHHGJH1I51698
салон красоты;Rasmetova beauty studio, салон красоты;Визажисты, Ногтевой сервис, Оформление бровей и ресниц, Обучение мастеров для салонов красоты, Перманентный макияж, Эпиляция;улица Айтиева, 11а;+77756376737;+77756376737;yes;;;instagram:https://instagram.com/rasmetova_beauty whatsapp:https://wa.me/77756376737;4.7;200;43.253453;76.90431;70000001060127335_EEl8j5A27B884A38222A46BB79298036vi8G51578G7G2J3H81J7B88At5473G65A8115G3011013GJHGI3Hyjuvwpq626J1A046H247HG2GGG1H
салон красоты;Nova beauty bar, салон красоты;Оформление бровей и ресниц, Ногтевой сервис, Парикмахерские услуги, Эпиляция, Визажисты;проспект Абая, 160 к3/1;+77757729027;+77757729027;yes;;;instagram:https://instagram.com/novabeautybar.almaty whatsapp:https://wa.me/77757729027 whatsapp:https://wa.me/77022060673;5;116;43.236633;76.881284;70000001111767661_EEl8j5A27B884A43386A7H4424768036vi8G51578G7G2J3H81J34067t5473G65A8115G3011013GJHGII2yjuvwpq626J1A072H248H5G2GGH1e4
салон красоты;Miray cosmetology, кабинет врачебной косметологии;Косметолог, Дерматолог, Оформление бровей и ресниц, Эпиляция;улица Калдаякова, 17;+77022585215;+77022585215;yes;;;instagram:https://instagram.com/Dr.dana_zhenisovna whatsapp:https://wa.me/77022585215;5;47;43.261558;76.956898;70000001101586617_8EEl8j1578G23H83014GGG0G8036vi73G6G505A811368972wpqt54626J1A5G7G2J1J882J5Ayjuv7B884A1013428H249HHHGJH1I8634B
салон красоты;Zolushka.almaata;Оформление бровей и ресниц, Ногтевой сервис, Визажисты, Косметолог, Массажист, Парикмахерские услуги, Перманентный макияж, Услуги пирсинга, Эпиляция, Обучение мастеров для салонов красоты;улица Розыбакиева, 211 блок 4;+77472634697;+77472634697;yes;;;instagram:https://instagram.com/zolushka.almaata whatsapp:https://wa.me/77472634697;4.8;85;43.209253;76.892653;70000001104132230_EEl8j5A27B884A4262353H4424768036vi8G51578G7G2J3H81J34067t5473G65A8115G3011013GJHGII2yjuvwpq626J1A041H24AH5G2GGH1bb
салон красоты;Beauty Day, студия красоты;Ногтевой сервис, Косметолог, Эпиляция, Оформление бровей и ресниц;улица Наурызбай батыра, 152 к А;+77015560990;+77015560990;yes;;;instagram:https://instagram.com/beautyday.sstudio whatsapp:https://wa.me/77015560990;5;127;43.240823;76.938542;70000001060681925_8EEl8j1578G23H8301I2GGG08036vi73G6G505A8112784A3wpqt54626J1A5G7G2J1J79065Ayjuv7B884A1013386H24BHHHGJHG3I673679
салон красоты;Ines, студия красоты;Ногтевой сервис;улица Кабанбай батыра, 96;+77070208218;+77070208218;yes;yessimova088@gmail.com;http://zapis.kz/salon/1406;instagram:https://instagram.com/ines.nail_studio whatsapp:https://wa.me/77070208218;4.9;129;43.249897;76.95033;70000001078622897_8EEl8j1578G23H8301I2GGG08036vi73G6G505A811A7259Awpqt54626J1A5G7G2J1J79065Ayjuv7B884A1013398H24CHHHGJHG3I673665
салон красоты;Aselhands, студия красоты;Оформление бровей и ресниц, Ногтевой сервис, Эпиляция;проспект Абая, 150/230 блок 8;+77075450110;+77075450110;yes;aselhands_almaty@mail.ru;http://aselhands.taplink.kz/;telegram:https://t.me/aselhands instagram:https://instagram.com/aselhands_almaty whatsapp:https://wa.me/77075450110;4.9;2179;43.237669;76.884773;70000001028823832_EEl8j5A27B884A34A9269H4424768036vi8G51578G7G2J3H81J34067t5473G65A8115G3011013GJHGII2yjuvwpq626J1A043H253H5G2GGH1e8
салон красоты;Gradient Beauty Studio, студия красоты;Оформление бровей и ресниц, Ногтевой сервис, Эпиляция;улица Аскарова, 21/67;+77471435883;+77471435883;yes;;;instagram:https://instagram.com/gradient_2167 whatsapp:https://wa.me/77471435883;4.8;121;43.180969;76.869469;70000001102339828_EEl8j5A27B884A42443C9H4424768036vi8G51578G7G2J3H81J34067t5473G65A8115G3011013GJHGII2yjuvwpq626J1A039H254H5G2GGH1e4
салон красоты;Beauty Soul, салон красоты;Оформление бровей и ресниц, Парикмахерские услуги, Ногтевой сервис, Эпиляция, Визажисты, Косметолог, Обучение мастеров для салонов красоты, Перманентный макияж;микрорайон Аксай-1, 15;+77073898848;+77073898848;yes;;http://zapis.kz/beauty-soul;instagram:https://instagram.com/beautysoulkz whatsapp:https://wa.me/77073898848;4.9;1295;43.240523;76.833012;70000001090616792_EEl8j5A27B884A3B27198H4424768036vi8G51578G7G2J3H81J34067t5473G65A8115G3011013GJHGII2yjuvwpq626J1A0A3H255H5G2GGH177
салон красоты;MIRA PROHAIR, cтудия красоты;Парикмахерские услуги;бульвар Мендикулова, 98;+77788130620;+77788130620;yes;;http://zapis.kz/salon/14053;instagram:https://instagram.com/mira_prohair whatsapp:https://wa.me/77788130620;5;54;43.232857;76.953475;70000001105778340_8EEl8j1578G23H83014GGG0G8036vi73G6G505A811787B45wpqt54626J1A5G7G2J1J535J5Ayjuv7B884A1013421H256HHHGJH1I516ef
салон красоты;Makeup Korkemai, салон красоты;Визажисты, Обучение мастеров для салонов красоты;улица Кунаева, 171;+77086710664;+77086710664;yes;;;instagram:https://instagram.com/korkemai_salon_ whatsapp:https://wa.me/77086710664;4.9;227;43.245151;76.950574;70000001088831724_EEl8j5A27B884A3AA93486BB79998036vi8G51578G7G2J3H81J7B88At5473G65A8115G3011013GJHGI3Hyjuvwpq626J1A035H257HG2GGG1H
салон красоты;Mina beauty studio, женский салон красоты;Парикмахерские услуги, Ногтевой сервис, Визажисты, Косметолог, Оформление бровей и ресниц, Эпиляция, Массажист;улица Навои, 39 блок 13;+77479875717;+77479875717;yes;;;instagram:https://instagram.com/beautymina.kz whatsapp:https://wa.me/77479875717;4.8;49;43.215593;76.881132;70000001101155779_8EEl8j1578G23H83014GGG0G8036vi73G6G505A811325888wpqt54626J1A5G7G2J1J535J5Ayjuv7B884A101342AH258HHHGJH1I51686
салон красоты;Beauty Star, салон красоты;Ногтевой сервис, Парикмахерские услуги, Оформление бровей и ресниц, Эпиляция, Визажисты, Перманентный макияж;микрорайон Самал-2, 50;+77018304025;+77018304025;yes;imagealmaty@gmail.com nastya_nebogina@mail.ru;;instagram:https://instagram.com/beautystar.almaty whatsapp:https://wa.me/77018304025;5;560;43.228899;76.953423;9429940000795740_8EEl8j1578G23HA72A4GGG0G8036vi73G6G505A8119A5A51wpqt54626J1A5G7G2JG8833J5Ayjuv7B884AA41232H239J2HHGJH1I7716g8
салон красоты;Томирис, салон красоты;Парикмахерские услуги;улица Бокеева, 1а;+77474197986 +77074185962;+77474197986;yes;;;instagram:https://instagram.com/tomiris.beauty.almaty whatsapp:https://wa.me/77474197986 whatsapp:https://wa.me/77074185962;4.9;36;43.258669;76.884287;70000001098625982_8EEl8j1578G23H83014GGG0G8036vi73G6G505A811A728A9wpqt54626J1A5G7G2J1J535J5Ayjuv7B884A10133B3H25AHHHGJH1I516i4
салон красоты;Oyster Beauty Room, салон красоты;Оформление бровей и ресниц, Парикмахерские услуги, Ногтевой сервис, Косметолог, Эпиляция, Массажист;проспект Абая, 130/4;+77029849054;+77029849054;yes;beautyoyster291@gmail.com;http://taplink.cc/oyster_beauty_almaty;whatsapp:https://wa.me/77029849054 instagram:https://instagram.com/oyster_beauty_almaty telegram:https://t.me/oyster_beauty_room;4.9;99;43.237215;76.887495;70000001105147133_EEl8j5A27B884A42724A2H4424768036vi8G51578G7G2J3H81J34067t5473G65A8115G3011013GJHGII2yjuvwpq626J1A044H25BH5G2GGH18e
салон красоты;Irina Black, салон красоты;Визажисты, Парикмахерские услуги, Ногтевой сервис, Оформление бровей и ресниц, Массажист, Косметолог, Эпиляция;улица Инженерная, 17;+77787779081;+77787779081;yes;;;instagram:https://instagram.com/ib.beauty.corner whatsapp:https://wa.me/77787779081;5;638;43.234843;76.959076;70000001057740157_EEl8j5A27B884A37984326BB79498036vi8G51578G7G2J3H81J7B88At5473G65A8115G3011013GJHGI3Hyjuvwpq626J1A068H25CHG2GGG1H
салон красоты;Aru beauty studio, салон красоты;Визажисты, Парикмахерские услуги, Косметолог, Эпиляция, Ногтевой сервис, Оформление бровей и ресниц;улица Жунисова, 2/13 к3;+77075048389;+77075048389;yes;aruzhan_akhmetova_06@mail.ru;;instagram:https://instagram.com/aru_beauty.studio whatsapp:https://wa.me/77075048389;4.6;219;43.228565;76.780206;70000001090518162_EEl8j5A27B884A3B261B26BB79hf8036vi8G51578G7G2J3H81J7B88At5473G65A8115G3011013GJHGI3Hyjuvwpq626J1A073H263HG2GGG1H
салон красоты;Beautiful Nails & Hair, салон красоты индивидуал-класса;Ногтевой сервис;улица Желтоксан, 158;+77077295454 +77073889005;+77073889005;yes;;;instagram:https://instagram.com/beautifulnails.almaty whatsapp:https://wa.me/77073889005;5;329;43.24557;76.94106;70000001035870246_8EEl8j1578G23H8301I2GGG08036vi73G6G505A811797335wpqt54626J1A5G7G2J1J79065Ayjuv7B884A1013357H264HHHGJHG3I6736h8
салон красоты;Elvira Abai, салон красоты;Визажисты, Парикмахерские услуги, Оформление бровей и ресниц, Обучение мастеров для салонов красоты;улица Ровенского, 1 к1;+77472709019 +77013937239;+77472709019;yes;elvira_0491@mail.ru;;instagram:https://instagram.com/Elvira_abai_salony whatsapp:https://wa.me/77472709019 whatsapp:https://wa.me/77089514052;4.9;407;43.323037;76.941414;70000001050085536_EEl8j5A27B884A37218866BB79228036vi8G51578G7G2J3H81J7B88At5473G65A8115G3011013GJHGI3Hyjuvwpq626J1A047H265HG2GGG1H
салон красоты;Chispa, салон красоты;Оформление бровей и ресниц, Парикмахерские услуги, Ногтевой сервис, Перманентный макияж, Эпиляция;улица Жунисова, 2/23 к5;+77755499969;+77755499969;yes;aisik1901@icloud.com;http://zapis.kz/chispa;whatsapp:https://wa.me/77755499969 instagram:https://instagram.com/chispa.almaty;5;101;43.22432;76.780529;70000001112971384_EEl8j5A27B884A434A744H4424768036vi8G51578G7G2J3H81J34067t5473G65A8115G3011013GJHGII2yjuvwpq626J1A095H266H5G2GGH152
салон красоты;Aia_nail_studio, студия ногтей;Визажисты, Ногтевой сервис, Парикмахерские услуги, Косметолог, Обучение мастеров для салонов красоты, Оформление бровей и ресниц;улица Райымбек батыра, 288;+77073880920;+77073880920;yes;;;instagram:https://instagram.com/aia_nail_almaty whatsapp:https://wa.me/77073880920;4.8;99;43.290228;77.015448;70000001104963110_EEl8j5A27B884A426A6626BB799b8036vi8G51578G7G2J3H81J7B88At5473G65A8115G3011013GJHGI3Hyjuvwpq626J1A021H267HG2GGG1H
салон красоты;Zere, салон красоты;Визажисты, Ногтевой сервис, Парикмахерские услуги, Косметолог, Эпиляция, Обучение мастеров для салонов красоты, Оформление бровей и ресниц, Массажист, Перманентный макияж;микрорайон Мамыр-7, 9;+77002230368;+77002230368;yes;;;instagram:https://instagram.com/zere_beauty_ whatsapp:https://wa.me/77002230368;4.9;451;43.213007;76.840418;70000001059887493_EEl8j5A27B884A37B98A56BB796f8036vi8G51578G7G2J3H81J7B88At5473G65A8115G3011013GJHGI3Hyjuvwpq626J1A0A4H268HG2GGG1H
салон красоты;Алтын Кайшы, парикмахерская;Парикмахерские услуги;микрорайон Дарабоз, 65;+77078844777 +77075756828;+77075756828;yes;;http://www.tiktok.com/@altyn.qaishy;whatsapp:https://wa.me/77075756828;4.7;61;43.268264;76.819092;70000001100873491_8EEl8j1578G23H83014GGG0G8036vi73G6G505A81129765Awpqt54626J1A5G7G2J1J535J5Ayjuv7B884A1013422H269HHHGJH1I51647
салон красоты;TM beauty group;Косметолог, Ногтевой сервис, Оформление бровей и ресниц, Эпиляция, Перманентный макияж, Обучение мастеров для салонов красоты, Парикмахерские услуги;микрорайон Шугыла, 340/35 к16;+77760064906;+77760064906;yes;;;instagram:https://instagram.com/escobar__barbershop instagram:https://instagram.com/tm.escobar_beauty whatsapp:https://wa.me/77760064906;4.8;192;43.209982;76.788785;70000001075571793_8EEl8j1578G23H83014GGG0G8036vi73G6G505A81176748Awpqt54626J1A5G7G2J1J882J5Ayjuv7B884A1013394H26AHHHGJH1I863AC
салон красоты;Tomiris Beauty House, салон красоты;Визажисты, Парикмахерские услуги, Ногтевой сервис, Косметолог, Массажист, Эпиляция, Оформление бровей и ресниц;микрорайон Аккент, 98;+77014992030 +77765252535;+77014992030;yes;;;whatsapp:https://wa.me/77014992030 whatsapp:https://wa.me/77765252535;4.7;714;43.242967;76.81095;70000001078830469_EEl8j5A27B884A39A93356BB79688036vi8G51578G7G2J3H81J7B88At5473G65A8115G3011013GJHGI3Hyjuvwpq626J1A07AH26BHG2GGG1H
салон красоты;Lanvin_beauty_almaty, салон красоты;Визажисты, Парикмахерские услуги, Ногтевой сервис, Оформление бровей и ресниц;улица Абиша Кекилбайулы, 264 блок 6;+77013745560 +77713745560;+77013745560;yes;;http://app.bookify.kz/4157454e-eea6-4fb6-879b-8ee0da300eb1?source=2gis;instagram:https://instagram.com/lanvin_beauty_almaty whatsapp:https://wa.me/77013745560;4.9;65;43.20365;76.890783;70000001096413397_EEl8j5A27B884A3B851646BB79438036vi8G51578G7G2J3H81J7B88At5473G65A8115G3011013GJHGI3Hyjuvwpq626J1A0A8H26CHG2GGG1H
салон красоты;Диана, салон красоты;Визажисты, Парикмахерские услуги, Ногтевой сервис, Оформление бровей и ресниц, Эпиляция, Услуги пирсинга, Перманентный макияж;микрорайон Айнабулак-3, 98Б;+77078618800;+77078618800;yes;vanhoshanramilya@gmail.com;;instagram:https://instagram.com/diana_salon.krasoty whatsapp:https://wa.me/77078618800;4.8;160;43.320793;76.916563;9429940000794947_8EEl8j1578G23HA72AI2GGG08036vi73G6G505A8119A4C58wpqt54626J1A5G7G2JG8AB5B5Ayjuv7B884AA41232H253J2HHGJHG3I69B8AA8
салон красоты;Ulzhan Bolysovna, cалон красоты;Визажисты, Парикмахерские услуги, Оформление бровей и ресниц, Обучение мастеров для салонов красоты;улица Нахимова, 51/2;+77751406747;+77751406747;yes;suitibayeva@bk.ru;;instagram:https://instagram.com/salon_ulzhan_bolysovna whatsapp:https://wa.me/77751406747;4.9;121;43.22465;76.935493;70000001031427374_EEl8j5A27B884A35352A46BB79f28036vi8G51578G7G2J3H81J7B88At5473G65A8115G3011013GJHGI3Hyjuvwpq626J1A085H274HG2GGG1H
салон красоты;Алмалы, салон красоты;Оформление бровей и ресниц, Парикмахерские услуги, Ногтевой сервис, Эпиляция, Перманентный макияж;проспект Гагарина, 206е;+77272960294 +77756608242;+77756608242;yes;karipovasaule75@mail.ru;;instagram:https://instagram.com/salonalmaly whatsapp:https://wa.me/77756608242;4.8;125;43.219985;76.897277;70000001031919500_EEl8j5A27B884A353A1C6H4424768036vi8G51578G7G2J3H81J34067t5473G65A8115G3011013GJHGII2yjuvwpq626J1A011H275H5G2GGH1g4
салон красоты;Oblaka, салон красоты;Визажисты, Парикмахерские услуги, Ногтевой сервис, Эпиляция, Оформление бровей и ресниц;улица Манаса, 19;+77056327988 +77772898205;+77056327988;yes;;;instagram:https://instagram.com/oblaka_salon_abaya whatsapp:https://wa.me/77056327988;4.7;142;43.238988;76.908442;70000001102688199_EEl8j5A27B884A42478B26BB79h78036vi8G51578G7G2J3H81J7B88At5473G65A8115G3011013GJHGI3Hyjuvwpq626J1A0AAH276HG2GGG1H
салон красоты;Luxor Studio, салон красоты;Визажисты, Парикмахерские услуги, Ногтевой сервис, Оформление бровей и ресниц, Обучение мастеров для салонов красоты;улица Кабанбай батыра, 91;+77787865555;+77787865555;yes;;http://zapis.kz/salon/15591;instagram:https://instagram.com/luxor_studio_almaty whatsapp:https://wa.me/77787865555;5;21;43.249496;76.939616;70000001114793027_EEl8j5A27B884A43689616BB79fg8036vi8G51578G7G2J3H81J7B88At5473G65A8115G3011013GJHGI3Hyjuvwpq626J1A038H277HG2GGG1H
салон красоты;STnails, ногтевая студия;Ногтевой сервис;улица Бектурова, 77а;+77075941091 +77715912863;+77715912863;yes;;http://zapis.kz/stnails;instagram:https://instagram.com/manicurealmaty_ whatsapp:https://wa.me/77715912863 whatsapp:https://wa.me/77075941091 telegram:https://t.me/+77715912863;4.3;22;43.232306;76.951606;70000001090373053_8EEl8j1578G23H8301I2GGG08036vi73G6G505A811247616wpqt54626J1A5G7G2J1J79065Ayjuv7B884A10133B4H278HHHGJHG3I67369b
салон красоты;Мадам Де Виль, салон красоты;Визажисты, Парикмахерские услуги, Ногтевой сервис, Оформление бровей и ресниц, Эпиляция;микрорайон Мамыр-1, 29/6;+77071117738;+77071117738;yes;asselya-88@mail.ru;http://zapis.kz/salon/madam-de-vil-new-15674;instagram:https://instagram.com/madame_de_ville whatsapp:https://wa.me/77071117738;4.9;378;43.212324;76.843884;70000001031960525_EEl8j5A27B884A353A6366BB79cd8036vi8G51578G7G2J3H81J7B88At5473G65A8115G3011013GJHGI3Hyjuvwpq626J1A036H279HG2GGG1H
салон красоты;Distyle Studio, салон красоты;Визажисты, Ногтевой сервис, Парикмахерские услуги, Косметолог, Эпиляция, Перманентный макияж, Массажист, Оформление бровей и ресниц, Тату-услуги;улица Асыл Арман, 10;+77770146722 +77075818007;+77770146722;yes;;http://zapis.kz/distyle http://tiktok.com/@distyle_studio_aa;instagram:https://instagram.com/distyle.studio whatsapp:https://wa.me/77770146722;4.8;277;43.231253;76.752651;70000001039196433_EEl8j5A27B884A35B29956BB79848036vi8G51578G7G2J3H81J7B88At5473G65A8115G3011013GJHGI3Hyjuvwpq626J1A044H27AHG2GGG1H
салон красоты;MOTI, салон красоты;Визажисты, Оформление бровей и ресниц, Ногтевой сервис, Косметолог, Парикмахерские услуги, Эпиляция, Подолог;проспект Гагарина, 309/1;+77027773842 +77471287070;+77027773842;yes;;;instagram:https://instagram.com/moti.beautysalon whatsapp:https://wa.me/77027773842;4.9;958;43.202736;76.897588;70000001029227485_EEl8j5A27B884A34B32A56BB79348036vi8G51578G7G2J3H81J7B88At5473G65A8115G3011013GJHGI3Hyjuvwpq626J1A096H27BHG2GGG1H
салон красоты;Deya Beauty, салон красоты;Оформление бровей и ресниц, Ногтевой сервис, Косметолог, Эпиляция;проспект Гагарина, 309;+77002120668;+77002120668;yes;;;instagram:https://instagram.com/deya_beauty_almaty whatsapp:https://wa.me/77002120668;4.9;420;43.203191;76.897046;70000001094523142_EEl8j5A27B884A3B66262H4424768036vi8G51578G7G2J3H81J34067t5473G65A8115G3011013GJHGII2yjuvwpq626J1A053H27CH5G2GGH1ff
салон красоты;Кабинет наращивания ресниц;Оформление бровей и ресниц, Обучение мастеров для салонов красоты;микрорайон Шугыла, 341/1 к7;+77770875625 +77010888832;+77010888832;yes;;;whatsapp:https://wa.me/77010888832;5;7;43.21133;76.791226;70000001099381810_qxw9nno27B884A3BB4849H442476758vbgpG51578G7G3J3H81J34067t5473G65A8117G3011013GJHGII2k7uvwpq628J1A021H333H5G2GGH1cc
салон красоты;Алтын кайшы;Ногтевой сервис, Парикмахерские услуги, Обучение мастеров для салонов красоты;Ташкентский тракт, 16к/1;+77079022546;+77079022546;yes;jumabiekejiamila@gmail.com;http://tiktok.com/@jiamilajumabek?_r=1&_t=ZM-937CtguEBxo;instagram:https://instagram.com/altin_kayshi_salon whatsapp:https://wa.me/77079022546;4.9;68;43.2317;76.777686;70000001098700993_pqxw9n1578G23H8301I2GGG0758vbg73G6G505A811A803AAwpqt54628J1A7G7G3J1J7906nok7uv7B884A10133B4H334HHHGJHG3I673656
салон красоты;SJS Beauty Studio, салон красоты;Визажисты, Ногтевой сервис, Оформление бровей и ресниц, Эпиляция, Парикмахерские услуги;улица Нурмакова, 93;+77001250287;+77001250287;yes;;;instagram:https://instagram.com/sjs_beauty_studio whatsapp:https://wa.me/77001250287;4.5;38;43.251424;76.906221;70000001112992633_qxw9nno27B884A434A9576BB7927758vbgpG51578G7G3J3H81J7B88At5473G65A8117G3011013GJHGI3Hk7uvwpq628J1A044H335HG2GGG1H
салон красоты;Mn studio, студия красоты;Визажисты, Оформление бровей и ресниц, Эпиляция, Парикмахерские услуги, Массажист, Ногтевой сервис, Перманентный макияж, Услуги пирсинга;микрорайон Думан-2, 57/2;+77786012874;+77786012874;yes;;;instagram:https://instagram.com/marzhan_beauty_studio__ whatsapp:https://wa.me/77786012874;4.8;154;43.289041;77.005907;70000001080483651_qxw9nno27B884A3A258676BB7927758vbgpG51578G7G3J3H81J7B88At5473G65A8117G3011013GJHGI3Hk7uvwpq628J1A062H336HG2GGG1H
салон красоты;Sen Sulu beauty studio, студия красоты;Визажисты, Ногтевой сервис, Оформление бровей и ресниц, Эпиляция, Косметолог, Парикмахерские услуги;микрорайон Жетысу-4, 12;+77072327978;+77072327978;yes;;;instagram:https://instagram.com/sensulu.studio whatsapp:https://wa.me/77072327978;4.8;116;43.218195;76.83823;70000001093323358_qxw9nno27B884A3B542646BB7939758vbgpG51578G7G3J3H81J7B88At5473G65A8117G3011013GJHGI3Hk7uvwpq628J1A069H337HG2GGG1H
салон красоты;Nikaeva Beauty Studio, салон красоты;Ногтевой сервис, Парикмахерские услуги, Обучение мастеров для салонов красоты;проспект Гагарина, 186/1;+77023066688;+77023066688;yes;;http://dikidi.net/2014562;instagram:https://instagram.com/nikaeva_beautystudio whatsapp:https://wa.me/77023066688;4.9;73;43.231099;76.896494;70000001111020496_pqxw9n1578G23H8301I2GGG0758vbg73G6G505A81131235Awpqt54628J1A7G7G3J1J7906nok7uv7B884A1013437H338HHHGJHG3I6736g1
салон красоты;Ai Korkem Beauty, салон красоты;Визажисты, Ногтевой сервис, Эпиляция, Парикмахерские услуги, Оформление бровей и ресниц, Косметолог, Массажист, Перманентный макияж;улица Асыл Арман, 10;+77079718455;+77079718455;yes;;;instagram:https://instagram.com/ai_korkem_beauty whatsapp:https://wa.me/77079718455;4.9;270;43.230593;76.752727;70000001104787230_qxw9nno27B884A42688A36BB7999758vbgpG51578G7G3J3H81J7B88At5473G65A8117G3011013GJHGI3Hk7uvwpq628J1A041H339HG2GGG1H
салон красоты;Noor beauty, салон красоты;Визажисты, Парикмахерские услуги, Ногтевой сервис, Косметолог, Оформление бровей и ресниц, Эпиляция;Утепова улица, 31 блок 17;+77077664941;+77077664941;yes;;http://zapis.kz/noor;instagram:https://instagram.com/noor_beautyalmaty whatsapp:https://wa.me/77077664941;4.9;115;43.219744;76.887876;70000001111540614_qxw9nno27B884A43364376BB7935758vbgpG51578G7G3J3H81J7B88At5473G65A8117G3011013GJHGI3Hk7uvwpq628J1A025H33AHG2GGG1H
салон красоты;MIA Nails Cafe, салон красоты;Визажисты, Парикмахерские услуги, Ногтевой сервис, Оформление бровей и ресниц, Обучение мастеров для салонов красоты;улица Мауленова, 129;+77771606036;+77771606036;yes;mia_nails_cafe@outlook.com;http://zapis.kz/mia-nails-cafe;instagram:https://instagram.com/mia_nails_cafe whatsapp:https://wa.me/77771606036;5;411;43.243185;76.935626;70000001075295940_qxw9nno27B884A397398A6BB79c9758vbgpG51578G7G3J3H81J7B88At5473G65A8117G3011013GJHGI3Hk7uvwpq628J1A051H33BHG2GGG1H
салон красоты;BarberKids & Family, салон;Ногтевой сервис, Парикмахерские услуги, Детские парикмахерские, Эпиляция, Оформление бровей и ресниц, Визажисты;Утепова улица, 31 блок 5;+77022882219;+77022882219;yes;;;instagram:https://instagram.com/barberkids_family_almaty whatsapp:https://wa.me/77022882219;5;72;43.218744;76.887325;70000001112409209_pqxw9n1578G23H8301I2GGG0758vbg73G6G505A811450C31wpqt54628J1A7G7G3J1J7906nok7uv7B884A101343AH33CHHHGJHG3I673639
салон красоты;Beautylab_caramel, студия ногтей;Оформление бровей и ресниц, Ногтевой сервис, Обучение мастеров для салонов красоты, Парикмахерские услуги;улица Ауэзова, 37;+77775813036;+77775813036;yes;askaralina@mail.ru;;instagram:https://instagram.com/alinanails.kz whatsapp:https://wa.me/77775813036;5;214;43.247147;76.902659;70000001049255165_qxw9nno27B884A36B3582H442476758vbgpG51578G7G3J3H81J34067t5473G65A8117G3011013GJHGII2k7uvwpq628J1A076H343H5G2GGH12c
салон красоты;LakiU Nail Bar, студия красоты;Визажисты, Ногтевой сервис, Парикмахерские услуги, Оформление бровей и ресниц, Эпиляция;Атагельды Исмаилова улица, 58/1;+77066164625;+77066164625;yes;aumynailbar@gmail.com;http://zapis.kz/lakiyu;instagram:https://instagram.com/lakiu_nailbar whatsapp:https://wa.me/77066164625;4.8;240;43.316655;77.031877;70000001095050340_qxw9nno27B884A3B715346BB79ec758vbgpG51578G7G3J3H81J7B88At5473G65A8117G3011013GJHGI3Hk7uvwpq628J1A051H344HG2GGG1H
салон красоты;SAHAR & VOSK, сеть студий эстетики лица, тела и ногтей;Косметолог, Эпиляция, Обучение мастеров для салонов красоты, Ногтевой сервис;улица Розыбакиева, 247 блок 2;+77015277788;+77015277788;yes;almaty@saharvosk.ru;http://saharvosk.ru/almaty;facebook:https://facebook.com/saharvoskalmaty instagram:https://instagram.com/saharvosk_almaty whatsapp:https://wa.me/77015277788;5;2138;43.204313;76.893786;70000001032892323_pqxw9n1578G23H83014GGG0G758vbg73G6G505A811499543wpqt54628J1A7G7G3J1J882Jnok7uv7B884A1013354H345HHHGJH1I86374
салон красоты;KuZe Style №1, салон красоты;Визажисты, Парикмахерские услуги, Ногтевой сервис, Косметолог, Услуги загара, Услуги пирсинга, Обучение мастеров для салонов красоты, Оформление бровей и ресниц, Перманентный макияж, Подолог, Эпиляция;улица Тынышбаева, 3;+77272214074 +77475787696 +77476231288;+77475787696;yes;kuzekz@mail.ru;http://taplink.cc/kuze_almaty;instagram:https://instagram.com/kuze_almaty whatsapp:https://wa.me/77475787696;4.9;666;43.339072;76.950128;9429940000902381_pqxw9n1578G23HA72AI2GGG0758vbg73G6G505A811B12692wpqt54628J1A7G7G3JG8AB5Bnok7uv7B884AA41232H326J2HHGJHG3I69B8A37
салон красоты;Ulzhanna beauty;Парикмахерские услуги;проспект Гагарина, 100;+77476334946;+77476334946;yes;;;instagram:https://instagram.com/Ulzhanna_beauty whatsapp:https://wa.me/77476334946;4.9;80;43.240689;76.894756;70000001068606597_pqxw9n1578G23H83014GGG0G758vbg73G6G505A811A7096Awpqt54628J1A7G7G3J1J535Jnok7uv7B884A1013388H347HHHGJH1I51665
салон красоты;Kassandra, салон красоты;Парикмахерские услуги;проспект Назарбаева, 36 блок 2;+77752319900;+77752319900;yes;;;whatsapp:https://wa.me/77752319900 instagram:https://instagram.com/kassandra._007;5;89;43.268913;76.946119;70000001106060513_pqxw9n1578G23H83014GGG0G758vbg73G6G505A811816362wpqt54628J1A7G7G3J1J535Jnok7uv7B884A1013424H348HHHGJH1I5169d
салон красоты;NORA, салон красоты;Визажисты, Парикмахерские услуги, Ногтевой сервис, Массажист, Оформление бровей и ресниц, Эпиляция, Перманентный макияж;микрорайон Дарабоз, 55;+77474240827;+77474240827;yes;;;instagram:https://instagram.com/elnora.beauty whatsapp:https://wa.me/77474240827;4.8;193;43.268542;76.820865;70000001087591542_qxw9nno27B884A3A969466BB795A758vbgpG51578G7G3J3H81J7B88At5473G65A8117G3011013GJHGI3Hk7uvwpq628J1A053H349HG2GGG1H
салон красоты;Janelle Beauty, салон красоты;Визажисты, Парикмахерские услуги, Ногтевой сервис, Оформление бровей и ресниц, Услуги пирсинга;улица Масанчи, 23/2;+77076151438;+77076151438;yes;;;instagram:https://instagram.com/hair_stylist_top whatsapp:https://wa.me/77076151438;4.9;44;43.25978;76.927816;70000001103343541_qxw9nno27B884A42544666BB7958758vbgpG51578G7G3J3H81J7B88At5473G65A8117G3011013GJHGI3Hk7uvwpq628J1A052H34AHG2GGG1H
салон красоты;Delete studio, салон красоты;Оформление бровей и ресниц, Эпиляция, Ногтевой сервис;улица Кабанбай батыра, 87;+77782008153;+77782008153;yes;;;instagram:https://instagram.com/delete_almaty whatsapp:https://wa.me/77782008153;5;366;43.250096;76.943039;70000001069105926_qxw9nno27B884A38B208AH442476758vbgpG51578G7G3J3H81J34067t5473G65A8117G3011013GJHGII2k7uvwpq628J1A037H34BH5G2GGH113
салон красоты;Nail Studio OKS, ногтевая студия;Ногтевой сервис;6-й микрорайон, 56;+77772868728 +77019880408;+77772868728;yes;nina.b7@mail.ru;;instagram:https://instagram.com/nail_studio_oks whatsapp:https://wa.me/77772868728;4.9;19;43.222838;76.858931;70000001094200209_pqxw9n1578G23H8301I2GGG0758vbg73G6G505A811630331wpqt54628J1A7G7G3J1J7906nok7uv7B884A10133BAH34CHHHGJHG3I673684
салон красоты;SHYNARYM BEAUTY, студия;Оформление бровей и ресниц, Эпиляция;улица Толе би, 286/4;+77056037451;+77056037451;yes;erahanshynar@gmail.com;;instagram:https://instagram.com/shynarym_beauty whatsapp:https://wa.me/77056037451;4.9;1466;43.247891;76.868574;70000001060711576_qxw9nno27B884A3828146H442476758vbgpG51578G7G3J3H81J34067t5473G65A8117G3011013GJHGII2k7uvwpq628J1A087H353H5G2GGH192
салон красоты;Milana, салон красоты;Визажисты, Парикмахерские услуги, Ногтевой сервис, Косметолог, Оформление бровей и ресниц, Эпиляция, Мануальный терапевт, Перманентный макияж;улица Хмельницкого, 24/1;+77272579657 +77074043901;+77074043901;yes;gunai1987@mail.ru;;instagram:https://instagram.com/milana_salon_krasott whatsapp:https://wa.me/77074043901;4.9;297;43.322338;76.965257;70000001019063965_qxw9nno27B884A33B166A6BB79A4758vbgpG51578G7G3J3H81J7B88At5473G65A8117G3011013GJHGI3Hk7uvwpq628J1A076H354HG2GGG1H
салон красоты;Cinema, студия красоты;Оформление бровей и ресниц, Парикмахерские услуги, Тату-услуги, Услуги загара, Ногтевой сервис, Услуги пирсинга, Перманентный макияж;улица Жарокова, 153/50а;+77719810281 +77273952206 +77772023045 +77772317508;+77719810281;yes;3285213@mail.ru;;instagram:https://instagram.com/salon.cinema whatsapp:https://wa.me/77719810281 whatsapp:https://wa.me/77772023045 whatsapp:https://wa.me/77772317508;4.9;228;43.234945;76.899726;9429940000786367_qxw9nno27B884A3299667243567c758vbgpG51578G7G3J3HAG433387t5473G65A8117G72AA412GJHGI3Hk7uvwpq628J1A08H335J2G2GGG1Hb
салон красоты;Edem beautygarden, салон красоты;Оформление бровей и ресниц, Парикмахерские услуги, Ногтевой сервис, Эпиляция, Массажист;улица Басенова, 10/1;+77071582886;+77071582886;yes;;http://Zapis.kz/salon/1765;instagram:https://instagram.com/edembeautygarden whatsapp:https://wa.me/77071582886;5;187;43.221738;76.895179;70000001041438243_qxw9nno27B884A36353B3H442476758vbgpG51578G7G3J3H81J34067t5473G65A8117G3011013GJHGII2k7uvwpq628J1A054H356H5G2GGH172
салон красоты;BB.almaty, салон красоты;Визажисты, Парикмахерские услуги, Ногтевой сервис, Косметолог, Эпиляция, Массажист, Оформление бровей и ресниц;12-й микрорайон, 20а;+77073068038;+77073068038;yes;bb-almaty@mail.ru;;instagram:https://instagram.com/bbeauty.almaty whatsapp:https://wa.me/77073068038;4.4;109;43.220475;76.8671;70000001031953505_qxw9nno27B884A353A5666BB7957758vbgpG51578G7G3J3H81J7B88At5473G65A8117G3011013GJHGI3Hk7uvwpq628J1A016H357HG2GGG1H
салон красоты;Eyeshine, салон красоты;Оформление бровей и ресниц;проспект Абая, 164/1 блок 2/1;+77087085722 +77760899256;+77760899256;yes;;;instagram:https://instagram.com/eyeshine_salon_almaty whatsapp:https://wa.me/77760899256;4.7;321;43.237027;76.880718;70000001110668962_qxw9nno27B884A43276BAH442476758vbgpG51578G7G3J3H81J34067t5473G65A8117G3011013GJHGII2k7uvwpq628J1A073H358H5G2GGH15c
салон красоты;Viva, салон красоты;Визажисты, Парикмахерские услуги, Ногтевой сервис, Оформление бровей и ресниц, Косметолог, Эпиляция, Массажист, Подолог, Перманентный макияж;проспект Сейфуллина, 483;+77273440416 +77023440416;+77023440416;yes;;;instagram:https://instagram.com/viva_megapark whatsapp:https://wa.me/77023440416;4.8;1152;43.263396;76.928887;70000001018942310_qxw9nno27B884A33AA4546BB79de758vbgpG51578G7G3J3H81J7B88At5473G65A8117G3011013GJHGI3Hk7uvwpq628J1A021H359HG2GGG1H
салон красоты;Стиль, салон красоты;Визажисты, Парикмахерские услуги, Ногтевой сервис, Оформление бровей и ресниц, Эпиляция, Массажист, Косметолог, Обучение мастеров для салонов красоты;улица Ауэзова, 129;+77786826826 +77753591099;+77753591099;yes;;http://zapis.kz/salon/salon-krasoty-stil-kn-7403;instagram:https://instagram.com/stil.salonalmaty whatsapp:https://wa.me/77753591099;4.9;538;43.23654;76.904003;70000001054653678_qxw9nno27B884A37675676BB79d4758vbgpG51578G7G3J3H81J7B88At5473G65A8117G3011013GJHGI3Hk7uvwpq628J1A089H35AHG2GGG1H
салон красоты;Gul, салон красоты;Визажисты, Ногтевой сервис, Парикмахерские услуги, Эпиляция, Оформление бровей и ресниц;микрорайон Шугыла, 340/33;+77005887070;+77013544499;yes;;http://tiktok.com/@salon_krasoty_gul_;instagram:https://instagram.com/salon_krasoty_gul whatsapp:https://wa.me/77013544499;4.9;169;43.212408;76.786751;70000001103336359_qxw9nno27B884A42543946BB79cA758vbgpG51578G7G3J3H81J7B88At5473G65A8117G3011013GJHGI3Hk7uvwpq628J1A06AH35BHG2GGG1H
салон красоты;Oval, салон красоты;Оформление бровей и ресниц, Парикмахерские услуги, Ногтевой сервис, Эпиляция, Услуги пирсинга, Визажисты;микрорайон Аксай-5, 25;+77476008002;+77476008002;yes;;;instagram:https://instagram.com/oval_kz whatsapp:https://wa.me/77476008002;4.7;371;43.231815;76.832296;70000001055847405_qxw9nno27B884A37794A5H442476758vbgpG51578G7G3J3H81J34067t5473G65A8117G3011013GJHGII2k7uvwpq628J1A016H35CH5G2GGH1c1
салон красоты;Lammi.me, салон красоты;Ногтевой сервис;Жумалиева улица, 86;+77088419735;+77088419735;yes;;http://lammime.kz;instagram:https://instagram.com/lammi.me whatsapp:https://wa.me/77088419735;4.9;1014;43.253425;76.913342;70000001090760178_pqxw9n1578G23H8301I2GGG0758vbg73G6G505A811286328wpqt54628J1A7G7G3J0J7906nok7uv7B884A10133B9H364HHHGJHG2I67362d
салон красоты;Nail bar Almaty, салон красоты;Парикмахерские услуги, Ногтевой сервис, Визажисты, Обучение мастеров для салонов красоты, Оформление бровей и ресниц;проспект Гагарина, 135л;+77757789999 +77756957563 +77023000975;+77757789999;yes;;;instagram:https://instagram.com/nail.bar.almaty whatsapp:https://wa.me/77757789999 whatsapp:https://wa.me/77756957563 instagram:https://instagram.com/nail.bar.almaty_premium whatsapp:https://wa.me/77023000975;4.9;1908;43.226385;76.895323;70000001070144297_pqxw9n1578G23H83014GGG0G758vbg73G6G505A81122473Awpqt54628J1A7G7G3J0J535Jnok7uv7B884A1013398H365HHHGJH0I516d6
салон красоты;Queen bee beauty, салон красоты;Парикмахерские услуги, Ногтевой сервис, Эпиляция, Оформление бровей и ресниц, Визажисты, Косметолог, Обучение мастеров для салонов красоты;улица Кажымукана, 49;+77071118262 +77051116200;+77071118262;yes;;;instagram:https://instagram.com/queenbee_kz whatsapp:https://wa.me/77071118262 whatsapp:https://wa.me/77051116200;4.8;1216;43.225444;76.954581;70000001046663858_pqxw9n1578G23H83014GGG0G758vbg73G6G505A811876696wpqt54628J1A7G7G3J0J535Jnok7uv7B884A1013369H366HHHGJH0I516ih
салон красоты;NickOl Beauty Space, салон красоты;Парикмахерские услуги, Косметолог, Ногтевой сервис, Визажисты, Оформление бровей и ресниц, Услуги пирсинга, Массажист, Эпиляция;микрорайон Керемет, 6 к20;+77019249518;+77019242652;yes;;http://zapis.kz/nickol;instagram:https://instagram.com/nickol_beauty_space whatsapp:https://wa.me/77019242652 whatsapp:https://wa.me/77019249518;5;297;43.235123;76.938046;70000001044789875_pqxw9n1578G23H83014GGG0G758vbg73G6G505A811688C98wpqt54628J1A7G7G3J0J535Jnok7uv7B884A1013366H367HHHGJH0I516f5
салон красоты;Aigerim permanent;Оформление бровей и ресниц, Перманентный макияж, Услуги пирсинга;улица Утеген батыра, 11д к6;+77475406030;+77475406030;yes;;;instagram:https://instagram.com/aigerim.permanent whatsapp:https://wa.me/77475406030;5;1054;43.243154;76.853489;70000001089379778_qxw9nno27B884A3AB47C8H442476758vbgpG51578G7G3J3H80J34067t5473G65A8117G3011013GJHGII1k7uvwpq628J1A089H369H5G2GGH14e
салон красоты;Sulu, салон красоты;Ногтевой сервис, Оформление бровей и ресниц;улица Толе би, 285/8 к17;+77071821616;+77071821616;yes;;;instagram:https://instagram.com/uldanai_kairatovna whatsapp:https://wa.me/77071821616;4.3;961;43.247015;76.854275;70000001075020373_pqxw9n1578G23H8301I2GGG0758vbg73G6G505A811712348wpqt54628J1A7G7G3J0J7906nok7uv7B884A1013394H36BHHHGJHG2I6736A2
салон красоты;Indira Beauty, салон красоты;Парикмахерские услуги, Ногтевой сервис, Оформление бровей и ресниц, Визажисты, Эпиляция, Косметолог, Перманентный макияж;проспект Абылай хана, 1г;+77475748394 +77076056080;+77475748394;yes;;;whatsapp:https://wa.me/77475748394 whatsapp:https://wa.me/77076056080;4.8;859;43.207168;76.665439;70000001044312350_pqxw9n1578G23H83014GGG0G758vbg73G6G505A811641546wpqt54628J1A7G7G3J0J535Jnok7uv7B884A1013361H36CHHHGJH0I516Ad
салон красоты;Lauras.mua, студия красоты;Парикмахерские услуги, Визажисты, Обучение мастеров для салонов красоты, Оформление бровей и ресниц, SPA-процедуры;проспект Абая, 79;+77475154797;+77475154797;yes;;;instagram:https://instagram.com/lauras.mua whatsapp:https://wa.me/77475154797;4.9;141;43.241567;76.928814;70000001113351883_pqxw9n1578G23H83014GGG0G758vbg73G6G505A811545499wpqt54628J1A7G7G3J0J535Jnok7uv7B884A1013434H373HHHGJH0I516h9
салон красоты;Renome, салон красоты;Парикмахерские услуги, Визажисты, Оформление бровей и ресниц, Ногтевой сервис, Косметолог, Эпиляция, Перманентный макияж, Массажист, Подолог;проспект Назарбаева, 152;+77010990330;+77010990330;yes;;;instagram:https://instagram.com/renome_beautysalon whatsapp:https://wa.me/77010990330;4.8;494;43.24544;76.948155;70000001032690020_pqxw9n1578G23H83014GGG0G758vbg73G6G505A811479313wpqt54628J1A7G7G3J0J535Jnok7uv7B884A1013351H374HHHGJH0I5163i
салон красоты;Lammi.me, салон красоты;Ногтевой сервис, Оформление бровей и ресниц;микрорайон Таугуль, 19;+77074579507;+77074579507;yes;;;instagram:https://instagram.com/lammi.me whatsapp:https://wa.me/77074579507;4.8;2133;43.211515;76.875841;70000001048009372_pqxw9n1578G23H8301I2GGG0758vbg73G6G505A811A10C48wpqt54628J1A7G7G3J0J7906nok7uv7B884A1013363H375HHHGJHG2I6736f3
салон красоты;Lammi.me, салон красоты;Ногтевой сервис, Оформление бровей и ресниц;проспект Назарбаева, 223;+77073453183;+77073453183;yes;;;instagram:https://instagram.com/lammi.me whatsapp:https://wa.me/77073453183;4.9;1179;43.232783;76.948348;70000001067112853_pqxw9n1578G23H8301I2GGG0758vbg73G6G505A811921596wpqt54628J1A7G7G3J0J7906nok7uv7B884A1013384H376HHHGJHG2I6736de
салон красоты;Queen bee beauty, салон красоты;Парикмахерские услуги, Визажисты, Ногтевой сервис, Косметолог, Оформление бровей и ресниц, Эпиляция;улица Розыбакиева, 181а;+77471114626 +77021114627;+77471114626;yes;;;instagram:https://instagram.com/queenbee_kz whatsapp:https://wa.me/77471114626;4.7;399;43.21471;76.892437;70000001056447181_pqxw9n1578G23H83014GGG0G758vbg73G6G505A811854A29wpqt54628J1A7G7G3J0J535Jnok7uv7B884A1013372H377HHHGJH0I516Ci
салон красоты;Sass Metropole, студия красоты;Парикмахерские услуги, Ногтевой сервис, Оформление бровей и ресниц, Визажисты, Эпиляция;проспект Аль-Фараби, 41/2 блок 2;+77003006088;+77003006088;yes;;;instagram:https://instagram.com/sass.metropole whatsapp:https://wa.me/77003006088;4.8;224;43.226396;76.93951;70000001094669120_pqxw9n1578G23H83014GGG0G758vbg73G6G505A811676C23wpqt54628J1A7G7G3J0J535Jnok7uv7B884A10133B1H379HHHGJH0I516Cf
салон красоты;Main beauty salon, салон красоты;Парикмахерские услуги, Ногтевой сервис, Эпиляция, Оформление бровей и ресниц, Визажисты, Подолог, Косметолог;проспект Аль-Фараби, 53;+77088489578;+77088489578;yes;;;instagram:https://instagram.com/main.almaty whatsapp:https://wa.me/77088489578;4.7;106;43.223664;76.936169;70000001091451187_pqxw9n1578G23H83014GGG0G758vbg73G6G505A811355429wpqt54628J1A7G7G3J0J535Jnok7uv7B884A10133B8H37AHHHGJH0I5164B
салон красоты;Noorsulu, салон красоты;Парикмахерские услуги;проспект Назарбаева, 117;+77078328489;+77078328489;yes;;;instagram:https://instagram.com/noorsulu whatsapp:https://wa.me/77078328489;4.9;1519;43.254313;76.946451;70000001041065057_pqxw9n1578G23H83014GGG0G758vbg73G6G505A811316816wpqt54628J1A7G7G3J0J535Jnok7uv7B884A1013368H37BHHHGJH0I5164h
салон красоты;Manon beauty salon, салон красоты;Парикмахерские услуги, Ногтевой сервис, Оформление бровей и ресниц, Визажисты, Эпиляция;проспект Аль-Фараби, 21 блок 9;+77052039991;+77052039991;yes;;http://zapis.kz/manon;instagram:https://instagram.com/manon.beautysalon whatsapp:https://wa.me/77052039991;4.9;236;43.228451;76.942903;70000001092556264_pqxw9n1578G23H83014GGG0G758vbg73G6G505A811465937wpqt54628J1A7G7G3J0J535Jnok7uv7B884A10133B5H37CHHHGJH0I516eh
салон красоты;Салон красоты;Парикмахерские услуги, Визажисты, Обучение мастеров для салонов красоты, Оформление бровей и ресниц, Ногтевой сервис;улица Навои, 208/8;+77471235757;+77471235757;yes;;;whatsapp:https://wa.me/77471235757;4.8;1080;43.204604;76.887575;70000001042681946_pFd9uD1578G23H83014GGG0Gng4wem73G6G505A8114784A5wpqt5462AJ1A9G7G4J0J535Jotpwuv7B884A1013367H433HHHGJH0I5166i
салон красоты;Main beauty salon, салон красоты;Парикмахерские услуги, Ногтевой сервис, Оформление бровей и ресниц, Визажисты, Косметолог, Подолог;проспект Серкебаева, 99 блок 5;+77088489587;+77088489587;yes;;;instagram:https://instagram.com/main.almaty whatsapp:https://wa.me/77088489587;4.8;252;43.208141;76.898198;70000001092472916_pFd9uD1578G23H83014GGG0Gng4wem73G6G505A8114575A2wpqt5462AJ1A9G7G4J0J535Jotpwuv7B884A10133B7H434HHHGJH0I516g6
салон красоты;Estet by Ashirov, салон красоты;Парикмахерские услуги;улица Наурызбай батыра, 111;+77784947526;+77784947526;yes;;;instagram:https://instagram.com/Estet.Ashirov whatsapp:https://wa.me/77784947526;4.8;143;43.243429;76.936982;70000001115768428_pFd9uD1578G23H83014GGG0Gng4wem73G6G505A811786B53wpqt5462AJ1A9G7G4J0J535Jotpwuv7B884A1013439H435HHHGJH0I516fh
салон красоты;Halal Beauty, женский салон красоты;Парикмахерские услуги, Ногтевой сервис, Оформление бровей и ресниц, Массажист, SPA-процедуры, Обучение мастеров для салонов красоты, Визажисты, Косметолог, Роспись по телу, Эпиляция, Альтернативная медицина, Услуги пирсинга;улица Розыбакиева, 289/1;+77074040470 +77067040536;+77067040536;yes;;http://tiktok.com/@halal_beauty.kz;instagram:https://instagram.com/halal_beauty.kz whatsapp:https://wa.me/77067040536 whatsapp:https://wa.me/77074040470;4.9;1721;43.195316;76.893661;70000001045331437_pFd9uD1578G23H83014GGG0Gng4wem73G6G505A811743454wpqt5462AJ1A9G7G4J0J535Jotpwuv7B884A1013368H436HHHGJH0I51666
салон красоты;Sass, студия красоты;Парикмахерские услуги, Ногтевой сервис, Оформление бровей и ресниц, Визажисты;улица Желтоксан, 171;+77008377855;+77008377855;yes;;;instagram:https://instagram.com/sass.almaty whatsapp:https://wa.me/77008377855;4.8;498;43.240967;76.940897;70000001035292352_pFd9uD1578G23H83014GGG0Gng4wem73G6G505A811739546wpqt5462AJ1A9G7G4J0J535Jotpwuv7B884A1013353H437HHHGJH0I51687
салон красоты;Розовое вино, салон красоты;Парикмахерские услуги, Ногтевой сервис, Оформление бровей и ресниц, Эпиляция, Массажист, Услуги загара;улица Курмангазы, 20;+77760211717;+77760211717;yes;;;instagram:https://instagram.com/rozovoe_studio_ whatsapp:https://wa.me/77760211717;4.9;363;43.244988;76.953683;70000001059431751_pFd9uD1578G23H83014GGG0Gng4wem73G6G505A811B53486wpqt5462AJ1A9G7G4J0J535Jotpwuv7B884A1013372H438HHHGJH0I516Bf
салон красоты;Мерке;Парикмахерские услуги;улица Жанкожа батыра, 139;+77476233740;+77476233740;yes;;;whatsapp:https://wa.me/77476233740;4.4;5;43.298139;76.850909;70000001039453735_pFd9uD1578G23H83014GGG0Gng4wem73G6G505A811B55684wpqt5462AJ1A9G7G4J0J535Jotpwuv7B884A1013356H439HHHGJH0I516BC
салон красоты;Barbaris, студия колористики;Парикмахерские услуги;улица Нурмакова, 150;+77772255942;+77772255942;yes;;http://tiktok.com/@barbaris.ala;instagram:https://instagram.com/barbaris.kz whatsapp:https://wa.me/77772255942;4.9;1190;43.247532;76.907287;70000001029765709_pFd9uD1578G23H83014GGG0Gng4wem73G6G505A811B86881wpqt5462AJ1A9G7G4J0J535Jotpwuv7B884A101334AH43AHHHGJH0I5169C
салон красоты;Бетон hair studio, парикмахерская;Парикмахерские услуги;Утепова улица, 20;+77082116902;+77082116902;yes;;http://n1219365.alteg.io/company/1165533/personal/menu?o= http://tiktok.com/@beton.project;instagram:https://instagram.com/beton.project whatsapp:https://wa.me/77082116902 telegram:https://t.me/studiobeton;4.9;769;43.218156;76.890403;70000001075548389_pFd9uD1578G23H83014GGG0Gng4wem73G6G505A811764B49wpqt5462AJ1A9G7G4J0J535Jotpwuv7B884A101339AH43BHHHGJH0I51635
салон красоты;Senso Beauty Studio, салон красоты;Парикмахерские услуги, Визажисты, Косметолог, Ногтевой сервис, Оформление бровей и ресниц, Эпиляция;улица Гоголя, 176 к 1;+77715520707;+77715520707;yes;;;instagram:https://instagram.com/senso_beauty_studio whatsapp:https://wa.me/77715520707;4.8;970;43.257144;76.90845;70000001094515272_pFd9uD1578G23H83014GGG0Gng4wem73G6G505A811661838wpqt5462AJ1A9G7G4J0J535Jotpwuv7B884A10133B3H43CHHHGJH0I51634
салон красоты;Glow, студия красоты;Ногтевой сервис, Оформление бровей и ресниц;улица Желтоксан, 169;+77758311044;+77758311044;yes;;;instagram:https://instagram.com/glow_by_makpal whatsapp:https://wa.me/77758311044;4.5;1162;43.242492;76.940997;70000001077223782_pFd9uD1578G23H8301I2GGG0ng4wem73G6G505A811932689wpqt5462AJ1A9G7G4J0J7906otpwuv7B884A1013393H443HHHGJHG2I67368g
салон красоты;Hair Corporation Prive, студия красоты;Парикмахерские услуги, Визажисты, Оформление бровей и ресниц;улица Кенесары хана, 54/29;+77052145554 +77066201654;+77052145554;;;;instagram:https://instagram.com/haircorporation.2.0;4.9;269;43.168789;76.869913;70000001096101487_pFd9uD1578G23H83014GGG0Gng4wem73G6G505A811820459wpqt5462AJ1A9G7G4J0J535Jotpwuv7B884A10133B8H444HHHGJH0I516dd
салон красоты;Krasnoe Yabloko, сеть студий красоты;Ногтевой сервис, Парикмахерские услуги, Визажисты, Эпиляция;проспект Достык, 46;+77077588897;+77475781103;yes;diana.lisicyna@bk.ru;http://zapis.kz/krasnoe_yabloko;instagram:https://instagram.com/krasnoeyabloko.kz whatsapp:https://wa.me/77475781103;4.8;450;43.247988;76.956734;70000001103313768_pFd9uD1578G23H8301I2GGG0ng4wem73G6G505A811541687wpqt5462AJ1A9G7G4J1J7906otpwuv7B884A1013429H445HHHGJHG3I67366g
салон красоты;TheLab Premium, салон красоты;Парикмахерские услуги, Ногтевой сервис, Оформление бровей и ресниц;проспект Серкебаева, 99 блок 1;+77081294393;+77081294393;yes;;;instagram:https://instagram.com/thelab.premium whatsapp:https://wa.me/77081294393;4.8;1054;43.208674;76.897171;70000001092881563_pFd9uD1578G23H83014GGG0Gng4wem73G6G505A811498467wpqt5462AJ1A9G7G4J0J535Jotpwuv7B884A10133B4H446HHHGJH0I516ee
салон красоты;Gaziza, салон красоты;Парикмахерские услуги, Косметолог, Ногтевой сервис, Услуги загара, Эпиляция, Перманентный макияж, Оформление бровей и ресниц;улица Ауэзова, 106;+77074442328 +77018006898;+77018006898;yes;;;whatsapp:https://wa.me/77018006898 whatsapp:https://wa.me/77074442328;4.9;615;43.233768;76.905124;9429940000787307_pFd9uD1578G23HA72AIGG0GGng4wem73G6G505A811997618wpqt5462AJ1A9G7G4JG628G5otpwuv7B884AA41232H427J1HHGJ1G52697
салон красоты;G, салон красоты;Парикмахерские услуги, Оформление бровей и ресниц, Эпиляция, Ногтевой сервис, Визажисты;улица Асыл Арман, 12;+77759735052;+77759735052;yes;;;whatsapp:https://wa.me/77759735052;5;36;43.231451;76.751766;70000001063710786_pFd9uD1578G23H83014GGG0Gng4wem73G6G505A811581389wpqt5462AJ1A9G7G4J0J535Jotpwuv7B884A1013387H449HHHGJH0I5169d
салон красоты;Glow, студия красоты;Ногтевой сервис, Оформление бровей и ресниц;улица Панфилова, 80;+77755852354;+77755852354;yes;;;instagram:https://instagram.com/glow_by_makpal whatsapp:https://wa.me/77755852354;4.5;1297;43.260637;76.94447;70000001065136862_pFd9uD1578G23H8301I2GGG0ng4wem73G6G505A811723997wpqt5462AJ1A9G7G4J0J7906otpwuv7B884A1013383H44AHHHGJHG2I6736Bb
салон красоты;Krasnoe Yabloko, сеть студий красоты;Ногтевой сервис, Парикмахерские услуги, Визажисты, Эпиляция;улица Каныша Сатпаева, 63а;+77077558889;+77475781103;yes;diana.lisicyna@bk.ru;http://zapis.kz/krasnoe_yabloko;instagram:https://instagram.com/krasnoeyabloko.kz whatsapp:https://wa.me/77475781103;4.8;1226;43.23523;76.89583;70000001060051188_pFd9uD1578G23H8301I2GGG0ng4wem73G6G505A811215429wpqt5462AJ1A9G7G4J1J7906otpwuv7B884A1013389H44BHHHGJHG3I67362b
салон красоты;Deville nail studio, ногтевая студия;Ногтевой сервис, Подолог;проспект Гагарина, 135/7;+77071309679;+77071309679;yes;;http://taplink.cc/deville_nails http://n1411966.alteg.io/;instagram:https://instagram.com/deville_nails whatsapp:https://wa.me/77071309679;5;1391;43.231478;76.894969;70000001043589519_pFd9uD1578G23H8301I2GGG0ng4wem73G6G505A811568C62wpqt5462AJ1A9G7G4J0J7906otpwuv7B884A101336AH44CHHHGJHG2I673654
салон красоты;Gaukhar Vizazh Studio, салон красоты;Парикмахерские услуги, Визажисты, Обучение мастеров для салонов красоты;улица Егизбаева, 7/21;+77786248921;+77786248921;yes;;;instagram:https://instagram.com/gaukharvizazh_almaty whatsapp:https://wa.me/77786248921;4.8;689;43.229594;76.883971;70000001025694945_pFd9uD1578G23H83014GGG0Gng4wem73G6G505A8117797A5wpqt5462AJ1A9G7G4J0J535Jotpwuv7B884A1013346H453HHHGJH0I5167A
салон красоты;Krasnoe Yabloko, сеть студий красоты;Ногтевой сервис, Парикмахерские услуги, Визажисты, Оформление бровей и ресниц, Эпиляция;улица Навои, 310;+77475329888;+77475781103;yes;diana.lisicyna@bk.ru;http://zapis.kz/krasnoe_yabloko;instagram:https://instagram.com/krasnoeyabloko.kz whatsapp:https://wa.me/77475781103;4.8;1291;43.199298;76.887179;70000001038340368_pFd9uD1578G23H8301I2GGG0ng4wem73G6G505A811A44347wpqt5462AJ1A9G7G4J1J7906otpwuv7B884A1013359H454HHHGJHG3I67364b
салон красоты;Doni_lash_studio, студия красоты;Оформление бровей и ресниц;проспект Сейфуллина, 469/1 блок 3;+77770293135 +77055111158;+77770293135;;;;instagram:https://instagram.com/doni_lash_studio;4.8;1094;43.267257;76.929142;70000001060973632_Fd9uDot27B884A382A767H442476ng4wempG51578G7G4J3H80J34067t5473G65A8119G3011013GJHGII1pwuvwpq62AJ1A043H456H5G2GGH153
салон красоты;Manolo, салон красоты;Парикмахерские услуги, Ногтевой сервис, Эпиляция, Косметолог, Визажисты, Оформление бровей и ресниц, Подолог;улица Радостовца, 323а к6;+77019255595;+77019255595;yes;;;instagram:https://instagram.com/manolo_almaty whatsapp:https://wa.me/77019255595;4.9;247;43.20958;76.894803;70000001064527522_pFd9uD1578G23H83014GGG0Gng4wem73G6G505A811662A63wpqt5462AJ1A9G7G4J0J535Jotpwuv7B884A1013383H457HHHGJH0I516eg
салон красоты;Алиса, салон красоты;Парикмахерские услуги, Ногтевой сервис, Оформление бровей и ресниц, Эпиляция, Услуги пирсинга, Перманентный макияж, Косметолог, Подолог, Массажист;проспект Гагарина, 287 блок С;+77272296118 +77473296110 +77756622882;+77473296110;yes;;;instagram:https://instagram.com/alisa_salon.almaty whatsapp:https://wa.me/77473296110;4.9;146;43.204171;76.898619;70000001037476312_pFd9uD1578G23H83014GGG0Gng4wem73G6G505A811957942wpqt5462AJ1A9G7G4J0J535Jotpwuv7B884A1013353H458HHHGJH0I51654
салон красоты;Aigerim Zhanabayeva, студия красоты;Парикмахерские услуги, Обучение мастеров для салонов красоты, Визажисты;улица Каныша Сатпаева, 90/20 блок 3;+77078681988;+77078681988;yes;;;instagram:https://instagram.com/aigerim_zhanabayeva_talgar instagram:https://instagram.com/aigerim_zhanabayeva_beauty whatsapp:https://wa.me/77078681988;4.9;635;43.231566;76.875714;70000001027747136_pFd9uD1578G23H83014GGG0Gng4wem73G6G505A811984A24wpqt5462AJ1A9G7G4J0J535Jotpwuv7B884A1013347H459HHHGJH0I516B8
салон красоты;Шолпан, салон красоты;Парикмахерские услуги, Визажисты, Оформление бровей и ресниц, Ногтевой сервис, Эпиляция, Перманентный макияж, Массажист;улица Пушкина, 3/2;+77053301617 +77078286167 +77057783976 +77471693566 +77473404296;+77072029151;yes;;;instagram:https://instagram.com/sholpan_masterr whatsapp:https://wa.me/77072029151 whatsapp:https://wa.me/77078286167 whatsapp:https://wa.me/77057783976;4.9;242;43.268991;76.951698;70000001063339335_pFd9uD1578G23H83014GGG0Gng4wem73G6G505A811543C44wpqt5462AJ1A9G7G4J0J535Jotpwuv7B884A1013386H45AHHHGJH0I516ei
салон красоты;TheLab, салон красоты;Ногтевой сервис, Оформление бровей и ресниц, Эпиляция;улица Тимирязева, 42 к10а;+77075649150;+77075649150;yes;;;instagram:https://instagram.com/thelab.almaty whatsapp:https://wa.me/77075649150;4.5;1963;43.225128;76.905045;70000001057244332_pFd9uD1578G23H8301I2GGG0ng4wem73G6G505A811934744wpqt5462AJ1A9G7G4J0J7906otpwuv7B884A1013373H45BHHHGJHG2I67369g
салон красоты;Krasnoe Yabloko, сеть студий красоты;Ногтевой сервис, Парикмахерские услуги, Визажисты, Эпиляция;проспект Сейфуллина, 452;+77078374888;+77475781103;yes;diana.lisicyna@bk.ru;http://zapis.kz/krasnoe_yabloko;instagram:https://instagram.com/krasnoeyabloko.kz whatsapp:https://wa.me/77475781103;4.8;1954;43.260183;76.932292;70000001032796282_pFd9uD1578G23H8301I2GGG0ng4wem73G6G505A811489939wpqt5462AJ1A9G7G4J1J7906otpwuv7B884A1013353H45CHHHGJHG3I673677
салон красоты;Aneli, салон красоты;Парикмахерские услуги, Ногтевой сервис, Оформление бровей и ресниц, Визажисты, Обучение мастеров для салонов красоты;Едила Ергожина улица, 8;+77086416718;+77086416718;yes;;;instagram:https://instagram.com/aneli.beautysalon whatsapp:https://wa.me/77086416718;4.9;662;43.20836;76.910594;70000001079088195_pFd9uD1578G23H83014GGG0Gng4wem73G6G505A811B18B2Awpqt5462AJ1A9G7G4J0J535Jotpwuv7B884A1013396H463HHHGJH0I51664
салон красоты;Queen bee beauty, салон красоты;Парикмахерские услуги, Визажисты, Ногтевой сервис, Оформление бровей и ресниц, Эпиляция, Косметолог;проспект Абылай хана, 92;+77081110708 +77021113346;+77021113346;yes;;;instagram:https://instagram.com/queenbee_kz whatsapp:https://wa.me/77021113346;4.8;452;43.250764;76.942905;70000001066738068_pFd9uD1578G23H83014GGG0Gng4wem73G6G505A811883B17wpqt5462AJ1A9G7G4J0J535Jotpwuv7B884A1013389H464HHHGJH0I516d7
салон красоты;Top beauty studio, студия красоты;Ногтевой сервис, Оформление бровей и ресниц;улица Айтиева, 140;+77273123747;+77001014767;yes;;http://n829338.alteg.io;instagram:https://instagram.com/top.beauty.ala whatsapp:https://wa.me/77001014767;4.8;216;43.248123;76.905317;70000001114037185_pFd9uD1578G23H8301I2GGG0ng4wem73G6G505A811613A29wpqt5462AJ1A9G7G4J0J7906otpwuv7B884A1013436H465HHHGJHG2I6736dd
салон красоты;Viva, салон красоты;Визажисты, Парикмахерские услуги, Ногтевой сервис, Оформление бровей и ресниц, Эпиляция, Услуги пирсинга;улица Розыбакиева, 247а;+77072250653 +77026255597 +77000289897;+77072250653;yes;;;instagram:https://instagram.com/viva_mega1 whatsapp:https://wa.me/77072250653 whatsapp:https://wa.me/77026255597 whatsapp:https://wa.me/77000289897;4.5;524;43.203223;76.892348;70000001074193053_Fd9uDot27B884A39629616BB796bng4wempG51578G7G4J3H81J7B88At5473G65A8119G3011013GJHGI3Hpwuvwpq62AJ1A064H466HG2GGG1H
салон красоты;Mizu, салон красоты;Ногтевой сервис, Оформление бровей и ресниц;микрорайон Аксай-5, 25;+77021607634;+77021607634;yes;;http://zapis.kz/mizu;instagram:https://instagram.com/mizu.almaty whatsapp:https://wa.me/77021607634;4.5;468;43.231815;76.832296;70000001074362966_pFd9uD1578G23H8301I2GGG0ng4wem73G6G505A8116465A7wpqt5462AJ1A9G7G4J0J7906otpwuv7B884A1013397H467HHHGJHG2I6736f2
салон красоты;Zhazira, студия красоты;Парикмахерские услуги, Ногтевой сервис, Косметолог, Визажисты, Оформление бровей и ресниц, Эпиляция, Перманентный макияж;микрорайон Аксай-5, 25;+77055556253;+77055556253;yes;;;instagram:https://instagram.com/zhazira.salon.almaty whatsapp:https://wa.me/77055556253;4.8;637;43.232525;76.831621;70000001055058376_pFd9uD1578G23H83014GGG0Gng4wem73G6G505A811715B48wpqt5462AJ1A9G7G4J0J535Jotpwuv7B884A1013377H468HHHGJH0I5166g
салон красоты;TheLab, салон красоты;Ногтевой сервис, Оформление бровей и ресниц, Эпиляция;проспект Назарбаева, 46;+77774777775;+77774777775;yes;;;whatsapp:https://wa.me/77774777775;4.6;1828;43.263463;76.945813;70000001037441268_pFd9uD1578G23H8301I2GGG0ng4wem73G6G505A811954437wpqt5462AJ1A9G7G4J0J7906otpwuv7B884A1013359H469HHHGJHG2I6736dc
салон красоты;Эллада, академия красоты;Парикмахерские услуги, Косметолог, Ногтевой сервис, Массажист, Визажисты, Эпиляция, Перманентный макияж;улица Жамбыла, 61;+77272617212 +77272618543 +77017998787 +77272723669;+77017998787;yes;;http://zapis.kz/salon/13780;telegram:https://t.me/academy_ellada instagram:https://instagram.com/academy_ellada whatsapp:https://wa.me/77017998787;4.8;49;43.247929;76.941727;9429940000862310_pFd9uD1578G23HA72AIGG0GGng4wem73G6G505A811A72621wpqt5462AJ1A9G7G4JG628G5otpwuv7B884AA41232H44AJ1HHGJ1G52675
салон красоты;Chocolate, салон красоты;Парикмахерские услуги, Ногтевой сервис, Визажисты, Оформление бровей и ресниц, Эпиляция;улица Розыбакиева, 263;+77074718888;+77074718888;yes;;;instagram:https://instagram.com/chocolatebeautysalon instagram:https://instagram.com/chocolate_beauty_mega whatsapp:https://wa.me/77074718888;4.8;175;43.200803;76.891823;70000001100868138_pFd9uD1578G23H83014GGG0Gng4wem73G6G505A811296B24wpqt5462AJ1A9G7G4J0J535Jotpwuv7B884A1013429H46BHHHGJH0I516hC
салон красоты;The Soul beauty, салон красоты;Парикмахерские услуги, Эпиляция, Ногтевой сервис, Оформление бровей и ресниц, Визажисты, Косметолог;улица Радостовца, 343 блок 7;+77712684426;+77712684426;yes;;http://xn--e1aqzw.xn--80akcp2b;instagram:https://instagram.com/thesoul_beauty_almaty whatsapp:https://wa.me/77712684426;4.9;344;43.206857;76.895968;70000001077409145_pFd9uD1578G23H83014GGG0Gng4wem73G6G505A811950C25wpqt5462AJ1A9G7G4J0J535Jotpwuv7B884A1013396H46CHHHGJH0I5163B
салон красоты;Aruzhan Nurgazy, салон красоты;Парикмахерские услуги, Оформление бровей и ресниц, Косметолог, Ногтевой сервис, Эпиляция, Перманентный макияж, Массажист, Визажисты;микрорайон Шугыла, 340/33 к11;+77719723550;+77719723550;yes;;;instagram:https://instagram.com/aruzhan_beauty_salon2 whatsapp:https://wa.me/77719723550;4.9;822;43.212302;76.788651;70000001100861580_pFd9uD1578G23H83014GGG0Gng4wem73G6G505A811296469wpqt5462AJ1A9G7G4J1J535Jotpwuv7B884A1013421H473HHHGJH1I516fg
салон красоты;Ginger Studio, студия красоты;Парикмахерские услуги, Оформление бровей и ресниц, Визажисты, Эпиляция, Обучение мастеров для салонов красоты;улица Тайманова, 300/2;+77778170337;+77778170337;yes;;http://n1028380.alteg.io;instagram:https://instagram.com/agency_ginger.studio whatsapp:https://wa.me/77778170337;4.9;703;43.210871;76.963498;70000001032142623_pFd9uD1578G23H83014GGG0Gng4wem73G6G505A811424573wpqt5462AJ1A9G7G4J0J535Jotpwuv7B884A1013354H474HHHGJH0I516e9
салон красоты;Chocolate, салон красоты;Парикмахерские услуги, Визажисты, Ногтевой сервис, Оформление бровей и ресниц;микрорайон Самал-2, 111;+77755888838;+77755888838;yes;;;instagram:https://instagram.com/chocolatebeautysalon whatsapp:https://wa.me/77755888838;4.6;247;43.233117;76.957054;70000001100352611_pFd9uD1578G23H83014GGG0Gng4wem73G6G505A811245572wpqt5462AJ1A9G7G4J0J535Jotpwuv7B884A1013422H475HHHGJH0I516B8
салон красоты;Miss Brown, студия красоты и загара;Парикмахерские услуги, Услуги загара, Ногтевой сервис, Оформление бровей и ресниц, Массажист;улица Курмангазы, 97;+77051000004;+77051000004;yes;;;instagram:https://instagram.com/miss_brown_almaty whatsapp:https://wa.me/77051000004;4.9;347;43.244226;76.932347;70000001021335234_pFd9uD1578G23H83014GGG0Gng4wem73G6G505A811343834wpqt5462AJ1A9G7G4J0J535Jotpwuv7B884A1013345H476HHHGJH0I516di
салон красоты;Femina, салон красоты;Ногтевой сервис;улица Каныша Сатпаева, 64Б;+77478873719;+77478873719;yes;;http://dikidi.net/2067002;instagram:https://instagram.com/femina.almaty whatsapp:https://wa.me/77478873719 telegram:https://t.me/feminabeautystudio;4.9;250;43.234603;76.893212;70000001091414876_pFd9uD1578G23H8301I2GGG0ng4wem73G6G505A811351798wpqt5462AJ1A9G7G4J0J7906otpwuv7B884A10133B7H477HHHGJHG2I673652
салон красоты;Di Lash, студия по уходу за ресницами и бровями;Оформление бровей и ресниц, Перманентный макияж, Обучение мастеров для салонов красоты;улица Курмангазы, 97;+77779423322 +77775233030;+77775233030;yes;;;instagram:https://instagram.com/di.lash.almaty whatsapp:https://wa.me/77775233030 whatsapp:https://wa.me/77779423322;4.9;978;43.244442;76.931609;70000001057522317_Fd9uDot27B884A3796254H442476ng4wempG51578G7G4J3H80J34067t5473G65A8119G3011013GJHGII1pwuvwpq62AJ1A028H478H5G2GGH1gb
салон красоты;Gulshat, салон красоты;Парикмахерские услуги, Оформление бровей и ресниц, Ногтевой сервис, Визажисты, Косметолог, Обучение мастеров для салонов красоты;Аубая Байгазиева улица, 35Б блок В;+77029500399;+77029500399;yes;;;instagram:https://instagram.com/gulshat_dom_krasoty whatsapp:https://wa.me/77029500399;4.8;467;43.203639;76.62613;70000001044549721_pFd9uD1578G23H83014GGG0Gng4wem73G6G505A811664C83wpqt5462AJ1A9G7G4J0J535Jotpwuv7B884A1013362H47AHHHGJH0I516iB
салон красоты;Персик, студия красоты;Косметолог, Эпиляция;улица Курмангазы, 141;+77072003496;+77072003496;yes;;http://persikstudio.kz/ http://jivo.chat/LLlQuH01j4;instagram:https://instagram.com/persik_almaty whatsapp:https://wa.me/77072003496;4.9;1149;43.243055;76.918921;70000001036667567_pFd9uD1578G23H83014GGG0Gng4wem73G6G505A811876A67wpqt5462AJ1A9G7G4J0J882Jotpwuv7B884A1013358H47BHHHGJH0I8634f
салон красоты;Edition by Manon, салон красоты;Парикмахерские услуги, Оформление бровей и ресниц, Ногтевой сервис, Визажисты, Эпиляция;улица Зенкова, 59;+77776313232;+77776313232;yes;;http://zapis.kz/editionbymanon;instagram:https://instagram.com/edition.by.manon whatsapp:https://wa.me/77776313232;4.9;269;43.249765;76.957505;70000001056671974_pFd9uD1578G23H83014GGG0Gng4wem73G6G505A8118774A8wpqt5462AJ1A9G7G4J0J535Jotpwuv7B884A1013375H47CHHHGJH0I5164f
салон красоты;Fortuna Beauty, студия маникюра и ресниц;Ногтевой сервис, Оформление бровей и ресниц, Обучение мастеров для салонов красоты;улица Василий Клочков, 106;+77081981698;+77081981698;yes;;;instagram:https://instagram.com/fortuna_beautyyy whatsapp:https://wa.me/77081981698;4.8;270;43.238727;76.902086;70000001084182905_iqlr7w1578G23H8301I2GGG0dpm9xn73G6G505A8126285A1wpqt54632J1A1G7G5J0J7906pxreuv7B884A10133A6H533HHHGJHG2I673675
салон красоты;InnaSpa, центр красоты и здоровья;SPA-процедуры, Массажист, Косметолог;проспект Назарбаева, 246а;+77074179734 +77076450992;+77074179734;yes;;http://taplink.cc/innaspa;instagram:https://instagram.com/innaspaalmaty whatsapp:https://wa.me/77074179734 whatsapp:https://wa.me/77076450992;4.8;362;43.225966;76.952539;70000001029031481_qlr7wpx27B884A34B134569A7A5gdpm9xniG51578G7G5J3H80J7978Bt5473G65A8121G3011013GJHGI2Hreuvwpq632J1A092H534HG2GGG1H
салон красоты;Sozo, салон красоты;Парикмахерские услуги, Ногтевой сервис, Визажисты, Оформление бровей и ресниц, Эпиляция;улица Кабанбай батыра, 75;+77028888896;+77028888896;yes;;;instagram:https://instagram.com/sozoalmaty whatsapp:https://wa.me/77028888896;4.9;146;43.250328;76.950229;70000001018343312_iqlr7w1578G23H83014GGG0Gdpm9xn73G6G505A812A44642wpqt54632J1A1G7G5J0J535Jpxreuv7B884A1013333H535HHHGJH0I516B3
салон красоты;Darling, салон красоты;Парикмахерские услуги, Ногтевой сервис, Оформление бровей и ресниц, Визажисты;улица Гоголя, 151;+77011907358 +77011097358;+77011907358;yes;;http://zapis.kz/darling;instagram:https://instagram.com/darling.krasota whatsapp:https://wa.me/77011907358 whatsapp:https://wa.me/77011097358;4.9;120;43.258798;76.925885;70000001062507040_iqlr7w1578G23H83014GGG0Gdpm9xn73G6G505A812460A15wpqt54632J1A1G7G5J0J535Jpxreuv7B884A1013381H536HHHGJH0I5169A
салон красоты;Abatova Studio, салон красоты;Парикмахерские услуги;проспект Райымбека, 348/1 к8;+77781567578;+77781567578;yes;;http://tiktok.com/@colorist_abatova;instagram:https://instagram.com/colorist_abatova whatsapp:https://wa.me/77781567578;4.8;437;43.252681;76.863862;70000001103094535_iqlr7w1578G23H83014GGG0Gdpm9xn73G6G505A812519764wpqt54632J1A1G7G5J0J535Jpxreuv7B884A1013426H537HHHGJH0I5169f
салон красоты;Chocolate, салон красоты;Парикмахерские услуги, Визажисты, Ногтевой сервис, Оформление бровей и ресниц, Косметолог, Эпиляция, Массажист;улица Кабанбай батыра, 76;+77785882244;+77785882244;yes;;;instagram:https://instagram.com/chocolatebeautysalon whatsapp:https://wa.me/77785882244;5;157;43.250251;76.955318;70000001064651453_iqlr7w1578G23H83014GGG0Gdpm9xn73G6G505A812675456wpqt54632J1A1G7G5J0J535Jpxreuv7B884A1013384H538HHHGJH0I51658
салон красоты;Velvet studio, студия красоты;Косметолог, Эпиляция;улица Муратбаева, 136;+77773820855;+77773820855;yes;;;instagram:https://instagram.com/velvet_studio.kz whatsapp:https://wa.me/77773820855;5;730;43.251669;76.919174;70000001047529107_iqlr7w1578G23H83014GGG0Gdpm9xn73G6G505A812962C21wpqt54632J1A1G7G5J0J882Jpxreuv7B884A1013368H539HHHGJH0I863f9
салон красоты;Hair.Mengels, салон красоты;Парикмахерские услуги;улица Розыбакиева, 237/1;+77751982829;+77751982829;yes;;;instagram:https://instagram.com/hair.mengels whatsapp:https://wa.me/77751982829;5;382;43.205053;76.893162;70000001063070753_iqlr7w1578G23H83014GGG0Gdpm9xn73G6G505A812517386wpqt54632J1A1G7G5J0J535Jpxreuv7B884A1013384H53AHHHGJH0I51675
салон красоты;Loft Beauty Concept, салон красоты;Парикмахерские услуги, Косметолог, Оформление бровей и ресниц, Ногтевой сервис, Визажисты, Массажист, Эпиляция;улица Кабанбай батыра, 51 блок С;+77018805288;+77018805288;yes;;;instagram:https://instagram.com/loft_beauty_concept whatsapp:https://wa.me/77018805288;4.9;94;43.251475;76.959494;70000001027884159_iqlr7w1578G23H83014GGG0Gdpm9xn73G6G505A812998726wpqt54632J1A1G7G5J0J535Jpxreuv7B884A101334AH53BHHHGJH0I5165i
салон красоты;Mariyam, кабинет красоты;Парикмахерские услуги, Эпиляция, Оформление бровей и ресниц, Обучение мастеров для салонов красоты, Ногтевой сервис;улица Жансугурова, 90е;+77081244291;+77081244291;yes;;http://zapis.kz/mariyam;instagram:https://instagram.com/mariyam_beauty_gres whatsapp:https://wa.me/77081244291;4.5;626;43.428556;77.026158;70000001095761534_iqlr7w1578G23H83014GGG0Gdpm9xn73G6G505A812786464wpqt54632J1A1G7G5J0J535Jpxreuv7B884A10133B5H53CHHHGJH0I5168d
салон красоты;Bonny nails, ногтевая студия;Ногтевой сервис, Оформление бровей и ресниц, Эпиляция;проспект Жибек Жолы, 17;+77009579910;+77009579910;yes;;;instagram:https://instagram.com/bonny.nailss whatsapp:https://wa.me/77009579910;4.4;575;43.263421;76.962537;70000001068541165_iqlr7w1578G23H8301I2GGG0dpm9xn73G6G505A812A64427wpqt54632J1A1G7G5J0J7906pxreuv7B884A1013386H543HHHGJHG2I6736B5
салон красоты;Zami, салон красоты;Парикмахерские услуги, Обучение мастеров для салонов красоты;улица Манаева, 92/1;+77781640307;+77781640307;yes;;;instagram:https://instagram.com/hair_2_zami whatsapp:https://wa.me/77781640307;4.8;373;43.219557;76.946041;70000001035349738_iqlr7w1578G23H83014GGG0Gdpm9xn73G6G505A812744C84wpqt54632J1A1G7G5J0J535Jpxreuv7B884A1013359H544HHHGJH0I5168A
салон красоты;Arya Beauty, салон красоты;Ногтевой сервис, Оформление бровей и ресниц, Обучение мастеров для салонов красоты;улица Радостовца, 165/1 блок 3;+77071854239;+77071854239;yes;;;instagram:https://instagram.com/arya_almaty whatsapp:https://wa.me/77071854239;4.7;266;43.232262;76.891925;70000001113694482_iqlr7w1578G23H8301I2GGG0dpm9xn73G6G505A812579759wpqt54632J1A1G7G5J0J7906pxreuv7B884A1013433H545HHHGJHG2I673629
салон красоты;Main beauty salon, салон красоты;Парикмахерские услуги, Ногтевой сервис, Оформление бровей и ресниц, Визажисты, Подолог;улица Наурызбай батыра, 127 блок 1;+77758887509;+77758887509;yes;;;instagram:https://instagram.com/main.almaty whatsapp:https://wa.me/77758887509;4.8;304;43.237056;76.938238;70000001066317354_iqlr7w1578G23H83014GGG0Gdpm9xn73G6G505A812841A46wpqt54632J1A1G7G5J0J535Jpxreuv7B884A1013385H546HHHGJH0I516B9
салон красоты;Lotus, салон красоты;Парикмахерские услуги, Ногтевой сервис, Оформление бровей и ресниц, Визажисты, Эпиляция, Перманентный макияж;проспект Райымбека, 351/2 блок 14;+77079675121;+77079675121;yes;;http://zapis.kz/lotus-beautyroom;instagram:https://instagram.com/lotus.beautyroom.almaty whatsapp:https://wa.me/77079675121;4.8;283;43.259505;76.865183;70000001099070340_iqlr7w1578G23H83014GGG0Gdpm9xn73G6G505A812B17345wpqt54632J1A1G7G5J0J535Jpxreuv7B884A10133B1H547HHHGJH0I516f6
салон красоты;Krasnoe Yabloko, сеть студий красоты;Ногтевой сервис, Парикмахерские услуги, Визажисты, Эпиляция;улица Каныша Сатпаева, 90/21;+77004521568;+77475781103;yes;diana.lisicyna@bk.ru;http://zapis.kz/krasnoe_yabloko;instagram:https://instagram.com/krasnoeyabloko.kz whatsapp:https://wa.me/77475781103;4.8;778;43.232158;76.875636;70000001081894893_iqlr7w1578G23H8301I2GGG0dpm9xn73G6G505A81239979Awpqt54632J1A1G7G5J1J7906pxreuv7B884A10133A4H548HHHGJHG3I67368c
салон красоты;sugar_studioo, студия;Ногтевой сервис, Эпиляция;проспект Абая, 118 блок 5;+77715364508;+77715364508;yes;;;instagram:https://instagram.com/sugar_studioo whatsapp:https://wa.me/77715364508;4.9;713;43.236768;76.892112;70000001090533536_iqlr7w1578G23H8301I2GGG0dpm9xn73G6G505A812263664wpqt54632J1A1G7G5J0J7906pxreuv7B884A10133B7H549HHHGJHG2I67368f
салон красоты;Tahmina Vaitova, ногтевая студия;Ногтевой сервис, Обучение мастеров для салонов красоты, Оформление бровей и ресниц, Перманентный макияж;проспект Жибек Жолы, 54;+77074101147;+77074101147;yes;;;instagram:https://instagram.com/tahmina.vaitova whatsapp:https://wa.me/77074101147;4.8;1014;43.26242;76.953751;70000001059718387_iqlr7w1578G23H8301I2GGG0dpm9xn73G6G505A812B81B49wpqt54632J1A1G7G5J0J7906pxreuv7B884A1013378H54AHHHGJHG2I67369d
салон красоты;Sándi, парикмахерская;Парикмахерские услуги, Обучение мастеров для салонов красоты, Ногтевой сервис;улица Тургут Озала, 194 блок 14;+77070434242;+77070434242;yes;;;instagram:https://instagram.com/sandi.almata whatsapp:https://wa.me/77070434242;4.9;679;43.239909;76.883234;70000001101198821_iqlr7w1578G23H83014GGG0Gdpm9xn73G6G505A812329B93wpqt54632J1A1G7G5J0J535Jpxreuv7B884A1013422H54BHHHGJH0I516gf
салон красоты;Sen Sulu, салон красоты;Парикмахерские услуги, Ногтевой сервис, Эпиляция, Оформление бровей и ресниц, Визажисты;улица Жунисова, 2/22 к13;+77473269815 +77082312008;+77082312008;yes;;;instagram:https://instagram.com/sensulu_salony whatsapp:https://wa.me/77082312008 whatsapp:https://wa.me/77473269815;4.8;355;43.226123;76.779396;70000001097362730_iqlr7w1578G23H83014GGG0Gdpm9xn73G6G505A812946584wpqt54632J1A1G7G5J0J535Jpxreuv7B884A10133B1H54CHHHGJH0I516ei
салон красоты;Busy Bee, территория красоты;Парикмахерские услуги, Ногтевой сервис, Визажисты, Оформление бровей и ресниц, Косметолог, Эпиляция, Перманентный макияж, Обучение мастеров для салонов красоты;микрорайон Самал-3, 25;+77075555383;+77075555383;yes;;http://zapis.kz/busy-bee;instagram:https://instagram.com/busy.bee_almaty whatsapp:https://wa.me/77075555383;5;50;43.227934;76.952403;70000001081099083_iqlr7w1578G23H83014GGG0Gdpm9xn73G6G505A812319C19wpqt54632J1A1G7G5J0J535Jpxreuv7B884A10133A4H553HHHGJH0I516g7
салон красоты;MixTon, салон красоты;Парикмахерские услуги, Оформление бровей и ресниц;улица Макатаева, 131 к2;+77002066625 +77081510281;+77002066625;yes;;;instagram:https://instagram.com/mixton.almaty whatsapp:https://wa.me/77002066625;4.8;1359;43.263117;76.918306;70000001080480538_iqlr7w1578G23H83014GGG0Gdpm9xn73G6G505A812258364wpqt54632J1A1G7G5J0J535Jpxreuv7B884A10133A9H554HHHGJH0I5169i
салон красоты;Nocktiki, студия красоты;Ногтевой сервис, Обучение мастеров для салонов красоты, Оформление бровей и ресниц;улица Желтоксан, 134;+77760003043;+77760003043;yes;;;whatsapp:https://wa.me/77760003043 instagram:https://instagram.com/nocktiki;5;59;43.250412;76.94054;70000001115434500_iqlr7w1578G23H8301I2GGG0dpm9xn73G6G505A812753761wpqt54632J1A1G7G5J0J7906pxreuv7B884A1013431H555HHHGJHG2I67362d
салон красоты;Ulbala hanym, салон красоты;Парикмахерские услуги, Визажисты, Ногтевой сервис, Эпиляция, Обучение мастеров для салонов красоты, Оформление бровей и ресниц;микрорайон Шугыла, 340/35 к3;+77770476688;+77770476688;yes;;;instagram:https://instagram.com/ulbala_hanym_salony whatsapp:https://wa.me/77770476688;4.6;391;43.210283;76.785404;70000001095871242_iqlr7w1578G23H83014GGG0Gdpm9xn73G6G505A812797435wpqt54632J1A1G7G5J0J535Jpxreuv7B884A10133B3H557HHHGJH0I5166f
салон красоты;Aria Beauty, салон красоты;Парикмахерские услуги, Ногтевой сервис, Оформление бровей и ресниц, Визажисты, Эпиляция;проспект Аль-Фараби, 41/6 блок 15;+77029488860;+77029488860;yes;;;instagram:https://instagram.com/aria.beauty.almaty whatsapp:https://wa.me/77029488860;5;180;43.226943;76.93768;70000001104486393_iqlr7w1578G23H83014GGG0Gdpm9xn73G6G505A81265894Awpqt54632J1A1G7G5J0J535Jpxreuv7B884A1013424H558HHHGJH0I5165B
салон красоты;Sozo Club, салон красоты;Парикмахерские услуги, Ногтевой сервис, Массажист, Эпиляция, Визажисты;улица Наурызбай батыра, 111;+77477777736;+77477777736;yes;;;instagram:https://instagram.com/sozo_club whatsapp:https://wa.me/77477777736;5;279;43.243233;76.937336;70000001090424420_iqlr7w1578G23H83014GGG0Gdpm9xn73G6G505A812252753wpqt54632J1A1G7G5J0J535Jpxreuv7B884A10133B1H559HHHGJH0I516Ag
салон красоты;Кудрявый клуб, салон красоты;Парикмахерские услуги;улица Тимирязева, 113;+77023690959;+77023690959;yes;;;instagram:https://instagram.com/kudryaviyklub whatsapp:https://wa.me/77023690959 whatsapp:https://wa.me/77077207937;5;399;43.224919;76.889173;70000001093323948_iqlr7w1578G23H83014GGG0Gdpm9xn73G6G505A8125426A5wpqt54632J1A1G7G5J0J535Jpxreuv7B884A10133B9H55AHHHGJH0I516Bi
салон красоты;Aitikids, детский салон красоты;Парикмахерские услуги, Детские парикмахерские;проспект Гагарина, 310/1;+77009345464;+77009345464;yes;;http://n1239150.alteg.io;instagram:https://instagram.com/aitikids_almaty whatsapp:https://wa.me/77009345464;4.9;587;43.200475;76.900812;70000001089496562_iqlr7w1578G23H83014GGG0Gdpm9xn73G6G505A812B59967wpqt54632J1A1G7G5J0J535Jpxreuv7B884A10133A3H55BHHHGJH0I516fg
салон красоты;Мята, студия красоты;Парикмахерские услуги, Ногтевой сервис, Косметолог, Эпиляция, Оформление бровей и ресниц;улица Аскарова, 21/12;+77473381481;+77473381481;yes;;http://share.google/Xa9UZpi0iRauYGVq0;whatsapp:https://wa.me/77473381481;4.9;69;43.179876;76.86784;9429940001212416_iqlr7w1578G23HA72AIGG0GGdpm9xn73G6G505A812422727wpqt54632J1A1G7G5JG628G5pxreuv7B884AA41233H53CJ1HHGJ1G5262e
салон красоты;Vinegret, студия красоты;Оформление бровей и ресниц, Перманентный макияж, Эпиляция, Обучение мастеров для салонов красоты;улица Айтеке би, 123/1;+77079063033;+77079063033;yes;;http://zapis.kz/sarra.ibrows;instagram:https://instagram.com/vinegret.beauty whatsapp:https://wa.me/77079063033;5;149;43.25702;76.923788;70000001083825997_qlr7wpx27B884A3A5928AH442476dpm9xniG51578G7G5J3H80J34067t5473G65A8121G3011013GJHGII1reuvwpq632J1A0A8H563H5G2GGH1de
салон красоты;Dalida, центр красоты и здоровья;Парикмахерские услуги, Косметолог, Ногтевой сервис, SPA-процедуры, Визажисты, Оформление бровей и ресниц, Эпиляция, Услуги пирсинга, Перманентный макияж;проспект Достык, 97;+77272621605 +77054436454;+77054436454;yes;;http://dalida.kz/;facebook:https://facebook.com/dalida.salon instagram:https://instagram.com/dalida_kz_ whatsapp:https://wa.me/77054436454;4.9;494;43.229957;76.958826;9429940001673745_iqlr7w1578G23HA72AIGG0GGdpm9xn73G6G505A812883A56wpqt54632J1A1G7G5JG628G5pxreuv7B884AA41233H544J1HHGJ1G5265B
салон красоты;Studio_AQerke, салон красоты;Парикмахерские услуги, Ногтевой сервис, Визажисты, Оформление бровей и ресниц, Обучение мастеров для салонов красоты, Эпиляция, Услуги пирсинга;улица Отау, 6;+77473670992;+77473670992;yes;;;instagram:https://instagram.com/studio_aqerke whatsapp:https://wa.me/77473670992;5;1088;43.324511;77.054661;70000001054233145_iqlr7w1578G23H83014GGG0Gdpm9xn73G6G505A812633625wpqt54632J1A1G7G5J0J535Jpxreuv7B884A1013376H565HHHGJH0I5163d
салон красоты;Svetlana, салон красоты;Парикмахерские услуги, Ногтевой сервис, Визажисты, Оформление бровей и ресниц, Эпиляция, Перманентный макияж;улица Емцова, 2Б;+77272463665 +77775864658 +77016388862;+77016388862;yes;;;instagram:https://instagram.com/svetlana_beauty_club.kz whatsapp:https://wa.me/77016388862;4.9;733;43.256805;76.861831;9429940000924878_iqlr7w1578G23HA72AIGG0GGdpm9xn73G6G505A812B34B89wpqt54632J1A1G7G5JG628G5pxreuv7B884AA41232H546J1HHGJ1G526d8
салон красоты;Creme, ногтевая студия;Ногтевой сервис, Оформление бровей и ресниц;улица Жарокова, 16;+77087637008 +77003332359;+77087637008;yes;;;instagram:https://instagram.com/creme.nailss whatsapp:https://wa.me/77087637008;4.4;352;43.247652;76.898732;70000001090688726_iqlr7w1578G23H8301I2GGG0dpm9xn73G6G505A812278B83wpqt54632J1A1G7G5J0J7906pxreuv7B884A10133B7H567HHHGJHG2I6736d3
салон красоты;Авесса, салон красоты;Парикмахерские услуги, Ногтевой сервис, Оформление бровей и ресниц;улица Пушкина, 3/2;+77472663078;+77472663078;yes;;;instagram:https://instagram.com/barber.sake whatsapp:https://wa.me/77472663078;4.6;252;43.269247;76.951666;70000001082054903_iqlr7w1578G23H83014GGG0Gdpm9xn73G6G505A8124157A1wpqt54632J1A1G7G5J0J535Jpxreuv7B884A10133A4H568HHHGJH0I516g8
салон красоты;Pepel, студия окрашивания волос и стрижек;Парикмахерские услуги, Ногтевой сервис;улица Торекулова, 91 блок 3;+77057829036;+77057829036;yes;;http://tiktok.com/@meru_hair;instagram:https://instagram.com/pepel_beauty whatsapp:https://wa.me/77057829036;4.9;356;43.266425;76.927354;70000001094310826_iqlr7w1578G23H83014GGG0Gdpm9xn73G6G505A812641393wpqt54632J1A1G7G5J0J535Jpxreuv7B884A10133B7H569HHHGJH0I516Ah
салон красоты;Ogee modern clinic, центр здоровья и красоты;Оформление бровей и ресниц, Косметолог, Медицинские приборы, Эпиляция, Гинеколог, Эндокринолог, Маммолог, Онколог, Дерматолог, Медицинские анализы, Массажист, Пластическая хирургия, Трихолог;проспект Достык, 32;+77016384077 +77052039898;+77016384077;yes;;http://ogee.kz;instagram:https://instagram.com/ogee_clinic facebook:https://facebook.com/fourseasonsclinic whatsapp:https://wa.me/77016384077;4.9;172;43.254615;76.956071;9429940000858646_qlr7wpx27B884A32A68952435673dpm9xniG51578G7G5J3HAG433387t5473G65A8121G72AA412GJHGI2Hreuvwpq632J1A07H54AJ1G2GGG1H4
салон красоты;Lash BB Almaty, салон красоты;Парикмахерские услуги, Ногтевой сервис, Оформление бровей и ресниц, Визажисты;проспект Назарбаева, 118;+77079823874;+77079823874;yes;;;instagram:https://instagram.com/lash_bb_almaty whatsapp:https://wa.me/77079823874;4.8;338;43.252972;76.947177;70000001094672208_iqlr7w1578G23H83014GGG0Gdpm9xn73G6G505A812677531wpqt54632J1A1G7G5J0J535Jpxreuv7B884A10133B9H56BHHHGJH0I516g5
салон красоты;Izi фикс прайс, парикмахерская;Парикмахерские услуги;улица Байтурсынова, 106;+77471506010 +77076117096;+77471506010;yes;;http://n812992.alteg.io/;instagram:https://instagram.com/izi.kaz whatsapp:https://wa.me/77471506010 whatsapp:https://wa.me/77076117096;4.9;1075;43.237653;76.928378;70000001044772077_iqlr7w1578G23H83014GGG0Gdpm9xn73G6G505A812687518wpqt54632J1A1G7G5J0J535Jpxreuv7B884A1013368H56CHHHGJH0I516CA
салон красоты;Ару, студия красоты;Парикмахерские услуги, Ногтевой сервис, Косметолог, Визажисты, Оформление бровей и ресниц, Эпиляция, Перманентный макияж, Массажист, Обучение мастеров для салонов красоты;улица Тургут Озала, 67;+77029610083 +77273741383 +77773249694 +77273741364;+77029610083;yes;;;instagram:https://instagram.com/aru_nails_beauty whatsapp:https://wa.me/77029610083 whatsapp:https://wa.me/77773249694;4.6;289;43.25174;76.880351;9429940000924526_iqlr7w1578G23HA72AIGG0GGdpm9xn73G6G505A812B34837wpqt54632J1A1G7G5JG628G5pxreuv7B884AA41232H553J1HHGJ1G526df
салон красоты;Kymbat beauty studio, студия красоты;Парикмахерские услуги, Визажисты, Ногтевой сервис, Оформление бровей и ресниц;улица Толе би, 189/3 к4;+77078867448;+77078867448;yes;;http://zapis.kz/kymbat-beauty-studio;instagram:https://instagram.com/kymbat.beauty whatsapp:https://wa.me/77078867448;4.8;280;43.25247;76.897434;70000001102524285_iqlr7w1578G23H83014GGG0Gdpm9xn73G6G505A812462739wpqt54632J1A1G7G5J0J535Jpxreuv7B884A1013426H574HHHGJH0I516fg
салон красоты;Escalash studio, студия наращивания ресниц;Оформление бровей и ресниц;улица Журавлева, 28 к3;+77078441757;+77078441757;yes;;http://ylink.me/escalashalmaty http://escalashstudio.altegio.me;instagram:https://instagram.com/escalash_studio whatsapp:https://wa.me/77078441757;5;192;43.214316;76.88939;70000001029918590_qlr7wpx27B884A34BA1B6H442476dpm9xniG51578G7G5J3H80J34067t5473G65A8121G3011013GJHGII1reuvwpq632J1A0A1H575H5G2GGH174
салон красоты;Art Place, салон красоты;Ногтевой сервис;улица Жандарбекова, 238/91 к1;+77006471520;+77006471520;yes;;;instagram:https://instagram.com/artplace_salon whatsapp:https://wa.me/77006471520;4.9;417;43.225657;76.900194;70000001046893260_iqlr7w1578G23H8301I2GGG0dpm9xn73G6G505A812899637wpqt54632J1A1G7G5J0J7906pxreuv7B884A1013361H576HHHGJHG2I673676
салон красоты;Zhanar Cosma, студия перманентного макияжа;Визажисты, Оформление бровей и ресниц, Перманентный макияж;проспект Гагарина, 287/1;+77029595053;+77029595053;yes;;;instagram:https://instagram.com/zhanar_cosma whatsapp:https://wa.me/77029595053;4.9;529;43.205205;76.897829;70000001041322777_qlr7wpx27B884A36342586BB7927dpm9xniG51578G7G5J3H80J7B88At5473G65A8121G3011013GJHGI2Hreuvwpq632J1A088H577HG2GGG1H
салон красоты;London, салон красоты;Парикмахерские услуги, Ногтевой сервис, Визажисты, Эпиляция, Косметолог;улица Кабанбай батыра, 71;+77077607273 +77078090936;+77077607273;yes;;;instagram:https://instagram.com/londonbeauty_kz whatsapp:https://wa.me/77077607273 whatsapp:https://wa.me/77078090936;4.9;207;43.250355;76.951328;70000001035225092_iqlr7w1578G23H83014GGG0Gdpm9xn73G6G505A81273281Awpqt54632J1A1G7G5J0J535Jpxreuv7B884A1013353H578HHHGJH0I516h9
салон красоты;Matrëshka, студия красоты;Парикмахерские услуги, Оформление бровей и ресниц, Массажист, Услуги загара, SPA-процедуры, Косметолог, Эпиляция;улица Тимирязева, 40;+77011010949;+77011010949;yes;;;instagram:https://instagram.com/matreshka_almaty whatsapp:https://wa.me/77011010949 telegram:https://t.me/+77011010949;5;222;43.225548;76.907026;70000001027638256_iqlr7w1578G23H83014GGG0Gdpm9xn73G6G505A812973B36wpqt54632J1A1G7G5J0J535Jpxreuv7B884A1013347H579HHHGJH0I516hi
салон красоты;Chocolate, салон красоты;Парикмахерские услуги, Визажисты, Ногтевой сервис, Оформление бровей и ресниц, Косметолог, Эпиляция, Перманентный макияж, Массажист;микрорайон Мирас, 2/27;+77774000686;+77774000686;yes;;;instagram:https://instagram.com/chocolatebeautysalon whatsapp:https://wa.me/77774000686;4.8;132;43.19181;76.882175;70000001083682808_iqlr7w1578G23H83014GGG0Gdpm9xn73G6G505A812578591wpqt54632J1A1G7G5J0J535Jpxreuv7B884A10133A9H57AHHHGJH0I516gf
салон красоты;Sabi.Makeup, салон красоты;Парикмахерские услуги, Ногтевой сервис, Визажисты, Оформление бровей и ресниц, Перманентный макияж, Эпиляция, Обучение мастеров для салонов красоты, Косметолог;микрорайон Айнабулак-4, 178;+77085790715;+77085790715;yes;;;instagram:https://instagram.com/sabi.makeup whatsapp:https://wa.me/77085790715;4.8;623;43.324211;76.910669;70000001030140703_iqlr7w1578G23H83014GGG0Gdpm9xn73G6G505A812224381wpqt54632J1A1G7G5J0J535Jpxreuv7B884A1013354H57BHHHGJH0I5163A
салон красоты;Inner beauty, салон красоты;Парикмахерские услуги, Ногтевой сервис, Эпиляция, Массажист, Обучение массажистов, Оформление бровей и ресниц, Визажисты, Обучение мастеров для салонов красоты, Перманентный макияж;улица Макатаева, 127;+77073336629;+77073336629;yes;;;instagram:https://instagram.com/inner.beauty.kz whatsapp:https://wa.me/77073336629;4.8;601;43.263201;76.930895;70000001045221231_iqlr7w1578G23H83014GGG0Gdpm9xn73G6G505A812732434wpqt54632J1A1G7G5J0J535Jpxreuv7B884A1013362H57CHHHGJH0I5163B
салон красоты;Chocolate, салон красоты;Парикмахерские услуги, Ногтевой сервис, Косметолог, Визажисты, Массажист, Оформление бровей и ресниц, Подолог;проспект Аль-Фараби, 140а/1;+77074618888;+77074618888;yes;;;instagram:https://instagram.com/chocolatebeautysalon instagram:https://instagram.com/chocolate_beauty_villa whatsapp:https://wa.me/77074618888;5;27;43.211412;76.920896;70000001102646024_syiAA71578G23H83014GGG0GydAEvb73G6G505A812474913wpqt54634J1A3G7G6J0J535Jfxqwuv7B884A1013425H633HHHGJH0I516C5
салон красоты;Malikusha studio, ногтевой салон;Ногтевой сервис, Обучение мастеров для салонов красоты, Оформление бровей и ресниц;проспект Жибек Жолы, 50 блок В;+77472092502 +77071723808;+77071723808;yes;;http://www.tiktok.com/@malikusha_studio;instagram:https://instagram.com/malikusha_studio whatsapp:https://wa.me/77071723808 whatsapp:https://wa.me/77472092502;4.8;466;43.262083;76.954868;70000001100096787_syiAA71578G23H8301I2GGG0ydAEvb73G6G505A812219989wpqt54634J1A3G7G6J0J7906fxqwuv7B884A1013428H634HHHGJHG2I673651
салон красоты;Ega Hair Design, студия красоты;Парикмахерские услуги, Ногтевой сервис, Визажисты;улица Толе би, 78;+77017557664;+77017557664;yes;;;instagram:https://instagram.com/ega_hairdesign whatsapp:https://wa.me/77017557664;5;466;43.254011;76.937755;70000001050745524_syiAA71578G23H83014GGG0GydAEvb73G6G505A812284863wpqt54634J1A3G7G6J0J535Jfxqwuv7B884A1013375H635HHHGJH0I5164i
салон красоты;Karolina, салон красоты;Парикмахерские услуги, Ногтевой сервис, Визажисты, Оформление бровей и ресниц;улица Кожабекова, 21;+77273021866 +77273021867 +77475859955;+77475859955;yes;;;instagram:https://instagram.com/karolina.salon.almaty whatsapp:https://wa.me/77475859955;4.9;269;43.200639;76.895526;9429940000795471_syiAA71578G23HA72AIGG0GGydAEvb73G6G505A8129A5782wpqt54634J1A3G7G6JG628G5fxqwuv7B884AA41232H616J1HHGJ1G5266e
салон красоты;Bai & Ken, салон красоты;Парикмахерские услуги, Ногтевой сервис, Визажисты, Оформление бровей и ресниц, Обучение мастеров для салонов красоты, Эпиляция;микрорайон Жетысу-2, 48а;+77710999992;+77710999992;yes;;;instagram:https://instagram.com/bai.ken.salon whatsapp:https://wa.me/77710999992;4.8;722;43.222366;76.847372;70000001030392964_syiAA71578G23H83014GGG0GydAEvb73G6G505A8122495A7wpqt54634J1A3G7G6J0J535Jfxqwuv7B884A1013355H637HHHGJH0I51678
салон красоты;Iris by Luxio, студия ногтей;Ногтевой сервис;улица Кабанбай батыра, 87;+77778399903;+77778399903;yes;;;instagram:https://instagram.com/iris_by_luxio whatsapp:https://wa.me/77778399903;4.9;192;43.250096;76.943039;70000001075141185_syiAA71578G23H8301I2GGG0ydAEvb73G6G505A812724429wpqt54634J1A3G7G6J0J7906fxqwuv7B884A1013396H638HHHGJHG2I6736d7
салон красоты;Madina ​, салон красоты;Парикмахерские услуги, Косметолог, Ногтевой сервис, Оформление бровей и ресниц, Визажисты, Эпиляция, Услуги пирсинга, Перманентный макияж;улица Мынбаева, 49;+77714515319 +77272779185;+77714515319;yes;;;instagram:https://instagram.com/salonmadina whatsapp:https://wa.me/77714515319;4.8;252;43.237644;76.903426;9429940000788528_syiAA71578G23HA72AIGG0GGydAEvb73G6G505A812998839wpqt54634J1A3G7G6JG628G5fxqwuv7B884AA41232H619J1HHGJ1G526A5
салон красоты;Mom`s beauty, салон красоты;Парикмахерские услуги, Ногтевой сервис, Оформление бровей и ресниц, Визажисты, Эпиляция;проспект Аль-Фараби, 140а/2;+77712223938;+77712223938;yes;;;instagram:https://instagram.com/moms_beauty_almaty whatsapp:https://wa.me/77712223938;4.6;209;43.21204;76.921562;70000001040255233_syiAA71578G23H83014GGG0GydAEvb73G6G505A812235834wpqt54634J1A3G7G6J0J535Jfxqwuv7B884A1013364H63AHHHGJH0I516gi
салон красоты;Альфия, салон красоты;Парикмахерские услуги, Ногтевой сервис, Оформление бровей и ресниц, Визажисты, Эпиляция;улица Гоголя, 140;+77272334505;+77272334505;;;;;4.5;208;43.257996;76.919415;9429940000792577_syiAA71578G23HA72AIGG0GGydAEvb73G6G505A8129A2888wpqt54634J1A3G7G6JG628G5fxqwuv7B884AA41232H61BJ1HHGJ1G5264B
салон красоты;Humai beauty, салон красоты;Парикмахерские услуги, Визажисты, Косметолог, Ногтевой сервис, Оформление бровей и ресниц, Перманентный макияж, Эпиляция;проспект Абая, 118 блок 1;+77074483691 +77479133681;+77479133681;yes;;;instagram:https://instagram.com/humai.beauty whatsapp:https://wa.me/77479133681;4.7;263;43.236955;76.890299;70000001105809235_syiAA71578G23H83014GGG0GydAEvb73G6G505A812790C34wpqt54634J1A3G7G6J0J535Jfxqwuv7B884A1013426H63CHHHGJH0I516dd
салон красоты;XO nail studio, салон красоты;Ногтевой сервис, Оформление бровей и ресниц;улица Тимирязева, 53;+77004780848;+77004780848;yes;;http://xo-nail.com/ru;instagram:https://instagram.com/xo_nailstudio whatsapp:https://wa.me/77004780848;4.8;723;43.226648;76.914096;70000001040156730_syiAA71578G23H8301I2GGG0ydAEvb73G6G505A812225984wpqt54634J1A3G7G6J0J7906fxqwuv7B884A1013361H643HHHGJHG2I67362A
салон красоты;Daguel Salon, салон красоты;Парикмахерские услуги, Визажисты, Обучение мастеров для салонов красоты;улица Тимирязева, 42 к10а;+77756544042;+77756544042;yes;;;instagram:https://instagram.com/daguel_salon whatsapp:https://wa.me/77756544042;4.8;159;43.225128;76.905045;70000001063437441_syiAA71578G23H83014GGG0GydAEvb73G6G505A812553A55wpqt54634J1A3G7G6J0J535Jfxqwuv7B884A1013382H644HHHGJH0I516g3
салон красоты;Master Lux;Парикмахерские услуги, Оформление бровей и ресниц, Ногтевой сервис, Визажисты, Перманентный макияж;проспект Абылай хана, 183а;+77272983877 +77780642242;+77780642242;yes;;;instagram:https://instagram.com/masterlux_kaskelen whatsapp:https://wa.me/77780642242;4.8;210;43.20112;76.628109;70000001044552937_syiAA71578G23H83014GGG0GydAEvb73G6G505A8126655A4wpqt54634J1A3G7G6J0J535Jfxqwuv7B884A1013368H645HHHGJH0I5168B
салон красоты;Botagoz Beisenova, салон красоты;Ногтевой сервис, Парикмахерские услуги, Оформление бровей и ресниц, Визажисты, Эпиляция;улица Радостовца, 280 к1;+77083623371;+77083623371;yes;;http://botagozbeisenova.taplink.ws/?fbclid=PAZXh0bgNhZW0CMTEAAaeYgXi5Yl5AMQrPoMAkWbyB6rjqWWuZkp-U-rYs47tZG9DbP_yQ1zo_feoJjA_aem_iLtjPCNAhmjjbJ2Ar45j2A;instagram:https://instagram.com/botagozbeisenova_beauty whatsapp:https://wa.me/77083623371;4.8;371;43.207873;76.897076;70000001091358109_syiAA71578G23H8301I2GGG0ydAEvb73G6G505A812345B21wpqt54634J1A3G7G6J1J7906fxqwuv7B884A10133BAH646HHHGJHG3I673668
салон красоты;1028, ​тату-студия;Парикмахерские услуги, Тату-услуги, Услуги пирсинга, Украшения для пирсинга;проспект Назарбаева, 42/44;+77715363830 +77764741940;+77764741940;yes;;;instagram:https://instagram.com/1028_tattoo whatsapp:https://wa.me/77764741940 whatsapp:https://wa.me/77715363830 telegram:https://t.me/+77715363830 telegram:https://t.me/+77764741940;4.9;852;43.265523;76.945666;70000001090240672_syiAA71578G23H83014GGG0GydAEvb73G6G505A812234378wpqt54634J1A3G7G6J0J535Jfxqwuv7B884A10133B3H648HHHGJH0I516ee
салон красоты;САД Beauty Bar, дом красоты;Парикмахерские услуги, Ногтевой сервис, Визажисты, Оформление бровей и ресниц, Массажист, Косметолог;улица Рубинштейна, 21а;+77775037755;+77775037755;yes;;http://b179098.alteg.io;instagram:https://instagram.com/sadbeautybar whatsapp:https://wa.me/77775037755;5;151;43.22216;76.966845;70000001035879726_syiAA71578G23H83014GGG0GydAEvb73G6G505A812797C83wpqt54634J1A3G7G6J0J535Jfxqwuv7B884A1013357H649HHHGJH0I516hB
салон красоты;Aq.studio, студия красоты;Парикмахерские услуги;улица Ади Шарипова, 100;+77471202043;+77471202043;yes;;;instagram:https://instagram.com/aq.studiio whatsapp:https://wa.me/77471202043;4.9;218;43.245951;76.923477;70000001067890139_syiAA71578G23H83014GGG0GydAEvb73G6G505A812999324wpqt54634J1A3G7G6J0J535Jfxqwuv7B884A101338AH64AHHHGJH0I516fC
салон красоты;Natali, салон-парикмахерская;Парикмахерские услуги, Ногтевой сервис, Косметолог, Визажисты, Оформление бровей и ресниц, Эпиляция, Подолог, Услуги пирсинга, Перманентный макияж;улица Макатаева, 53;+77078023924 +77074952456;+77078023924;yes;;;instagram:https://instagram.com/salon_natali_almaty whatsapp:https://wa.me/77078023924;4.9;1039;43.264765;76.951992;9429940000798457_syiAA71578G23HA72AIGG0GGydAEvb73G6G505A8129A8768wpqt54634J1A3G7G6JG628G5fxqwuv7B884AA41232H62BJ1HHGJ1G52626
салон красоты;Има, салон красоты;Парикмахерские услуги, Ногтевой сервис, Обучение мастеров для салонов красоты, Эпиляция, Оформление бровей и ресниц, Перманентный макияж, Косметолог, Массажист;5-й микрорайон, 1;+77479328909;+77479328909;yes;;;instagram:https://instagram.com/ima_nail_bar whatsapp:https://wa.me/77479328909;4.7;324;43.229478;76.859299;70000001026537064_syiAA71578G23H83014GGG0GydAEvb73G6G505A812863A17wpqt54634J1A3G7G6J0J535Jfxqwuv7B884A1013345H64CHHHGJH0I51694
салон красоты;Wish, студия маникюра и наращивания ресниц;Ногтевой сервис, Оформление бровей и ресниц;проспект Назарбаева, 118;+77776112227;+77776112227;yes;;;instagram:https://instagram.com/wish.nailstudio whatsapp:https://wa.me/77776112227;4.6;192;43.252927;76.947183;70000001103823245_syiAA71578G23H8301I2GGG0ydAEvb73G6G505A812592635wpqt54634J1A3G7G6J0J7906fxqwuv7B884A1013426H654HHHGJHG2I67367d
салон красоты;Avessa, салон красоты;Парикмахерские услуги, Ногтевой сервис, Визажисты, Оформление бровей и ресниц, Услуги пирсинга;2-й микрорайон, 55;+77016665275 +77076665275;+77016665275;yes;;;whatsapp:https://wa.me/77016665275;4.4;929;43.231287;76.8567;9429940000850714_syiAA71578G23HA72AIGG0GGydAEvb73G6G505A812A60A25wpqt54634J1A3G7G6JG628G5fxqwuv7B884AA41232H635J1HHGJ1G52664
салон красоты;Stormy Beauty, студия красоты;Парикмахерские услуги, Ногтевой сервис, Оформление бровей и ресниц;улица Курмангазы, 97;+77783409384;+77783409384;yes;;;instagram:https://instagram.com/stormyy.beauty whatsapp:https://wa.me/77783409384;4.9;540;43.2445;76.931805;70000001069617559_syiAA71578G23H83014GGG0GydAEvb73G6G505A812B71A66wpqt54634J1A3G7G6J0J535Jfxqwuv7B884A101338AH656HHHGJH0I516ii
салон красоты;Loveis Nails, студия;Ногтевой сервис, Оформление бровей и ресниц;улица Панфилова, 54;+77768891889;+77768891889;yes;;;telegram:https://t.me/+77768891889 instagram:https://instagram.com/loveis_nails whatsapp:https://wa.me/77768891889;4.8;710;43.264554;76.943963;70000001069260975_syiAA71578G23H8301I2GGG0ydAEvb73G6G505A812B363A8wpqt54634J1A3G7G6J0J7906fxqwuv7B884A1013386H657HHHGJHG2I673661
салон красоты;Main beauty salon, салон красоты;Парикмахерские услуги, Ногтевой сервис, Оформление бровей и ресниц, Визажисты, Эпиляция;проспект Серкебаева, 146/8;+77089000283;+77089000283;yes;;http://wtsp.kz/The_Grey;instagram:https://instagram.com/main.almaty whatsapp:https://wa.me/77089000283;4.9;137;43.199928;76.901285;70000001090121891_syiAA71578G23H83014GGG0GydAEvb73G6G505A81222249Awpqt54634J1A3G7G6J0J535Jfxqwuv7B884A10133B2H658HHHGJH0I516f7
салон красоты;Айнаш, салон красоты;Парикмахерские услуги, Ногтевой сервис, Косметолог, Визажисты, Оформление бровей и ресниц, Эпиляция, Услуги пирсинга;2-й микрорайон, 49;+77272764314 +77272763450;+77272764314;;;;instagram:https://instagram.com/ainash_salon_almaty;4.7;151;43.230157;76.858159;9429940001456918_syiAA71578G23HA72AIGG0GGydAEvb73G6G505A812666C29wpqt54634J1A3G7G6JG628G5fxqwuv7B884AA41233H639J1HHGJ1G5269d
салон красоты;Geneva beauty & Spa, салон красоты;Парикмахерские услуги, Ногтевой сервис, SPA-процедуры, Косметолог, Визажисты, Массажист, Оформление бровей и ресниц, Эпиляция;проспект Достык, 308е блок 1;+77715059999;+77715059999;yes;;;instagram:https://instagram.com/geneva_beauty_and_spa whatsapp:https://wa.me/77715059999;4.9;157;43.210422;76.968041;70000001100709360_syiAA71578G23H83014GGG0GydAEvb73G6G505A812280C47wpqt54634J1A3G7G6J0J535Jfxqwuv7B884A1013421H65AHHHGJH0I516A7
салон красоты;MiLash, салон красоты;Парикмахерские услуги, Визажисты, Оформление бровей и ресниц, Ногтевой сервис, Эпиляция, Перманентный макияж;улица Кабдолова, 1/4;+77072704126;+77072704126;yes;;;instagram:https://instagram.com/milash_salon whatsapp:https://wa.me/77072704126;4.7;1175;43.23742;76.849697;70000001034436931_syiAA71578G23H83014GGG0GydAEvb73G6G505A8126539A4wpqt54634J1A3G7G6J0J535Jfxqwuv7B884A1013352H65BHHHGJH0I51634
салон красоты;MiLash, салон красоты;Парикмахерские услуги, Визажисты, Оформление бровей и ресниц, Ногтевой сервис, Эпиляция, Перманентный макияж;улица Муратбаева, 127;+77072704120;+77072704120;yes;;;instagram:https://instagram.com/milash_salon whatsapp:https://wa.me/77072704120;4.9;602;43.255403;76.918191;70000001053570938_syiAA71578G23H83014GGG0GydAEvb73G6G505A8125673A4wpqt54634J1A3G7G6J0J535Jfxqwuv7B884A1013379H65CHHHGJH0I51663
салон красоты;Assurrati, салон красоты;Парикмахерские услуги, Оформление бровей и ресниц, Ногтевой сервис, Массажист, Обучение мастеров для салонов красоты, Визажисты, SPA-процедуры;проспект Гагарина, 310 к5, н.п. 1357;+77001267000;+77001267000;yes;;;instagram:https://instagram.com/assurrati whatsapp:https://wa.me/77001267000;4.9;991;43.201388;76.900299;70000001080994221_syiAA71578G23H83014GGG0GydAEvb73G6G505A8122A9733wpqt54634J1A3G7G6J0J535Jfxqwuv7B884A10133A2H663HHHGJH0I516i8
салон красоты;Brows, Салон красоты;Оформление бровей и ресниц;проспект Достык, 30;+77772727744;+77772727744;yes;;;instagram:https://instagram.com/brows_lammi.center whatsapp:https://wa.me/77772727744;4.2;57;43.255308;76.95596;70000001114261092_yiAA7fx27B884A4363641H442476ydAEvbsG51578G7G6J3H80J34067t5473G65A8123G3011013GJHGII1qwuvwpq634J1A0A3H664H5G2GGH1de
салон красоты;NS Studio, салон красоты;Парикмахерские услуги, Ногтевой сервис, Визажисты, Оформление бровей и ресниц, Перманентный макияж;улица Жансугурова, 16Б;+77754424886 +77085924885 +77085214093;+77754424886;yes;;http://www.tiktok.com/@ns_studio_krasoty;instagram:https://instagram.com/ns_studio_krasoty whatsapp:https://wa.me/77754424886 whatsapp:https://wa.me/77085924885 whatsapp:https://wa.me/77085214093;4.8;265;43.421351;77.02328;70000001050255124_syiAA71578G23H83014GGG0GydAEvb73G6G505A812235823wpqt54634J1A3G7G6J0J535Jfxqwuv7B884A1013375H665HHHGJH0I51633
салон красоты;Browки, студия;Ногтевой сервис, Оформление бровей и ресниц, Обучение мастеров для салонов красоты;улица Кабдолова, 1/4 а;+77080095729;+77080095729;yes;;http://taplink.cc/browki;instagram:https://instagram.com/browki_nail whatsapp:https://wa.me/77080095729;4.9;380;43.237313;76.849848;70000001047397285_syiAA71578G23H8301I2GGG0ydAEvb73G6G505A812949A39wpqt54634J1A3G7G6J0J7906fxqwuv7B884A1013366H666HHHGJHG2I67364c
салон красоты;Oblaka, салон красоты;Оформление бровей и ресниц, Парикмахерские услуги, Ногтевой сервис, Эпиляция;улица Розыбакиева, 208;+77771310216 +77272745830 +77772898205;+77771310216;yes;;;instagram:https://instagram.com/oblaka_salon_almaty whatsapp:https://wa.me/77771310216;4.9;364;43.225122;76.892087;70000001061627262_yiAA7fx27B884A38372A3H442476ydAEvbsG51578G7G6J3H81J34067t5473G65A8123G3011013GJHGII2qwuvwpq634J1A073H667H5G2GGH174
салон красоты;Rezeda Halal lami Studio, студия красоты;Оформление бровей и ресниц;улица Прокофьева, 230;+77751313225 +77053534792;+77751313225;yes;;;whatsapp:https://wa.me/77751313225;4.9;232;43.237039;76.876726;70000001103787620_yiAA7fx27B884A42588A7H442476ydAEvbsG51578G7G6J3H80J34067t5473G65A8123G3011013GJHGII1qwuvwpq634J1A031H668H5G2GGH177
салон красоты;Shash Brash, салон красоты;Парикмахерские услуги;проспект Серкебаева, 146/5;+77752402440;+77752402440;yes;;;instagram:https://instagram.com/shash_brash whatsapp:https://wa.me/77752402440;4.9;1064;43.201402;76.901644;70000001053843933_syiAA71578G23H83014GGG0GydAEvb73G6G505A8125946A4wpqt54634J1A3G7G6J0J535Jfxqwuv7B884A1013374H669HHHGJH0I516gd
салон красоты;MiLash, салон красоты;Парикмахерские услуги, Визажисты, Оформление бровей и ресниц, Ногтевой сервис, Эпиляция, Перманентный макияж;4-й микрорайон, 3;+77072704128 +77072704119;+77072704119;yes;;http://zapis.kz/salon/2945;instagram:https://instagram.com/milash_salon whatsapp:https://wa.me/77072704119 whatsapp:https://wa.me/77072704128;4.8;462;43.227276;76.860807;70000001094274207_syiAA71578G23H83014GGG0GydAEvb73G6G505A812637731wpqt54634J1A3G7G6J0J535Jfxqwuv7B884A10133B8H66AHHHGJH0I5168h
салон красоты;Master Lux, салон красоты;Парикмахерские услуги, Визажисты, Ногтевой сервис, Косметолог, Оформление бровей и ресниц, Эпиляция;проспект Гагарина, 287 блок С;+77076780878 +77272659148;+77076780878;yes;;http://mt.zapis.me/master-lux;instagram:https://instagram.com/masterlux_almaty whatsapp:https://wa.me/77076780878;4.9;280;43.204256;76.898763;70000001036178744_syiAA71578G23H83014GGG0GydAEvb73G6G505A812827B85wpqt54634J1A3G7G6J0J535Jfxqwuv7B884A1013355H66BHHHGJH0I51675
салон красоты;Makeup Zhauhar, студия красоты;Парикмахерские услуги, Визажисты;проспект Абая, 130/4;+77077255218;+77077255218;yes;;http://zapis.kz/salon/studiya-makeup-zhauhar-7427/booking;instagram:https://instagram.com/makeup_zhauhar whatsapp:https://wa.me/77077255218;4.8;126;43.236778;76.887554;70000001113617548_syiAA71578G23H83014GGG0GydAEvb73G6G505A812571A65wpqt54634J1A3G7G6J0J535Jfxqwuv7B884A1013439H66CHHHGJH0I5166i
салон красоты;Alash hair studio, студия красоты;Парикмахерские услуги, Обучение мастеров для салонов красоты;улица Утеген батыра, 11д;+77071932727;+77071932727;;;;instagram:https://instagram.com/alash_hair_studio;4.8;154;43.243402;76.854544;70000001086863381_syiAA71578G23H83014GGG0GydAEvb73G6G505A812896649wpqt54634J1A3G7G6J0J535Jfxqwuv7B884A10133A2H673HHHGJH0I51659
салон красоты;Aru, салон красоты;Парикмахерские услуги, Ногтевой сервис, Оформление бровей и ресниц, Эпиляция, Визажисты, Массажист, Обучение мастеров для салонов красоты, Перманентный макияж, Косметолог;улица Жандосова, 254;+77007249599;+77007249599;yes;;;instagram:https://instagram.com/arusalon.kz whatsapp:https://wa.me/77007249599;4.8;529;43.17564;76.792334;70000001060002623_syiAA71578G23H83014GGG0GydAEvb73G6G505A812210573wpqt54634J1A3G7G6J0J535Jfxqwuv7B884A1013384H674HHHGJH0I5169f
салон красоты;Shakh, салон красоты;Парикмахерские услуги, Ногтевой сервис, Оформление бровей и ресниц, Эпиляция;микрорайон Шугыла, 342 к3;+77002767573 +77776720505;+77002767573;yes;;;whatsapp:https://wa.me/77002767573;4.8;244;43.214081;76.788575;70000001081586087_syiAA71578G23H83014GGG0GydAEvb73G6G505A812368919wpqt54634J1A3G7G6J0J535Jfxqwuv7B884A10133A8H675HHHGJH0I516h9
салон красоты;lara.beautybar, ногтевая студия;Ногтевой сервис, Оформление бровей и ресниц;улица Кабдолова, 1/4 а;+77081661610;+77081661610;yes;;http://taplink.cc/lara.beautybar http://zapis.kz/lara-beautybar;instagram:https://instagram.com/lara.beautybar whatsapp:https://wa.me/77081661610;4.4;711;43.237385;76.850163;70000001078608003_syiAA71578G23H8301I2GGG0ydAEvb73G6G505A812A70B11wpqt54634J1A3G7G6J0J7906fxqwuv7B884A1013394H677HHHGJHG2I6736A4
салон красоты;Pion nail & beauty, салон красоты;Ногтевой сервис, Оформление бровей и ресниц;улица Ауэзова, 69;+77778475511;+77778475511;yes;;http://n1340754.alteg.io/company/198158/personal/menu?fbclid=PAZXh0bgNhZW0CMTEAAaeja8uZMYmTIVI6kj03wy0gANpba9VM4HY76IKG-JL1khHYbfXGhN9JCrmbvw_aem_t-3p15pXzQMiqyAc-P2YcA&o=;instagram:https://instagram.com/pion_nail_beauty_kz whatsapp:https://wa.me/77778475511;4.9;483;43.241906;76.903337;70000001036099914_syiAA71578G23H8301I2GGG0ydAEvb73G6G505A812819CA2wpqt54634J1A3G7G6J0J7906fxqwuv7B884A1013355H678HHHGJHG2I673631
салон красоты;Kolibri, салон красоты;Парикмахерские услуги, Ногтевой сервис, Визажисты, Оформление бровей и ресниц, Косметолог, Эпиляция, Перманентный макияж;микрорайон Водник 2, 52;+77079666074;+77079666074;yes;;;instagram:https://instagram.com/kolibri_vodnik whatsapp:https://wa.me/77079666074;4.7;626;43.367796;76.858547;70000001078800660_syiAA71578G23H83014GGG0GydAEvb73G6G505A812A90377wpqt54634J1A3G7G6J0J535Jfxqwuv7B884A1013391H679HHHGJH0I5168A
салон красоты;Pinterest nail, салон красоты;Ногтевой сервис, Оформление бровей и ресниц, Обучение мастеров для салонов красоты, Косметолог, Точки кофе;улица Жунисова, 2/13 к29м;+77473850622;+77473850622;yes;;;instagram:https://instagram.com/pinterestnail.kz whatsapp:https://wa.me/77473850622;4.8;302;43.226807;76.780348;70000001090101603_syiAA71578G23H8301I2GGG0ydAEvb73G6G505A812220471wpqt54634J1A3G7G6J0J7906fxqwuv7B884A10133B4H67AHHHGJHG2I6736ge
салон красоты;Iris by Luxio, студия ногтей;Ногтевой сервис, Подолог;улица Розыбакиева, 289 блок 2;+77776465788;+77776465788;yes;;;instagram:https://instagram.com/iris_by_luxio whatsapp:https://wa.me/77776465788;4.9;243;43.195324;76.893151;70000001037417687_syiAA71578G23H8301I2GGG0ydAEvb73G6G505A812951A79wpqt54634J1A3G7G6J0J7906fxqwuv7B884A1013358H67BHHHGJHG2I6736df
салон красоты;Sisters`Secrets, женский салон красоты;Парикмахерские услуги, Ногтевой сервис, Оформление бровей и ресниц, Косметолог, Эпиляция, Массажист, Визажисты, SPA-процедуры;улица Розыбакиева, 247 блок 6;+77054668980 +77051247375;+77054668980;yes;;;instagram:https://instagram.com/sisterssecrets.kz whatsapp:https://wa.me/77054668980 whatsapp:https://wa.me/77051247375;4.9;435;43.20431;76.892593;70000001056332917_syiAA71578G23H83014GGG0GydAEvb73G6G505A8128435A2wpqt54634J1A3G7G6J0J535Jfxqwuv7B884A1013378H67CHHHGJH0I51667
стоматология;Family Dent Dr. Kapanov, стоматологическая клиника;Частные стоматологии, Челюстно-лицевой хирург;проспект Жибек Жолы, 126а;+77781159678;+77781159678;yes;;;instagram:https://instagram.com/Familydent.kz whatsapp:https://wa.me/77781159678;5;45;43.261035;76.933721;70000001105818189_sdfqhh1578G23H8301IG0GGGvgudqn73G6G505A812791B29wpqt54636J1A5G7G1J254J2Jf2qcuv7B884A101342AH1J4HHHG4H244c5
стоматология;Dental студия, стоматология;Частные стоматологии, Частные детские стоматологии;улица Розыбакиева, 310а;+77089407412;+77016572276;yes;sariesal@mail.ru;;facebook:https://facebook.com/m.facebook.com/102481479110503 instagram:https://instagram.com/Dental_studio_stom whatsapp:https://wa.me/77016572276 whatsapp:https://wa.me/77089407412;5;843;43.209134;76.89399;70000001062690247_sdfqhh1578G23H8301IG0GGGvgudqn73G6G505A812479335wpqt54636J1A5G7G1J254J2Jf2qcuv7B884A1013388H2J4HHHG4H244d2
стоматология;Like-Clinic, стоматология;Частные стоматологии;улица Гоголя, 20;+77073606049 +77781114362;+77073606049;yes;;;instagram:https://instagram.com/like_clinic_almaty whatsapp:https://wa.me/77073606049;4.9;554;43.260814;76.960005;70000001054098473_sdfqhh1578G23H8301IG0GGGvgudqn73G6G505A812619B58wpqt54636J1A5G7G1J254J2Jf2qcuv7B884A1013374H3J4HHHG4H244d1
стоматология;Dent-Lux, cтоматологические клиники экспертного класса;Частные стоматологии, Частные детские стоматологии;улица Кабанбай батыра, 122а;+77020750907;+77083123333;yes;call-center@dent-lux.kz;http://www.dent-lux.kz;facebook:https://facebook.com/dentlux.kz instagram:https://instagram.com/dent_lux whatsapp:https://wa.me/77083123333;4.8;785;43.248982;76.939115;9429940000821893_sdfqhh1578G23HA72AI0GGGGvgudqn73G6G505A812A31BA4wpqt54636J1A5G7G1J25I5GJf2qcuv7B884AA41232H4H4J3HH1J3243c
стоматология;DOSTYQ DENTAL CENTER, стоматология;Частные стоматологии;улица Айманова, 65;+77076777109;+77076777109;yes;;;instagram:https://instagram.com/dostyqdent whatsapp:https://wa.me/77076777109;5;951;43.245578;76.895961;70000001044298186_sdfqhh1578G23H8301IG0GGGvgudqn73G6G505A812639B29wpqt54636J1A5G7G1J254J2Jf2qcuv7B884A1013367H5J4HHHG4H244cf
стоматология;Dobro Dent, сеть стоматологических клиник;Частные стоматологии, Частные детские стоматологии, Медицинские анализы, Процедурный кабинет;улица Навои, 210/2;+77750300999;+77058492259;yes;dobrodent2014@gmail.com;http://dobrodent.kz;instagram:https://instagram.com/dobrodent.kz facebook:https://facebook.com/dobrodentalmaty whatsapp:https://wa.me/77058492259;4.8;1458;43.204289;76.88613;70000001040728780_sdfqhh1578G23H8301IG0GGGvgudqn73G6G505A812282B89wpqt54636J1A5G7G1J254J2Jf2qcuv7B884A1013361H6J4HHHG4H24499
стоматология;Стоматология Аброра Исмаиловича;Частные стоматологии;улица Тимирязева, 64;+77753701213;+77753701213;yes;;http://expert32stom.kz;instagram:https://instagram.com/doc__abror whatsapp:https://wa.me/77753701213;4.9;221;43.224885;76.895635;70000001104984417_sdfqhh1578G23H8301IG0GGGvgudqn73G6G505A8126A8752wpqt54636J1A5G7G1J254J2Jf2qcuv7B884A1013428H7J4HHHG4H24459
стоматология;Demokrat, стоматологический центр;Частные стоматологии;микрорайон Коктем-3, 24 к1;+77072837030;+77768063377;yes;demokrat.almaty@gmail.com;http://demokrat-almaty.kz/?utm_source=2_Gis&utm_medium=link&utm_campaign=site;vkontakte:https://vk.com/public201210007 facebook:https://facebook.com/demokratalmaty instagram:https://instagram.com/demokrat_almaty whatsapp:https://wa.me/77768063377;4.9;905;43.234488;76.919835;70000001047564924_sdfqhh1578G23H8301IG0GGGvgudqn73G6G505A8129667A3wpqt54636J1A5G7G1J254J2Jf2qcuv7B884A1013365H8J4HHHG4H244eA
стоматология;Global Dent;Частные стоматологии;улица Кожабекова, 17/2;+77074709088;+77074709088;yes;;;instagram:https://instagram.com/global_dent_almaty whatsapp:https://wa.me/77074709088;5;340;43.201196;76.895488;70000001063390473_sdfqhh1578G23H8301IG0GGGvgudqn73G6G505A812549358wpqt54636J1A5G7G1J254J2Jf2qcuv7B884A1013384H9J4HHHG4H2449e
стоматология;Рахат, сеть стоматологических клиник;Частные стоматологии, Частные детские стоматологии;улица Чайковского, 15а;+77079008824 +77777769378;+77073353876;yes;;http://rstom.kz/?utm_source=2gis;instagram:https://instagram.com/rahat_dentistry whatsapp:https://wa.me/77073353876;5;892;43.267178;76.935389;9429940000799688_sdfqhh1578G23HA72AI0GGGGvgudqn73G6G505A8129A9999wpqt54636J1A5G7G1J25I5GJf2qcuv7B884AA41232HAH4J3HH1J3242e
стоматология;Bilal stom, стоматология;Частные стоматологии;улица Манаса, 75;+77076669892 +77024375044;+77076669892;yes;rizametov.ruslan77@gmail.com;;instagram:https://instagram.com/bilal_stom whatsapp:https://wa.me/77076669892;4.9;644;43.230147;76.909558;70000001050755430_sdfqhh1578G23H8301IGG0GGvgudqn73G6G505A812285854wpqt54636J1A5G7G1JG545G5f2qcuv7B884A1013371H23J2HHGJ2G443cd
стоматология;Dr. Yerzhana Musagalieva, сеть стоматологических клиник;Частные стоматологии;улица Шевченко, 51;+77007101100 +77771676262;+77007101100;yes;md-01@bk.ru y3037199@gmail.com;;instagram:https://instagram.com/dr.ym_almaty whatsapp:https://wa.me/77007101100 whatsapp:https://wa.me/77771676262;5;475;43.246664;76.946357;70000001032980710_sdfqhh1578G23H8301IGG0GGvgudqn73G6G505A8124A8382wpqt54636J1A5G7G1JG545G5f2qcuv7B884A1013351H24J2HHGJ2G443gh
стоматология;Dr.SULTANOV ATABEK, стоматология;Частные стоматологии;улица Тимирязева, 99;+77753008505;+77753008505;yes;sultanovatabek13@gmail.com;http://70000001091414927.2gis.biz/;instagram:https://instagram.com/ekspert.stom whatsapp:https://wa.me/77753008505 telegram:https://t.me/+77021419922;5;296;43.225595;76.896807;70000001091414928_sdfqhh1578G23H8301IGG0GGvgudqn73G6G505A8123517A3wpqt54636J1A5G7G1JG545G5f2qcuv7B884A10133B9H25J2HHGJ2G443fB
стоматология;Elit Stom, стоматологический центр;Частные стоматологии;улица Манаса, 19;+77008189060 +77085975156;+77008189060;yes;;;whatsapp:https://wa.me/77008189060;4.9;173;43.239208;76.908414;70000001094788340_sdfqhh1578G23H8301IGG0GGvgudqn73G6G505A812688B45wpqt54636J1A5G7G1JG545G5f2qcuv7B884A10133B1H26J2HHGJ2G443gg
стоматология;Altyn Dent, центр имплантации зубов;Частные стоматологии, Частные детские стоматологии, Челюстно-лицевой хирург;улица Мауленова, 120;+77479207571;+77479207571;yes;;;instagram:https://instagram.com/dr.mukhit_altynbekovich whatsapp:https://wa.me/77479207571;4.9;162;43.242433;76.936221;70000001065539662_sdfqhh1578G23H8301IGG0GGvgudqn73G6G505A812763C77wpqt54636J1A5G7G1JG545G5f2qcuv7B884A1013383H27J2HHGJ2G44398
стоматология;Hayat dental clinic, стоматологическая клиника;Частные стоматологии;улица Казыбек би, 125/1;+77761412020 +77770443335;+77761412020;yes;;;whatsapp:https://wa.me/77761412020 whatsapp:https://wa.me/77770443335;5;488;43.255292;76.923095;70000001095046199_sdfqhh1578G23H8301IGG0GGvgudqn73G6G505A81271492Awpqt54636J1A5G7G1JG545G5f2qcuv7B884A10133BAH28J2HHGJ2G4433i
стоматология;Центр Цифровой Стоматологии Dr. Edil Boribay;Частные стоматологии, Частные детские стоматологии;улица Розыбакиева, 247 блок 4;+77072208000;+77072208000;yes;dr.boribay@gmail.com;http://www.boribay-stom.kz http://ccs.stom.kz;facebook:https://facebook.com/Digital.Dentistry.Centre.Dr.Edil.Boribay whatsapp:https://wa.me/77072208000 vkontakte:https://vk.com/public164547533 instagram:https://instagram.com/dr.edil.boribay;4.9;932;43.203965;76.893432;70000001028699803_sdfqhh1578G23H8301IGG0GGvgudqn73G6G505A812A79C91wpqt54636J1A5G7G1JG545G5f2qcuv7B884A1013344H29J2HHGJ2G44328
стоматология;Aya Dent Lab, стоматология;Частные стоматологии;проспект Абая, 99;+77718218264;+77718218264;yes;;;instagram:https://instagram.com/aya_dentlab whatsapp:https://wa.me/77718218264;5;41;43.241149;76.921868;70000001116454838_sdfqhh1578G23H8301IGG0GGvgudqn73G6G505A812855794wpqt54636J1A5G7G1JG545G5f2qcuv7B884A1013439H2AJ2HHGJ2G443g5
стоматология;DR.BABUR DENTAL CLINIC, стоматологическая клиника;Частные стоматологии, Челюстно-лицевой хирург;улица Каныша Сатпаева, 133/6;+77470938986;+77789026652;yes;;http://drbabur.kz http://www.tiktok.com/@dr.babur;whatsapp:https://wa.me/77789026652 instagram:https://instagram.com/dr.babur_dental;4.9;933;43.234075;76.873155;70000001090825616_sdfqhh1578G23H8301IGG0GGvgudqn73G6G505A812292872wpqt54636J1A5G7G1JG545G5f2qcuv7B884A10133B7H2BJ2HHGJ2G44344
стоматология;MC Dent, стоматология;Частные стоматологии;улица Мауленова, 123а;+77023665974;+77023665974;yes;;;whatsapp:https://wa.me/77023665974;4.8;116;43.244519;76.934703;70000001112347289_sdfqhh1578G23H8301IGG0GGvgudqn73G6G505A812444A39wpqt54636J1A5G7G1JG545G5f2qcuv7B884A101343AH2CJ2HHGJ2G443c4
стоматология;AQstom, стоматология;Частные стоматологии, Частные детские стоматологии;улица Манаса, 55;+77070000022 +77003292999;+77070000022;yes;;http://aqstom.kz/;instagram:https://instagram.com/aqstom.kz whatsapp:https://wa.me/77070000022;4.8;615;43.234861;76.908619;70000001033407506_sdfqhh1578G23H8301IGG0GGvgudqn73G6G505A812550A61wpqt54636J1A5G7G1JG545G5f2qcuv7B884A1013357H33J2HHGJ2G4436e
стоматология;Smilex Dental Center, стоматологический центр;Частные стоматологии;улица Карасай батыра, 178;+77478973207;+77478973207;yes;;;instagram:https://instagram.com/smilex.dental.center whatsapp:https://wa.me/77478973207;5;228;43.248121;76.901929;70000001075802347_sdfqhh1578G23H8301IGG0GGvgudqn73G6G505A812790545wpqt54636J1A5G7G1JG545G5f2qcuv7B884A1013398H34J2HHGJ2G443d7
стоматология;Azu Dental Clinic, стоматология;Частные детские стоматологии, Частные стоматологии;улица Егизбаева, 7/21;+77080022202;+77080022202;yes;azu.dental.clinic@gmail.com;;instagram:https://instagram.com/azu.dental.clinic whatsapp:https://wa.me/77080022202;5;346;43.229599;76.884038;70000001091854213_dfqhhf227B884A3B39573245A648vgudqnsG51578G7G1J3H8G435884t5473G65A8125G3011013GJHGI3Hqcuvwpq636J1A024H35J2G2GGG1Hd
стоматология;InClinic, стоматологическая клиника;Частные стоматологии;проспект Достык, 97;+77073332266 +77763332266;+77073332266;yes;;http://inclinic-almaty.kz/;instagram:https://instagram.com/inclinic.almaty whatsapp:https://wa.me/77073332266 whatsapp:https://wa.me/77763332266;4.9;903;43.229955;76.95891;70000001043854986_sdfqhh1578G23H8301IGG0GGvgudqn73G6G505A8125957A9wpqt54636J1A5G7G1JG545G5f2qcuv7B884A1013367H37J2HHGJ2G443g4
стоматология;Top Smile, стоматология;Частные детские стоматологии, Частные стоматологии, Невролог, Логопед, Медицинские анализы, Эпилептолог, Остеопат, Челюстно-лицевой хирург, Пластическая хирургия;улица Розыбакиева, 336 блок 15;+77470857071;+77080322230;yes;topsmile.almaty@gmail.com;http://topsmile.kz/;instagram:https://instagram.com/topsmile.almaty whatsapp:https://wa.me/77080322230;5;442;43.205963;76.895047;70000001057524880_dfqhhf227B884A3796279245A64cvgudqnsG51578G7G1J3H8G435884t5473G65A8125G3011013GJHGI3Hqcuvwpq636J1A091H38J2G2GGG1Hc
стоматология;Sara clinic, стоматологическая клиника;Частные стоматологии, Частные детские стоматологии;улица Каныша Сатпаева, 145/1;+77076757000 +77472720601;+77472720601;yes;;;instagram:https://instagram.com/saraclinic_almaty whatsapp:https://wa.me/77472720601;4.9;699;43.23198;76.870926;70000001061494383_sdfqhh1578G23H8301IGG0GGvgudqn73G6G505A812359749wpqt54636J1A5G7G1JG545G5f2qcuv7B884A1013384H39J2HHGJ2G4436A
стоматология;Stomatolog24.kz;Частные стоматологии, Проведение хирургических операций;улица Алпамыса, 28;+77076226272 +77074873000 +77772252788;+77074873000;yes;7779501088@mail.ru;http://stomatolog24.kz/ http://hirurg24.kz/;instagram:https://instagram.com/stomatolog24kz facebook:https://facebook.com/profile.php whatsapp:https://wa.me/77074873000 whatsapp:https://wa.me/77076226272 whatsapp:https://wa.me/77772252788 telegram:https://t.me/+77076226272;4.8;270;43.292424;76.856148;70000001067537446_sdfqhh1578G23H8301IGG0GGvgudqn73G6G505A812963A55wpqt54636J1A5G7G1JG545G5f2qcuv7B884A1013387H3AJ2HHGJ2G44313
стоматология;Dr. Baratov, частная стоматология;Частные стоматологии;проспект Сейфуллина, 469/2 к2;+77071893645 +77072360864;+77071893645;yes;stom.baratov@gmail.com;;instagram:https://instagram.com/dr.baratov.kz whatsapp:https://wa.me/77071893645;4.9;111;43.266264;76.93012;70000001099125104_sdfqhh1578G23H8301IGG0GGvgudqn73G6G505A812B22821wpqt54636J1A5G7G1JG545G5f2qcuv7B884A10133B5H3BJ2HHGJ2G443cg
стоматология;Izi Clinic, стоматология;Частные стоматологии, Челюстно-лицевой хирург;улица Жарокова, 20;+77470940190 +77470940194;+77472676722;yes;info@izistom.kz;;facebook:https://facebook.com/Izi.clinic instagram:https://instagram.com/izi.clinic whatsapp:https://wa.me/77472676722;5;452;43.243822;76.899166;70000001034056205_sdfqhh1578G23H8301IGG0GGvgudqn73G6G505A812615931wpqt54636J1A5G7G1JG545G5f2qcuv7B884A1013356H3CJ2HHGJ2G44317
стоматология;Никамед, стоматология;Частные стоматологии;улица Навои, 300;+77279735553 +77079735553;+77079735553;yes;nikamedstom@gmail.com;http://nikamed.kz;instagram:https://instagram.com/nikamed_stom whatsapp:https://wa.me/77079735553;5;136;43.202707;76.886386;70000001033806627_sdfqhh1578G23H8301IGG0GGvgudqn73G6G505A812590973wpqt54636J1A5G7G1JG545G5f2qcuv7B884A1013358H43J2HHGJ2G4437i
стоматология;Стоматологическая клиника доктора Мирзоева;Частные стоматологии;улица Толе би, 82а;+77017585521;+77017585521;yes;clinicofdrmirzoyev2022@gmail.com;http://Mirzoev.kz;instagram:https://instagram.com/dr.mirzoyev_klinika whatsapp:https://wa.me/77017585521;5;180;43.253911;76.937093;70000001029658069_sdfqhh1578G23H8301IGG0GGvgudqn73G6G505A812B75B17wpqt54636J1A5G7G1JG545G5f2qcuv7B884A101334AH44J2HHGJ2G44337
стоматология;Dr. Park, стоматология;Частные стоматологии;проспект Аль-Фараби, 53Б;+77079097876;+77079097876;yes;;http://www.drpark.kz;whatsapp:https://wa.me/77079097876;5;34;43.223286;76.935625;70000001113760098_sdfqhh1578G23H8301IGG0GGvgudqn73G6G505A81258631Awpqt54636J1A5G7G1JG545G5f2qcuv7B884A1013439H45J2HHGJ2G44344
стоматология;Diamond Dent, стоматологическая клиника;Частные стоматологии, Частные детские стоматологии;микрорайон Аксай-2, 13Б;+77712753949;+77712753949;yes;;;instagram:https://instagram.com/diamond_dental_studio whatsapp:https://wa.me/77712753949;4.9;176;43.240316;76.838311;70000001076284566_sdfqhh1578G23H8301IGG0GGvgudqn73G6G505A812838767wpqt54636J1A5G7G1JG545G5f2qcuv7B884A1013397H46J2HHGJ2G4432g
стоматология;Senim Dental Clinic, стоматология;Частные детские стоматологии, Частные стоматологии;улица Катаева, 218;+77014088444;+77014088444;yes;senimdental@gmail.com;http://senimdental.kz/ http://senimdental.kz/breket http://senimdental.kz/price;instagram:https://instagram.com/senimdental.kz whatsapp:https://wa.me/77014088444;4.9;65;43.219745;76.894318;70000001109995468_dfqhhf227B884A42BA985245A644vgudqnsG51578G7G1J3H8G435884t5473G65A8125G3011013GJHGI3Hqcuvwpq636J1A079H47J2G2GGG1Hd
стоматология;Mirai Dental Clinic, стоматология;Частные стоматологии, Частные детские стоматологии, Челюстно-лицевой хирург;проспект Абая, 68;+77003022230;+77003022230;yes;dent.mirai@gmail.com;http://miraident.kz/links;facebook:https://facebook.com/miraident.kz instagram:https://instagram.com/miraident.kz whatsapp:https://wa.me/77003022230;4.9;735;43.239325;76.905557;70000001046742889_sdfqhh1578G23H8301IGG0GGvgudqn73G6G505A812884599wpqt54636J1A5G7G1JG545G5f2qcuv7B884A101336AH48J2HHGJ2G443g3
стоматология;Lux Dental Clinic, стоматология;Частные стоматологии;микрорайон Калкаман-2, 8/3;+77080858080;+77080858080;yes;dantist_995@mail.ru;;instagram:https://instagram.com/lux_dental_clinic_1 whatsapp:https://wa.me/77080858080 telegram:https://t.me/+77473156343;5;168;43.227506;76.799241;70000001056621694_sdfqhh1578G23H8301IGG0GGvgudqn73G6G505A81287247Awpqt54636J1A5G7G1JG545G5f2qcuv7B884A1013375H49J2HHGJ2G4436e
стоматология;Nukuyev Clinic, стоматологический центр;Частные стоматологии, Частные детские стоматологии;микрорайон Думан-2, 57;+77712020808;+77712020808;yes;;;instagram:https://instagram.com/nukuyev_clinic_almaty whatsapp:https://wa.me/77712020808;5;196;43.28823;77.004689;70000001091231550_sdfqhh1578G23H8301IGG0GGvgudqn73G6G505A812333466wpqt54636J1A5G7G1JG545G5f2qcuv7B884A10133B1H4AJ2HHGJ2G443c3
стоматология;Ever Smile, стоматология;Частные стоматологии;проспект Райымбека, 253;+77479003009;+77479003009;yes;oralbaydauletbaiuly@icloud.com;;instagram:https://instagram.com/ever_smile_almaty whatsapp:https://wa.me/77479003009;4.9;150;43.262249;76.894681;70000001097472891_sdfqhh1578G23H8301IGG0GGvgudqn73G6G505A81295759Awpqt54636J1A5G7G1JG545G5f2qcuv7B884A10133B2H4BJ2HHGJ2G44346
стоматология;Mamyr Dental Clinic, стоматологическая клиника;Частные стоматологии;микрорайон Мамыр-1, 26/1 блок 2;+77087162222;+77087162222;yes;dental.mamayr@mail.ru;http://mamyr-dc.kz;instagram:https://instagram.com/mamyr_dental_clinic whatsapp:https://wa.me/77087162222 telegram:https://t.me/+77087162222;5;300;43.211711;76.848288;70000001040313944_sdfqhh1578G23H8301IGG0GGvgudqn73G6G505A8122416A5wpqt54636J1A5G7G1JG545G5f2qcuv7B884A1013365H4CJ2HHGJ2G443ch
стоматология;Муслим-стом, стоматология;Частные стоматологии;микрорайон Шугыла, 341/1 к2;+77073002747 +77713770711;+77075969977;yes;;;instagram:https://instagram.com/muslim.stom.kz whatsapp:https://wa.me/77075969977;4.9;645;43.211375;76.790011;70000001081329646_sdfqhh1578G23H8301IGG0GGvgudqn73G6G505A812342C75wpqt54636J1A5G7G1JG545G5f2qcuv7B884A10133A7H53J2HHGJ2G44337
стоматология;Estetik Dental Clinic, ​стоматологическая клиника;Частные стоматологии;Аубая Байгазиева улица, 196а;+77000275127;+77000275127;yes;;;instagram:https://instagram.com/estetik_dental_clinic whatsapp:https://wa.me/77000275127;4.9;44;43.184699;76.618967;70000001093497123_sdfqhh1578G23H8301IGG0GGvgudqn73G6G505A812559A23wpqt54636J1A5G7G1JG545G5f2qcuv7B884A10133B4H54J2HHGJ2G443AA
стоматология;TS clinic, центр цифровой и микроскопической стоматологии;Частные стоматологии;1-й микрорайон, 68/3;+77017887096;+77017887096;yes;;;instagram:https://instagram.com/ts_clinic_almaty whatsapp:https://wa.me/77017887096;4.9;311;43.233032;76.853405;70000001028003636_sdfqhh1578G23H8301IGG0GGvgudqn73G6G505A812A10674wpqt54636J1A5G7G1JG545G5f2qcuv7B884A1013347H55J2HHGJ2G4436e
стоматология;AE Dental Clinic, частная стоматология;Частные стоматологии, Частные детские стоматологии;улица Жубанова, 7/2;+77475571975;+77475571975;;;;instagram:https://instagram.com/ae.dental_clinic;5;71;43.235235;76.85253;70000001094486187_sdfqhh1578G23H8301IGG0GGvgudqn73G6G505A812658929wpqt54636J1A5G7G1JG545G5f2qcuv7B884A10133B8H56J2HHGJ2G4434h
стоматология;Dara dental clinic, стоматологическая клиника;Частные стоматологии;улица Толе би, 147;+77477937381;+77477937381;yes;dara.dental01@gmail.com;http://tiktok.com/@dara_dental_clinic;instagram:https://instagram.com/dara_dental_clinic whatsapp:https://wa.me/77477937381 telegram:https://t.me/+77077679234;5;309;43.253125;76.91353;70000001067110971_sdfqhh1578G23H8301IGG0GGvgudqn73G6G505A8129213A8wpqt54636J1A5G7G1JG545G5f2qcuv7B884A1013382H57J2HHGJ2G443fC
стоматология;Rabiya Dental Clinic, частная стоматология;Частные стоматологии;проспект Гагарина, 309;+77007213930;+77007213930;yes;;;instagram:https://instagram.com/rabiya_dental_clinic whatsapp:https://wa.me/77007213930;5;6;43.202731;76.896933;70000001115002093_sdfqhh1578G23H8301IGG0GGvgudqn73G6G505A81271051Awpqt54636J1A5G7G1JG545G5f2qcuv7B884A1013434H58J2HHGJ2G44374
стоматология;Clinic Expert, ​медицинский центр;Частные стоматологии, Многопрофильные медицинские центры, Терапевт, Гастроэнтеролог, Эндокринолог, Нефролог, Кардиолог, Уролог, Инфекционист, ЛОР (отоларинголог), Гинеколог, Невролог, Дерматолог, Хирург, Травматолог-ортопед, Процедурный кабинет, Медицинская диагностика, Медицинские анализы, Косметолог, Онколог, Очищение организма, Диетолог, Маммолог;улица Жунисова, 133/279;+77080880033;+77080880033;yes;clinicexpert133@gmail.com;http://dikidi.net/2080709;instagram:https://instagram.com/clinic_expert.kz whatsapp:https://wa.me/77080880033;4.8;151;43.21782;76.791211;70000001089274544_sdfqhh1578G23H8301IGG0GGvgudqn73G6G505A812B37765wpqt54636J1A5G7G1JG545G5f2qcuv7B884A10133A5H59J2HHGJ2G44365
стоматология;StarDent, стоматология;Частные стоматологии;проспект Абая, 150/230 блок 9;+77476134879 +77009393930;+77476134879;yes;tahon_1@mail.ru;;instagram:https://instagram.com/stardent_almaty whatsapp:https://wa.me/77476134879 whatsapp:https://wa.me/77009393930;5;106;43.237255;76.88485;70000001088793493_sdfqhh1578G23H8301IGG0GGvgudqn73G6G505A812A8965Awpqt54636J1A5G7G1JG545G5f2qcuv7B884A10133A4H5AJ2HHGJ2G4438f
стоматология;Ажар Дент, стоматология;Частные стоматологии;улица Скрябина, 28 к3;+77052229922;+77052229922;yes;sssh_2050@mail.ru;;instagram:https://instagram.com/azhardent_kz whatsapp:https://wa.me/77052229922 whatsapp:https://wa.me/77007696989;5;91;43.260483;76.889658;70000001100848839_sdfqhh1578G23H8301IGG0GGvgudqn73G6G505A812294B94wpqt54636J1A5G7G1JG545G5f2qcuv7B884A101342AH5BJ2HHGJ2G44378
стоматология;AylinDent;Частные стоматологии;микрорайон Шугыла, 340/46 к5;+77079633044 +77477951709;+77477951709;yes;;;instagram:https://instagram.com/aylin_dent whatsapp:https://wa.me/77477951709 whatsapp:https://wa.me/77752271000;5;29;43.209289;76.785098;70000001114729089_sdfqhh1578G23H8301IGG0GGvgudqn73G6G505A812682C19wpqt54636J1A5G7G1JG545G5f2qcuv7B884A101343AH5CJ2HHGJ2G44389
стоматология;Estetik Dental Clinic;Частные стоматологии;улица Айналмалы, 4;+77075300054;+77756959118;yes;;;instagram:https://instagram.com/_estetik_dental_clinik_ whatsapp:https://wa.me/77756959118 whatsapp:https://wa.me/77075300054;5;33;43.241423;76.795513;70000001102856273_C6vrpc1578G23H83014GGG0Gzbh6Dd73G6G505A812495938wpqt54637J1A6G7G2J1J452J8956uv7B884A1013424H233HHHGJH1I433e7
стоматология;Light Dental Clinic, стоматологическая клиника;Частные стоматологии, Частные детские стоматологии;микрорайон Сайран, 6;+77053331999;+77053331999;yes;;;instagram:https://instagram.com/light_dental.clinic whatsapp:https://wa.me/77053331999;5;107;43.233932;76.866822;70000001104594014_C6vrpc1578G23H83014GGG0Gzbh6Dd73G6G505A812669712wpqt54637J1A6G7G2J1J452J8956uv7B884A1013425H234HHHGJH1I4335g
стоматология;Sunkar Dent, стоматология;Частные стоматологии;улица Жансугурова, 90е;+77072610409 +77079007023;+77072610409;yes;;;instagram:https://instagram.com/sunkar_dent.clinik whatsapp:https://wa.me/77072610409;5;108;43.428277;77.026053;70000001111764678_C6vrpc1578G23H83014GGG0Gzbh6Dd73G6G505A812386778wpqt54637J1A6G7G2J1J452J8956uv7B884A1013439H235HHHGJH1I433eh
стоматология;Infinity Dental Clinic, стоматология;Частные детские стоматологии, Частные стоматологии;микрорайон Таугуль-1, 52Б;+77075156485;+77075156485;yes;infinitydentalclinic@mail.ru;;instagram:https://instagram.com/infinitydental.kz whatsapp:https://wa.me/77075156485 telegram:https://t.me/+77075156485;5;115;43.211273;76.881804;70000001092837828_6vrpc8927B884A3B493A9H444973zbh6DdCG51578G7G2J3H81J342B7t5473G65A8126G3011013GJHGII256uvwpq637J1A039H236H2G2GGH1Ad
стоматология;Dental Planet, стоматологическая клиника;Частные стоматологии, Частные детские стоматологии;улица Досмухамедова, 43;+77058883815;+77058883815;yes;dentalplanet22@gmail.com;;instagram:https://instagram.com/dentalplanet_almaty whatsapp:https://wa.me/77058883815;5;202;43.254649;76.923655;70000001062845986_C6vrpc1578G23H83014GGG0Gzbh6Dd73G6G505A8124948A9wpqt54637J1A6G7G2J1J452J8956uv7B884A1013387H237HHHGJH1I4337d
стоматология;Estet Clinic, ​стоматология;Частные стоматологии;микрорайон Аксай-2, 43;+77071010233;+77071010233;yes;estet_clinic@bk.ru;;instagram:https://instagram.com/estet.clinic.kz whatsapp:https://wa.me/77071010233;4.9;372;43.233963;76.835075;70000001077238686_C6vrpc1578G23H83014GGG0Gzbh6Dd73G6G505A812933B79wpqt54637J1A6G7G2J1J452J8956uv7B884A1013397H238HHHGJH1I433i3
стоматология;Dental Atelie, стоматология;Частные стоматологии;микрорайон Аккент, 72;+77471774947;+77058193882;yes;;;instagram:https://instagram.com/dental_atelie whatsapp:https://wa.me/77058193882;5;76;43.241189;76.807916;70000001105771970_C6vrpc1578G23H83014GGG0Gzbh6Dd73G6G505A8127874A8wpqt54637J1A6G7G2J1J452J8956uv7B884A1013421H239HHHGJH1I43367
стоматология;Muslim Dent, стоматологическая клиника;Частные стоматологии, Челюстно-лицевой хирург;улица Тургут Озала, 84;+77718000065 +77718000093;+77718000065;yes;dentalpro.kz@mail.ru muslim.dent@mail.ru;;whatsapp:https://wa.me/77718000065 whatsapp:https://wa.me/77718000093;5;316;43.251325;76.880973;70000001097380146_C6vrpc1578G23H83014GGG0Gzbh6Dd73G6G505A812948325wpqt54637J1A6G7G2J1J452J8956uv7B884A10133B7H23AHHHGJH1I433h9
стоматология;Dental Practice Aesthetic Centre, стоматологическая клиника;Частные стоматологии;улица Досмухамедова, 43;+77273384466 +77776824466;+77776824466;yes;reception@dentalpractice.kz ceo@dentalpractice.kz;http://dentalpractice.kz;instagram:https://instagram.com/dentalpractice_almaty facebook:https://facebook.com/dentalpracticealmaty whatsapp:https://wa.me/77776824466;5;125;43.254649;76.923655;70000001033211695_C6vrpc1578G23H83014GGG0Gzbh6Dd73G6G505A81253147Awpqt54637J1A6G7G2J1J452J8956uv7B884A1013356H23BHHHGJH1I4336B
стоматология;Asyly_dent, стоматологический центр;Частные стоматологии;улица Жанкожа батыра, 85;+77071882021;+77071882021;yes;;;instagram:https://instagram.com/asyly_dent whatsapp:https://wa.me/77071882021;4.9;119;43.291702;76.85058;70000001033558766_C6vrpc1578G23H83014GGG0Gzbh6Dd73G6G505A812565B87wpqt54637J1A6G7G2J1J452J8956uv7B884A1013357H23CHHHGJH1I433ii
стоматология;Азия Дент, стоматология;Частные стоматологии;улица Ади Шарипова, 118;+77074432055;+77074432055;yes;;;whatsapp:https://wa.me/77074432055;5;54;43.242963;76.92406;70000001082745725_C6vrpc1578G23H83014GGG0Gzbh6Dd73G6G505A812484883wpqt54637J1A6G7G2J1J452J8956uv7B884A10133A6H243HHHGJH1I433Cf
стоматология;AS-Dent, стоматологическая клиника;Частные детские стоматологии, Частные стоматологии;6-й микрорайон, 11;+77714470258;+77714470258;yes;as-dent@mail.ru;;instagram:https://instagram.com/as_dent.almaty whatsapp:https://wa.me/77714470258;5;119;43.220832;76.853808;9429940000908387_6vrpc8927B884A32B1869245A64Azbh6DdCG51578G7G2J3HAG435884t5473G65A8126G72AA412GJHGI3H56uvwpq637J1A08H224J2G2GGG1H3
стоматология;BS Stom, стоматология;Частные стоматологии;9-й микрорайон, 25;+77087040515 +77089095258;+77087040515;yes;;;instagram:https://instagram.com/bs.stom whatsapp:https://wa.me/77087040515;5;190;43.215193;76.860184;70000001091599652_C6vrpc1578G23H83014GGG0Gzbh6Dd73G6G505A812369C76wpqt54637J1A6G7G2J1J452J8956uv7B884A10133B3H245HHHGJH1I433Ci
стоматология;Amire Dent, стоматология;Частные стоматологии;микрорайон Дарабоз, 87 блок 2;+77471192091 +77089293678;+77471192091;yes;;;instagram:https://instagram.com/amiredent_ whatsapp:https://wa.me/77471192091 telegram:https://t.me/+77471192091;5;6;43.27077;76.820466;70000001116922006_C6vrpc1578G23H83014GGG0Gzbh6Dd73G6G505A8128A2511wpqt54637J1A6G7G2J1J452J8956uv7B884A1013437H246HHHGJH1I4334C
стоматология;Best Stom, стоматология;Частные стоматологии, Частные детские стоматологии;2-й микрорайон, 40г;+77074926414;+77074926414;yes;;;instagram:https://instagram.com/best_stom_kz whatsapp:https://wa.me/77074926414;4.9;741;43.232568;76.860316;70000001034402069_C6vrpc1578G23H83014GGG0Gzbh6Dd73G6G505A812650517wpqt54637J1A6G7G2J1J452J8956uv7B884A101335AH247HHHGJH1I4336A
стоматология;Nurs Stom, стоматология;Частные стоматологии;микрорайон Аксай-1, 23;+77771829384 +77476099531;+77771829384;yes;;;instagram:https://instagram.com/nursstom_almaty whatsapp:https://wa.me/77771829384;4.9;40;43.24029;76.829584;70000001113474657_C6vrpc1578G23H83014GGG0Gzbh6Dd73G6G505A812557776wpqt54637J1A6G7G2J1J452J8956uv7B884A1013438H248HHHGJH1I433g8
стоматология;Implant_Stom, стоматология;Частные стоматологии;микрорайон Аксай-5, 11;+77071312201 +77769221200 +77071692729;+77071312201;yes;;http://tiktok.com/@implant__stom;instagram:https://instagram.com/implant__stom whatsapp:https://wa.me/77071312201;4.9;192;43.228245;76.833844;70000001066165301_C6vrpc1578G23H83014GGG0Gzbh6Dd73G6G505A812826841wpqt54637J1A6G7G2J1J452J8956uv7B884A1013382H249HHHGJH1I4336A
стоматология;Nano Clinic, стоматология;Частные стоматологии, Частные детские стоматологии;улица Нурмакова, 150;+77073986723;+77073986723;yes;;http://nanoclinic.kz;instagram:https://instagram.com/nanoclinic_kz whatsapp:https://wa.me/77073986723;5;207;43.247629;76.907274;70000001100793658_C6vrpc1578G23H83014GGG0Gzbh6Dd73G6G505A812289676wpqt54637J1A6G7G2J1J452J8956uv7B884A1013429H24AHHHGJH1I43399
стоматология;DentOs, центр цифровой стоматологии;Частные стоматологии, Частные детские стоматологии;микрорайон Шугыла, 340/3 к2;+77717796868;+77717796868;yes;dentos_clinic@mail.ru;;instagram:https://instagram.com/dentos_ whatsapp:https://wa.me/77717796868;5;103;43.208657;76.786182;70000001097663798_C6vrpc1578G23H83014GGG0Gzbh6Dd73G6G505A81297668Awpqt54637J1A6G7G2J1J452J8956uv7B884A10133B9H24BHHHGJH1I43385
стоматология;Ар дент, стоматологический центр;Частные стоматологии, Челюстно-лицевой хирург;улица Тургут Озала, 100;+77016804465 +77785819020 +77017299909 +77713627949;+77016804465;yes;;;instagram:https://instagram.com/ar.dent_almaty whatsapp:https://wa.me/77016804465 whatsapp:https://wa.me/77713627949 whatsapp:https://wa.me/77785819020;5;191;43.249127;76.881293;70000001075193632_C6vrpc1578G23H83014GGG0Gzbh6Dd73G6G505A812729674wpqt54637J1A6G7G2J1J452J8956uv7B884A1013393H24CHHHGJH1I4339C
стоматология;Клиника Асанова, стоматология;Частные стоматологии;микрорайон Аксай-4, 27;+77273732321 +77714421815;+77714421815;yes;;;instagram:https://instagram.com/clinikasanova whatsapp:https://wa.me/77714421815;5;49;43.229147;76.834557;70000001104832359_C6vrpc1578G23H83014GGG0Gzbh6Dd73G6G505A812693546wpqt54637J1A6G7G2J1J452J8956uv7B884A101342AH253HHHGJH1I4337B
стоматология;Sapfir Stom, стоматологическая клиника;Частные стоматологии;улица Манаса, 19;+77027777857;+77027777857;yes;turar-85@mail.ru;http://sapfir.stomatologia;instagram:https://instagram.com/sapfir.stom whatsapp:https://wa.me/77027777857 telegram:https://t.me/+77027777857;4.9;241;43.238395;76.908518;70000001057692699_C6vrpc1578G23H83014GGG0Gzbh6Dd73G6G505A81297957Awpqt54637J1A6G7G2J1J452J8956uv7B884A101337AH254HHHGJH1I433g5
стоматология;Royal Stom, стоматология;Частные стоматологии;микрорайон Айнабулак-2, 85Б;+77054136955;+77054136955;yes;belgibayeva.a@mail.ru;;instagram:https://instagram.com/royalstom.ainabulak whatsapp:https://wa.me/77054136955;4.9;325;43.319375;76.916532;70000001060190121_C6vrpc1578G23H83014GGG0Gzbh6Dd73G6G505A812229323wpqt54637J1A6G7G2J1J452J8956uv7B884A1013382H255HHHGJH1I433d6
стоматология;Elit Dent, частная стоматология;Частные стоматологии, Частные детские стоматологии;проспект Абая, 130/2;+77082697100;+77082697100;yes;;;instagram:https://instagram.com/elit_dent.kz whatsapp:https://wa.me/77082697100;4.9;128;43.237288;76.887795;70000001102937348_C6vrpc1578G23H83014GGG0Gzbh6Dd73G6G505A8124A3A45wpqt54637J1A6G7G2J1J452J8956uv7B884A1013429H256HHHGJH1I43356
стоматология;Bereke Dent, стоматология;Частные стоматологии;микрорайон Саялы, 122;+77719154371;+77719154371;yes;jasik_alimbaev@mail.ru;;instagram:https://instagram.com/bereke__dent whatsapp:https://wa.me/77719154371;4.9;54;43.302745;76.837484;70000001112577372_C6vrpc1578G23H83014GGG0Gzbh6Dd73G6G505A812467A48wpqt54637J1A6G7G2J1J452J8956uv7B884A1013433H257HHHGJH1I433eg
стоматология;Sadu Dent, стоматология;Частные стоматологии;улица Гагарина, 3;+77024189695;+77757285573;yes;;;instagram:https://instagram.com/sadudent whatsapp:https://wa.me/77757285573;4.9;122;43.427559;77.02468;70000001039967335_C6vrpc1578G23H83014GGG0Gzbh6Dd73G6G505A812BA6A44wpqt54637J1A6G7G2J1J452J8956uv7B884A1013356H258HHHGJH1I43389
стоматология;R Dental Clinic, стоматологическая клиника;Частные стоматологии;улица Толе би, 33а/2;+77760294111;+77760294111;yes;;;instagram:https://instagram.com/r.dental_clinic whatsapp:https://wa.me/77760294111;4.9;94;43.201459;76.621871;70000001101326976_C6vrpc1578G23H83014GGG0Gzbh6Dd73G6G505A8123429A8wpqt54637J1A6G7G2J1J452J8956uv7B884A1013427H259HHHGJH1I4339i
стоматология;Коралл, стоматология;Частные стоматологии;улица Аскарова, 21/68;+77479785680 +77009785608;+77479785680;yes;korall_stom2@mail.ru;;facebook:https://facebook.com/korall.dental instagram:https://instagram.com/korall_dent whatsapp:https://wa.me/77479785680 telegram:https://t.me/+77479785680 telegram:https://t.me/77479785680;4.9;244;43.180886;76.86907;70000001061348077_C6vrpc1578G23H83014GGG0Gzbh6Dd73G6G505A812344B18wpqt54637J1A6G7G2J1J452J8956uv7B884A1013388H25AHHHGJH1I433C3
стоматология;Daris-tte, стоматологическая клиника;Частные стоматологии;улица Тулебаева, 8;+77272730303 +77019248774;+77019248774;yes;info@daris-tte.kz;http://daris-tte.kz;instagram:https://instagram.com/daristte.almaty whatsapp:https://wa.me/77019248774;5;133;43.26838;76.946458;9429940000786557_C6vrpc1578G23HA72AIGG0GGzbh6Dd73G6G505A812996868wpqt54637J1A6G7G2JG545G58956uv7B884AA41232H23BJ2HHGJ2G443ge
стоматология;Центр стоматологии и челюстно-лицевой хирургии;Частные детские стоматологии, Частные стоматологии;улица Ади Шарипова, 77;+77770813268;+77770813268;yes;nurpeis_90@mail.ru;;instagram:https://instagram.com/stom_center_almaty whatsapp:https://wa.me/77770813268;4.9;550;43.252702;76.92208;70000001063146039_6vrpc8927B884A3852491H444973zbh6DdCG51578G7G2J3H81J342B7t5473G65A8126G3011013GJHGII256uvwpq637J1A04AH25CH2G2GGH1fg
стоматология;Dr. Iskakov clinic, стоматологическая клиника;Частные стоматологии;микрорайон Айнабулак-3, 143а;+77760604466 +77080604466;+77760604466;yes;;;whatsapp:https://wa.me/77760604466 whatsapp:https://wa.me/77080604466;5;54;43.328158;76.922555;70000001110580831_C6vrpc1578G23H83014GGG0Gzbh6Dd73G6G505A812268394wpqt54637J1A6G7G2J1J452J8956uv7B884A1013432H263HHHGJH1I433BC
стоматология;Extra Dental, стоматологическая клиника;Частные стоматологии;Ораза Жандосова улица, 34а;+77711100050;+77711100050;yes;info@extradental.kz;http://Extradental.kz;instagram:https://instagram.com/extradental.kz facebook:https://facebook.com/ExtraDental whatsapp:https://wa.me/77711100050;5;180;43.233326;76.903869;70000001051434125_C6vrpc1578G23H83014GGG0Gzbh6Dd73G6G505A812353723wpqt54637J1A6G7G2J1J452J8956uv7B884A1013376H264HHHGJH1I4336h
стоматология;Khanstom, клиника;Частные стоматологии, Детские врачи;улица Байтерекова, 55;+77002684882 +77014976779;+77002684882;yes;khanstom7@gmail.com;;instagram:https://instagram.com/khan_stom whatsapp:https://wa.me/77002684882 whatsapp:https://wa.me/77014976779;5;92;43.262027;76.820836;70000001044726925_C6vrpc1578G23H83014GGG0Gzbh6Dd73G6G505A8126829A3wpqt54637J1A6G7G2J1J452J8956uv7B884A1013366H265HHHGJH1I433g4
стоматология;Celine Dental Clinic, частная стоматология;Частные стоматологии;улица Толе би, 189/3 к2;+77088881716;+77088881716;yes;;;instagram:https://instagram.com/celine.dental.clinic whatsapp:https://wa.me/77088881716;4.8;18;43.252285;76.89631;70000001116420307_C6vrpc1578G23H83014GGG0Gzbh6Dd73G6G505A812852341wpqt54637J1A6G7G2J1J452J8956uv7B884A1013438H266HHHGJH1I43359
стоматология;Dental city, сеть стоматологических клиник;Частные стоматологии;микрорайон Аксай-2, 23;+77472382585 +77272382587 +77272382585 +77076919247 +77070194036;+77472382585;yes;;http://www.dentalcity.kz;instagram:https://instagram.com/dentalcity.aksay whatsapp:https://wa.me/77472382585;4.9;231;43.239137;76.831839;9429940000911899_C6vrpc1578G23HA72AIGG0GGzbh6Dd73G6G505A812B21BAAwpqt54637J1A6G7G2JG545G58956uv7B884AA41232H247J2HHGJ2G443Ad
стоматология;Luma dent, стоматология;Частные стоматологии, Частные детские стоматологии;улица Шевченко, 123;+77004801414;+77004801414;yes;luma_dent@mail.ru;http://lumadent.kz http://jivo.chat/lXrqwo2ZLh;instagram:https://instagram.com/luma_dent whatsapp:https://wa.me/77004801414 telegram:https://t.me/lumadent;5;324;43.244949;76.920076;70000001032780550_C6vrpc1578G23H83014GGG0Gzbh6Dd73G6G505A812488366wpqt54637J1A6G7G2J1J452J8956uv7B884A1013351H268HHHGJH1I433dC
стоматология;Dr.Omar Dental Clinic, стоматология;Частные стоматологии;улица Райымбек батыра, 161 блок 3а;+77781435261;+77781435261;yes;;;instagram:https://instagram.com/dr.omar_stom whatsapp:https://wa.me/77781435261;4.9;140;43.294396;77.023021;70000001109999291_C6vrpc1578G23H83014GGG0Gzbh6Dd73G6G505A812BA9C3Awpqt54637J1A6G7G2J1J452J8956uv7B884A1013422H269HHHGJH1I433he
стоматология;Ai`nabulaq Dent, медицинский центр;Частные стоматологии;микрорайон Айнабулак-3, 89;+77072091985 +77272524543;+77072091985;yes;hlgg.mxt@gmail.com;;whatsapp:https://wa.me/77072091985;5;67;43.32271;76.916628;9429940000911040_C6vrpc1578G23HA72AIGG0GGzbh6Dd73G6G505A812B21351wpqt54637J1A6G7G2JG545G58956uv7B884AA41232H24AJ2HHGJ2G4436f
стоматология;Onyx dental clinic, стоматология;Частные стоматологии, Частные детские стоматологии;улица Радостовца, 280 к1;+77078080823 +77078080825;+77078080825;yes;;;instagram:https://instagram.com/onyx_dental_clinic_almaty whatsapp:https://wa.me/77078080825;5;144;43.207853;76.8968;70000001112586006_C6vrpc1578G23H83014GGG0Gzbh6Dd73G6G505A812468911wpqt54637J1A6G7G2J1J452J8956uv7B884A1013437H26BHHHGJH1I433Ci
стоматология;Dream Team Dental, стоматология;Частные стоматологии;Шолом-Алейхема улица, 19;+77005410295;+77005410295;yes;;;instagram:https://instagram.com/dreamteam.dental whatsapp:https://wa.me/77005410295;4.9;332;43.224775;76.934613;70000001114640656_C6vrpc1578G23H83014GGG0Gzbh6Dd73G6G505A812674376wpqt54637J1A6G7G2J1J452J8956uv7B884A1013437H26CHHHGJH1I43355
стоматология;Mivimed, клиника;Частные стоматологии, Процедурный кабинет, Аллерголог-иммунолог, Терапевт, Медицинские анализы, Массажист, Ангиохирург, Медицинская диагностика, Частные детские стоматологии;улица Сагдиева, 80;+77003155550 +77077366511;+77077366511;yes;Tookzdent@gmail.com;;instagram:https://instagram.com/mivimed.kz whatsapp:https://wa.me/77077366511 whatsapp:https://wa.me/77003155550;4.8;167;43.185216;76.830755;70000001082845179_C6vrpc1578G23H83014GGG0Gzbh6Dd73G6G505A812494828wpqt54637J1A6G7G2J1J452J8956uv7B884A10133AAH273HHHGJH1I433Ci
стоматология;Sinadent, стоматология;Частные стоматологии;улица Жунисова, 14/1;+77071381055 +77473553513;+77071381055;yes;aybek.alimbayev@mail.ru;;whatsapp:https://wa.me/77071381055;4.9;194;43.221321;76.785189;70000001055928844_C6vrpc1578G23H83014GGG0Gzbh6Dd73G6G505A8127A2B95wpqt54637J1A6G7G2J1J452J8956uv7B884A1013375H274HHHGJH1I4337d
стоматология;Агат, стоматология;Частные стоматологии;микрорайон Жетысу-2, 9;+77476066030 +77475933357;+77476066030;yes;;;instagram:https://instagram.com/agat_dent_stom whatsapp:https://wa.me/77476066030 whatsapp:https://wa.me/77475933357;4.9;132;43.225291;76.841552;9429940000791495_C6vrpc1578G23HA72AIGG0GGzbh6Dd73G6G505A8129A17A6wpqt54637J1A6G7G2JG545G58956uv7B884AA41232H255J2HHGJ2G443di
стоматология;ЕОК, стоматологическая клиника;Частные стоматологии;улица Абиша Кекилбайулы, 38в;+77273119191 +77054119191;+77054119191;yes;eokdent@mail.ru;http://eokdent.kz;instagram:https://instagram.com/eokdent whatsapp:https://wa.me/77054119191;5;78;43.204315;76.891779;70000001028080745_C6vrpc1578G23H83014GGG0Gzbh6Dd73G6G505A812A18385wpqt54637J1A6G7G2J1J452J8956uv7B884A1013346H276HHHGJH1I433A4
стоматология;Royal dent, частная стоматология;Частные стоматологии;улица Жангозина, 4Б/1;+77066908451;+77066908451;yes;;http://www.tiktok.com/@royal_dent_kaskelen;instagram:https://instagram.com/royal_dent_kaskelen whatsapp:https://wa.me/77066908451;4.8;59;43.208896;76.627417;70000001105719702_C6vrpc1578G23H83014GGG0Gzbh6Dd73G6G505A812781C81wpqt54637J1A6G7G2J1J452J8956uv7B884A1013423H277HHHGJH1I433i3
стоматология;Doctor Dent, стоматологическая клиника;Частные стоматологии, Частные детские стоматологии;улица Прокофьева, 235;+77051707859;+77051707859;yes;dr.orazymbetovplus@yandex.kz;;instagram:https://instagram.com/doctor_dent_almaty whatsapp:https://wa.me/77051707859;4.9;92;43.235899;76.876416;70000001082709695_C6vrpc1578G23H83014GGG0Gzbh6Dd73G6G505A812480C7Awpqt54637J1A6G7G2J1J452J8956uv7B884A10133A6H278HHHGJH1I433hf
стоматология;Alash expert clinic, медицинский центр;Частные стоматологии, Многопрофильные медицинские центры, Детские врачи, Медицинская диагностика, Косметолог, Массажист, Мануальный терапевт, Медицинское лечение зависимостей, Невролог, Терапевт, Уролог, Инфекционист, Гинеколог, Рефлексотерапевт, Дерматолог, Медицинские комиссии, Физиотерапевт, Кардиолог, ЛОР (отоларинголог), Эндокринолог, Хирург, Реабилитационные центры, Процедурный кабинет, Проктолог, Медицинские анализы, Маммолог, Офтальмолог, Психологическая помощь при зависимостях, Очищение организма, Травматолог-ортопед, Ревматолог, Пульмонолог, Трихолог, Патронажные услуги, Аллерголог-иммунолог, Гастроэнтеролог, Гепатолог, Миколог, Нефролог, Профпатолог, Психолог, Сексолог, Онколог, Флеболог, Центры планирования семьи, Челюстно-лицевой хирург, Психотерапевт, Психиатр, Эпилептолог, Нейрохирург, Сурдолог, Подолог, Остеопат, Пластическая хирургия, Артролог, Вестибулолог, Генетик, Радиолог, Сомнолог, Микрохирургия глаза, ВУМ гимнастика, Диспансеры, Травмпункты, Врачебные амбулатории;проспект Серкебаева, 81;+77009990103;+77009990103;yes;;http://alashclinic.kz/about?locale=ru;whatsapp:https://wa.me/77009990103 instagram:https://instagram.com/alash_clinic;4.6;744;43.214304;76.897615;70000001104842090_C6vrpc1578G23H83014GGG0Gzbh6Dd73G6G505A81269451Awpqt54637J1A6G7G2J1J452J8956uv7B884A1013421H279HHHGJH1I43364
стоматология;Dentosfera, центр имплантации и стоматологии;Частные стоматологии;улица Маркова, 36;+77716613171;+77716613171;yes;dentosfera@mail.ru;http://dentosfera.kz;instagram:https://instagram.com/dentosfera.kz whatsapp:https://wa.me/77716613171;5;163;43.229738;76.931664;70000001045267934_C6vrpc1578G23H83014GGG0Gzbh6Dd73G6G505A812736AA4wpqt54637J1A6G7G2J1J452J8956uv7B884A1013365H27AHHHGJH1I4339d
стоматология;Denta Life, центр современной стоматологии;Частные стоматологии;микрорайон Жетысу-3, 67;+77712161576;+77712161576;yes;;;instagram:https://instagram.com/dentalife_kz whatsapp:https://wa.me/77712161576;4.9;79;43.220165;76.843169;70000001082563690_C6vrpc1578G23H83014GGG0Gzbh6Dd73G6G505A81246667Awpqt54637J1A6G7G2J1J452J8956uv7B884A10133A1H27BHHHGJH1I4339i
стоматология;Dental Lux Clinic, стоматология;Частные стоматологии;Алматинская улица, 273;+77075930003;+77075930003;yes;;;whatsapp:https://wa.me/77075930003;5;107;43.417552;76.915187;70000001091233143_C6vrpc1578G23H83014GGG0Gzbh6Dd73G6G505A812333625wpqt54637J1A6G7G2J1J452J8956uv7B884A10133B4H27CHHHGJH1I433eg
стоматология;MediSa, центр эстетической стоматологии;Частные стоматологии;проспект Достык, 105;+77772629999;+77772629999;yes;medisastom@gmail.com;;facebook:https://facebook.com/medisa.clinic instagram:https://instagram.com/medisa_clinic vkontakte:https://vk.com/doctor.saktanov whatsapp:https://wa.me/77772629999;5;159;43.225961;76.960718;70000001031468715_DCxwcy1578G23H83014GGG0Gpmn3Dz73G6G505A812356B82wpqt54639J1A8G7G3J1J452JAdumuv7B884A1013356H333HHHGJH1I4337A
стоматология;Поликлиника Саялы, медицинский центр;Частные стоматологии, Многопрофильные медицинские центры, Терапевт, Процедурный кабинет, Медицинская диагностика, Офтальмолог, Гинеколог, Хирург, ЛОР (отоларинголог), Эндокринолог, Медицинские анализы, Массажист, Фтизиатр, Медицинские комиссии, Уролог, Невролог, Психолог, Кардиолог, Детские врачи, Травматолог-ортопед, Частные детские стоматологии, Аптеки;микрорайон Саялы, 44;+77273108417;+77273108417;;sayalypoliclinic@mail.ru;;instagram:https://instagram.com/poliklinikasaialy;4;709;43.307105;76.839172;70000001048389812_DCxwcy1578G23H83014GGG0Gpmn3Dz73G6G505A812A48C92wpqt54639J1A8G7G3J1J452JAdumuv7B884A1013363H334HHHGJH1I4335C
стоматология;Aslan Clinic, медицинский центр;Частные стоматологии, Гинеколог, Уролог, Медицинская диагностика, Медицинские анализы, Многопрофильные медицинские центры;проспект Назарбаева, 36 к2;+77018575956 +77012068937;+77012068937;yes;;;instagram:https://instagram.com/dr_tolemissovy whatsapp:https://wa.me/77012068937 whatsapp:https://wa.me/77018575956;4.9;178;43.268246;76.945867;70000001082521966_DCxwcy1578G23H83014GGG0Gpmn3Dz73G6G505A8124624A7wpqt54639J1A8G7G3J1J452JAdumuv7B884A10133A7H335HHHGJH1I433g3
стоматология;Lumina Dental, семейная стоматологическая клиника;Частные стоматологии;улица Тулебаева, 95/1;+77077999988;+77077999988;yes;;;instagram:https://instagram.com/lumina.dental whatsapp:https://wa.me/77077999988;4.9;412;43.254528;76.948089;70000001084433897_DCxwcy1578G23H83014GGG0Gpmn3Dz73G6G505A81265369Awpqt54639J1A8G7G3J1J452JAdumuv7B884A10133A8H336HHHGJH1I43376
стоматология;Диа дент, стоматологический кабинет;Частные стоматологии;3-й микрорайон, 22;+77273819258 +77073562235;+77073562235;yes;dilnara_5@mail.ru;;whatsapp:https://wa.me/77073562235 instagram:https://instagram.com/diadentkz;4.8;43;43.221155;76.851023;9429940000857043_DCxwcy1578G23HA72AIGG0GGpmn3Dz73G6G505A812A67354wpqt54639J1A8G7G3JG545G5Adumuv7B884AA41232H317J2HHGJ2G44315
стоматология;StomLab, семейная стоматология;Частные стоматологии, Частные детские стоматологии;Луганского улица, 1 мод6;+77009141414;+77009141414;yes;sstomlab@gmail.com;http://kuula.co/share/LJ9CC/collection/7TlJf?logo=-1&card=1&info=0&fs=1&vr=1&zoom=1&gyro=0&initload=0&thumbs=3&keys=0;instagram:https://instagram.com/stomlab.kz whatsapp:https://wa.me/77009141414 telegram:https://t.me/+77009141414;5;89;43.240751;76.959439;70000001089417818_DCxwcy1578G23H83014GGG0Gpmn3Dz73G6G505A812B51A92wpqt54639J1A8G7G3J1J452JAdumuv7B884A10133A9H338HHHGJH1I433Af
стоматология;SDS Dr.Bayram-Ali, стоматологический центр;Частные стоматологии;микрорайон Керемет, 7 к25;+77477111835;+77015523313;yes;smile_design_studio@mail.ru;http://smiledesignstudio.kz/;instagram:https://instagram.com/smile_design.studio.sds whatsapp:https://wa.me/77015523313 whatsapp:https://wa.me/77477111835;5;285;43.235436;76.938678;70000001045007342_DCxwcy1578G23H83014GGG0Gpmn3Dz73G6G505A812710A45wpqt54639J1A8G7G3J1J452JAdumuv7B884A1013363H339HHHGJH1I4336C
стоматология;RadAn, стоматологическая клиника;Частные стоматологии, Частные детские стоматологии;10-й микрорайон, 12;+77073033343;+77073033343;yes;radan.kz@mail.ru;http://radan.kz;facebook:https://facebook.com/radan.stom.kz instagram:https://instagram.com/radan.kz whatsapp:https://wa.me/77073033343;4.8;114;43.217485;76.864534;9429940000789585_DCxwcy1578G23HA72AIGG0GGpmn3Dz73G6G505A812999896wpqt54639J1A8G7G3JG545G5Adumuv7B884AA41232H31AJ2HHGJ2G443d7
стоматология;Европейский Имплантационный Центр;Частные стоматологии;улица Кабанбай батыра, 109;+77004560588;+77776419988;yes;;http://euroimplant.kz;whatsapp:https://wa.me/77776419988;4.9;255;43.249017;76.931098;70000001109835505_DCxwcy1578G23H83014GGG0Gpmn3Dz73G6G505A812B93861wpqt54639J1A8G7G3J1J452JAdumuv7B884A1013426H33BHHHGJH1I4333i
стоматология;Trinity, стоматология;Частные стоматологии;проспект Абая, 115;+77080055050;+77080055050;yes;;;instagram:https://instagram.com/trinity.kzt whatsapp:https://wa.me/77080055050;4.9;103;43.239815;76.902061;70000001092067498_DCxwcy1578G23H83014GGG0Gpmn3Dz73G6G505A812416A5Awpqt54639J1A8G7G3J1J452JAdumuv7B884A10133B9H33CHHHGJH1I433dh
стоматология;DS Stomatology, стоматологическая клиника;Частные стоматологии;Атагельды Исмаилова улица, 58/1;+77712676127;+77712676127;yes;ds.stomatology@mail.ru;http://dsstomatolody.kz;instagram:https://instagram.com/ds_stomatology whatsapp:https://wa.me/77712676127;4.9;236;43.316558;77.031711;70000001086706037_DCxwcy1578G23H83014GGG0Gpmn3Dz73G6G505A812880914wpqt54639J1A8G7G3J1J452JAdumuv7B884A10133A8H343HHHGJH1I433f3
стоматология;Ерменсай стом, стоматологический кабинет;Частные стоматологии;улица Каныша Сатпаева, 76а;+77784391240;+77784391240;yes;;;instagram:https://instagram.com/ermensai_stom whatsapp:https://wa.me/77784391240 telegram:https://t.me/+77784391240;5;134;43.234085;76.887226;70000001069165747_DCxwcy1578G23H83014GGG0Gpmn3Dz73G6G505A812B26885wpqt54639J1A8G7G3J1J452JAdumuv7B884A1013388H344HHHGJH1I433h5
стоматология;Denta-class, стоматология;Частные стоматологии;улица Наурызбай батыра, 127 блок 4;+77471680505;+77471680505;yes;;;instagram:https://instagram.com/dentaclasskz whatsapp:https://wa.me/77471680505;4.9;205;43.236393;76.937485;70000001018528042_DCxwcy1578G23H83014GGG0Gpmn3Dz73G6G505A812A62B15wpqt54639J1A8G7G3J1J452JAdumuv7B884A1013333H345HHHGJH1I433ih
стоматология;Научно-практический медицинский центр;Частные стоматологии, Многопрофильные медицинские центры, Терапевт, ЛОР (отоларинголог), Эндокринолог, Уролог, Гинеколог, Гастроэнтеролог, Невролог, Медицинская диагностика, Медицинские анализы, Процедурный кабинет, Массажист, Детские врачи, Физиотерапевт, Реабилитационные центры, Эпилептолог, Флеболог, Кардиолог, Сурдолог, Частные детские стоматологии, Ведение беременности, Маммолог, Офтальмолог, Онколог, Логопед;улица Суюнбая, 2/10;+77077000608 +77770406454;+77077000608;yes;too_npmts@mail.ru;;instagram:https://instagram.com/npmc_kz whatsapp:https://wa.me/77077000608 whatsapp:https://wa.me/77770406454;4.8;384;43.207085;76.744636;70000001046956210_DCxwcy1578G23H83014GGG0Gpmn3Dz73G6G505A8128A5932wpqt54639J1A8G7G3J1J452JAdumuv7B884A1013361H347HHHGJH1I433Ad
стоматология;Амир Stom, стоматология;Частные стоматологии;улица Алтын Орда, 6/20 к1;+77074972020 +77473952020 +77074952020;+77074972020;yes;;;instagram:https://instagram.com/amir.stomatology whatsapp:https://wa.me/77074972020;4.9;75;43.214715;76.775744;70000001104470829_DCxwcy1578G23H83014GGG0Gpmn3Dz73G6G505A812657393wpqt54639J1A8G7G3J1J452JAdumuv7B884A101342AH348HHHGJH1I433g6
стоматология;Eurodent, стоматологическая клиника;Частные стоматологии, Частные детские стоматологии;Ораза Жандосова улица, 42;+77272740365 +77272742538 +77476199649;+77476199649;yes;eurodent07@mail.ru;http://eurodent.kz;instagram:https://instagram.com/eurodent.zhandosova whatsapp:https://wa.me/77476199649;4.8;1652;43.231297;76.898543;9429940000786991_DCxwcy1578G23HA72AIGG0GGpmn3Dz73G6G505A812996CA2wpqt54639J1A8G7G3JG545G5Adumuv7B884AA41232H329J2HHGJ2G443f5
стоматология;LB clinic, медицинский центр;Частные стоматологии, Нейрохирург, Невролог, Терапевт, Гематолог, Многопрофильные медицинские центры, Мануальный терапевт, Уролог, Медицинские анализы, Челюстно-лицевой хирург, Гинеколог, Кардиолог;проспект Райымбека, 540/7;+77079108373 +77079146151;+77079108373;yes;;http://lbclinic.kz;whatsapp:https://wa.me/77079108373 instagram:https://instagram.com/lb_clinic.kz whatsapp:https://wa.me/77079146151;4.7;50;43.237771;76.811373;70000001068092285_DCxwcy1578G23H83014GGG0Gpmn3Dz73G6G505A812A19539wpqt54639J1A8G7G3J1J452JAdumuv7B884A1013386H34AHHHGJH1I4336i
стоматология;Ali-dent.kz, стоматология;Частные стоматологии;улица Туркебаева, 63;+77476225054;+77476225054;yes;alidentkz@gmail.com;;instagram:https://instagram.com/alidentkz whatsapp:https://wa.me/77476225054;5;230;43.25126;76.87813;70000001070549541_DCxwcy1578G23H83014GGG0Gpmn3Dz73G6G505A812264C65wpqt54639J1A8G7G3J1J452JAdumuv7B884A1013392H34BHHHGJH1I433Af
стоматология;Dr. Poluyev dental clinic, стоматологическая клиника;Частные стоматологии;улица Навои, 208/6;+77273119411 +77471276272 +77781768170;+77781768170;yes;diwa2004@mail.ru;http://www.poluyev.com;instagram:https://instagram.com/dr.poluyev whatsapp:https://wa.me/77781768170 telegram:https://t.me/+77783111000;4.9;799;43.205257;76.885207;70000001032937041_DCxwcy1578G23H83014GGG0Gpmn3Dz73G6G505A8124A3A15wpqt54639J1A8G7G3J1J452JAdumuv7B884A1013352H34CHHHGJH1I4335i
стоматология;Dr. Beridze, частная стоматология;Частные стоматологии;проспект Сейфуллина, 35а;+77755220509;+77755220509;yes;;;instagram:https://instagram.com/dr_beridze_ whatsapp:https://wa.me/77755220509;4.9;98;43.330409;76.943166;70000001113813595_DCxwcy1578G23H83014GGG0Gpmn3Dz73G6G505A81259166Awpqt54639J1A8G7G3J1J452JAdumuv7B884A1013436H353HHHGJH1I4333C
стоматология;Kaso, стоматология;Стоматологические поликлиники;4-й микрорайон, 54;+77785941207;+77785941207;yes;;;instagram:https://instagram.com/kaso_stom whatsapp:https://wa.me/77785941207;4.9;160;43.852032;77.050821;70000001101253195_DCxwcy1578G23H83014GGG0Gpmn3Dz73G6G505A81233562Awpqt54639J1A8G7G3J1J456JAdumuv7B884A1013426H354HHHGJH1I4377h
стоматология;КГМЦ, многопрофильный медицинский центр;Частные стоматологии, Врач-гомеопат, Гирудотерапевт, Медицинские комиссии, Детские врачи, Терапевт, Многопрофильные медицинские центры, Медицинские анализы, Медицинские пиявки, Остеопат, Частные детские стоматологии, Процедурный кабинет;проспект Сейфуллина, 236;+77273973778;+77471015299;yes;kazgmc@mail.ru;http://gomeopat.kz;instagram:https://instagram.com/gomeopat.med whatsapp:https://wa.me/77471015299;4.9;253;43.295838;76.940524;9429940000796180_DCxwcy1578G23HA72AIGG0GGpmn3Dz73G6G505A8129A6491wpqt54639J1A8G7G3JG545G5Adumuv7B884AA41232H335J2HHGJ2G44318
стоматология;Implant Center, стоматология;Частные стоматологии;улица Тимирязева, 56;+77053915080;+77053915080;yes;;;instagram:https://instagram.com/implantcenter.kz whatsapp:https://wa.me/77053915080 telegram:https://t.me/+77053915080;4.9;285;43.224824;76.897878;70000001046437191_DCxwcy1578G23H83014GGG0Gpmn3Dz73G6G505A812853A2Awpqt54639J1A8G7G3J1J452JAdumuv7B884A1013362H356HHHGJH1I433Ci
стоматология;Sky Stom, стоматология;Частные стоматологии;проспект Абая, 164 к1;+77718971448;+77718971448;yes;skystom.2021@gmail.com;;instagram:https://instagram.com/sky.stom whatsapp:https://wa.me/77718971448;4.9;751;43.236904;76.879363;70000001082744063_DCxwcy1578G23H83014GGG0Gpmn3Dz73G6G505A812484717wpqt54639J1A8G7G3J1J452JAdumuv7B884A10133A4H357HHHGJH1I433f9
стоматология;Azia medical, медицинский центр;Частные стоматологии, Многопрофильные медицинские центры, Медицинская диагностика, Медицинские комиссии, Хирург, Терапевт, Гинеколог, Эндокринолог, Медицинские анализы, Невролог, Кардиолог, Детские врачи, Травматолог-ортопед, Дерматолог, Психолог, Психотерапевт, Психиатр, Эпилептолог, Мануальный терапевт, Остеопат, Трихолог, Офтальмолог, Центры борьбы со СПИДом;микрорайон Шугыла, 347/2;+77076763101;+77076763101;;aziamedical@mail.ru;http://aziamedical.kz;instagram:https://instagram.com/asia_medical;4.8;54;43.206332;76.788377;70000001066295488_DCxwcy1578G23H83014GGG0Gpmn3Dz73G6G505A812839859wpqt54639J1A8G7G3J1J452JAdumuv7B884A1013389H358HHHGJH1I433d5
стоматология;QazaqDent, стоматология;Частные стоматологии, Зуботехнические лаборатории;Кульджинский тракт, 59а/1;+77716878474;+77716878474;yes;qazaqdent@gmail.com;http://QazaqDent.kz;instagram:https://instagram.com/qazaqdent.kz whatsapp:https://wa.me/77716878474;5;30;43.3878;77.119683;70000001092864914_DCxwcy1578G23H83014GGG0Gpmn3Dz73G6G505A8124967A2wpqt54639J1A8G7G3J1J452JAdumuv7B884A10133B5H359HHHGJH1I433ei
стоматология;Доктор Ахмед, стоматологическая клиника;Частные стоматологии;проспект Абылай хана, 22Б;+77079110105;+77079110105;yes;;;instagram:https://instagram.com/doctor.ahmed.kaskelen whatsapp:https://wa.me/77079110105;4.9;163;43.202461;76.652884;70000001059584607_DCxwcy1578G23H83014GGG0Gpmn3Dz73G6G505A812B68771wpqt54639J1A8G7G3J1J452JAdumuv7B884A1013378H35AHHHGJH1I433hd
стоматология;Ак Ниет, стоматологическая клиника;Частные стоматологии;микрорайон Айнабулак-4, 178;+77475750855 +77018748894;+77475750855;yes;akniet.dent@gmail.com;;instagram:https://instagram.com/aknietdent.kz whatsapp:https://wa.me/77475750855;4.9;163;43.323423;76.911881;9429940001054068_DCxwcy1578G23HA72AIGG0GGpmn3Dz73G6G505A812264379wpqt54639J1A8G7G3JG545G5Adumuv7B884AA41233H33BJ2HHGJ2G443eB
стоматология;Имплант Профи, ​стоматологический центр;Частные стоматологии;Ораза Жандосова улица, 36;+77071500012;+77475854020;yes;;http://implant-proffi.kz;whatsapp:https://wa.me/77475854020;4.9;647;43.232627;76.902341;70000001084544037_DCxwcy1578G23H83014GGG0Gpmn3Dz73G6G505A812664714wpqt54639J1A8G7G3J1J452JAdumuv7B884A10133A8H35CHHHGJH1I433i6
стоматология;Alatau Assistance, медицинский центр;Частные стоматологии, Многопрофильные медицинские центры, Медицинская диагностика, Гинеколог, Ведение беременности, ЛОР (отоларинголог), Гастроэнтеролог, Кардиолог, Маммолог, Невролог, Уролог, Хирург, Эндокринолог, Детские врачи, Процедурный кабинет, Терапевт, Медицинские анализы, Физиотерапевт, Массажист;улица Навои, 310;+77273561177 +77712187883 +77774819595;+77712187883;yes;mediker-almaty@mediker.kz;http://alatau-assistance.kz http://www.mediker.kz;instagram:https://instagram.com/alatau_clinic_orbita whatsapp:https://wa.me/77712187883 whatsapp:https://wa.me/77774819595;4.7;754;43.200147;76.886945;9429940000797858_DCxwcy1578G23HA72AIGG0GGpmn3Dz73G6G505A8129A7B69wpqt54639J1A8G7G3JG545G5Adumuv7B884AA41232H343J2HHGJ2G443e5
стоматология;Ar-Clinic, стоматология;Частные стоматологии;улица Алдабергенова, 22;+77273084802 +77078947960 +77078221633;+77078221633;yes;ar-clinic@yandex.kz;;instagram:https://instagram.com/ar_clinic_stomatology whatsapp:https://wa.me/77078221633;4.9;83;43.314407;77.057688;70000001045729076_DCxwcy1578G23H83014GGG0Gpmn3Dz73G6G505A812782C18wpqt54639J1A8G7G3J1J452JAdumuv7B884A1013367H364HHHGJH1I433A3
стоматология;Clinic Dr.Vovk, стоматологическая клиника;Частные стоматологии, Частные детские стоматологии;улица Жамбыла, 155;+77273236137 +77273700077 +77013511146;+77013511146;yes;info@clinicvovk.kz;http://clinicvovk.kz/;instagram:https://instagram.com/clinic_doctor_vovk whatsapp:https://wa.me/77013511146;4.9;170;43.246361;76.913819;70000001046758575_DCxwcy1578G23H83014GGG0Gpmn3Dz73G6G505A812885B68wpqt54639J1A8G7G3J1J452JAdumuv7B884A1013366H365HHHGJH1I43375
стоматология;PoliDent Stom Clinic, стоматология;Частные стоматологии, Медицинская диагностика;улица Каныша Сатпаева, 93;+77471015278;+77471015278;yes;polimed_clinic@mail.ru;;instagram:https://instagram.com/poli.dent.clinic whatsapp:https://wa.me/77471015278;4.9;267;43.234743;76.888415;9429940000795488_DCxwcy1578G23HA72AIGG0GGpmn3Dz73G6G505A8129A5799wpqt54639J1A8G7G3JG545G5Adumuv7B884AA41232H346J2HHGJ2G44378
стоматология;Kristall-Dent, стоматология;Частные стоматологии, Медицинская диагностика;улица Габдуллина, 74;+77052228880;+77052228880;yes;info@kristall-dent.kz;http://kristall-dent.kz;instagram:https://instagram.com/kristalldentalmaty facebook:https://facebook.com/kristalldentalmaty whatsapp:https://wa.me/77052228880;4.9;385;43.22825;76.914006;70000001025644603_DCxwcy1578G23H83014GGG0Gpmn3Dz73G6G505A812774771wpqt54639J1A8G7G3J1J452JAdumuv7B884A1013344H367HHHGJH1I43373
стоматология;ЭМИРМЕД, медицинский центр;Частные стоматологии, Многопрофильные медицинские центры, Детские врачи, Медицинская диагностика, Косметолог, Массажист, Мануальный терапевт, Медицинское лечение зависимостей, Невролог, Терапевт, Уролог, Инфекционист, Гинеколог, Рефлексотерапевт, Дерматолог, Медицинские комиссии, Физиотерапевт, Кардиолог, ЛОР (отоларинголог), Эндокринолог, Хирург, Реабилитационные центры, Процедурный кабинет, Проктолог, Медицинские анализы, Маммолог, Офтальмолог, Психологическая помощь при зависимостях, Диспансеры, Очищение организма, Травматолог-ортопед, Ревматолог, Пульмонолог, Врачебные амбулатории, Трихолог, Патронажные услуги, Травмпункты, Аллерголог-иммунолог, Гастроэнтеролог, Гепатолог, Миколог, Нефролог, Профпатолог, Психолог, Сексолог, Онколог, Флеболог, Центры планирования семьи, Челюстно-лицевой хирург, Психотерапевт, Психиатр, Эпилептолог, Нейрохирург, Сурдолог, Подолог, Остеопат, Пластическая хирургия, Артролог, Вестибулолог, Радиолог, Сомнолог, Микрохирургия глаза, ВУМ гимнастика, Генетик, Андролог, Гематолог;улица Нусупбекова, 26/1;+77089113808 +77070000103 +77273551111;+77070000103;yes;emirmed@mail.ru;http://emirmed.kz/?utm_source=2gis&utm_medium=shapka&utm_campaign=2gis_shapka;instagram:https://instagram.com/emirmed_almaty telegram:https://t.me/emirmed_kazakhstan whatsapp:https://wa.me/77070000103;4.6;7297;43.268197;76.954594;70000001044956649_DCxwcy1578G23H83014GGG0Gpmn3Dz73G6G505A8126A5975wpqt54639J1A8G7G3J1J452JAdumuv7B884A101336AH368HHHGJH1I433i5
стоматология;медицинский центр Аяжан;Частные стоматологии, Многопрофильные медицинские центры, Гинеколог, Терапевт, Медицинские комиссии, Медицинские анализы, Медицинская диагностика, Детские врачи, Дерматолог;улица Есенова, 15/3;+77273977747 +77015077725 +77474387425;+77015077725;yes;otebaeva1973@mail.ru;http://medcenter-ayazhan.kz;whatsapp:https://wa.me/77015077725 whatsapp:https://wa.me/77474387425;4.9;1398;43.267288;76.954103;70000001020185618_DCxwcy1578G23H83014GGG0Gpmn3Dz73G6G505A812228872wpqt54639J1A8G7G3J1J452JAdumuv7B884A1013349H369HHHGJH1I4334g
стоматология;Арт-эс, стоматология;Частные стоматологии;улица Байтурсынова, 78/1;+77019415051;+77019415051;yes;artesclinic2011@gmail.com;http://tiktok.com/@artes_dental_clinic http://art-es.kz/;instagram:https://instagram.com/artes_dental_clinic whatsapp:https://wa.me/77019415051 telegram:https://t.me/+77019415051;5;81;43.24225;76.927943;9429940001091578_DCxwcy1578G23HA72AIGG0GGpmn3Dz73G6G505A8122A1889wpqt54639J1A8G7G3JG545G5Adumuv7B884AA41233H34AJ2HHGJ2G44333
стоматология;Национальный научный центр хирургии им. А.Н. Сызганова;Частные стоматологии, Многопрофильные медицинские центры, Кардиолог, Хирург, Гастроэнтеролог, Детские врачи, Гепатолог, Гинеколог, Пластическая хирургия, Эндокринолог, Нефролог, Терапевт, Уролог, Ангиохирург, Проведение хирургических операций;улица Желтоксан, 51;+77005250930 +77272792240;+77005250930;yes;;http://www.nnch.kz;facebook:https://facebook.com/nnch.kz instagram:https://instagram.com/syzganov_clinic whatsapp:https://wa.me/77005250930;4.9;817;43.264505;76.937947;9429940000973527_DCxwcy1578G23HA72AIGG0GGpmn3Dz73G6G505A812B83838wpqt54639J1A8G7G3JG545G5Adumuv7B884AA41232H353J1HHGJ1G44399
стоматология;Керуен-medicus, медицинский центр;Частные стоматологии, Многопрофильные медицинские центры, Гинеколог, Флеболог, Кардиолог, Медицинская диагностика, Ведение беременности, Уролог, Невролог, Эндокринолог, ЛОР (отоларинголог), Хирург, Маммолог, Офтальмолог, Роды и лечение за рубежом, Дерматолог, Патронажные услуги, Гастроэнтеролог, Генетик, Детские врачи, Инфекционист, Психотерапевт, Терапевт, Травматолог-ортопед, Физиотерапевт, Проведение хирургических операций;Бухар жырау бульвар, 45/1;+77773000003 +77273394000;+77717711559;yes;;http://www.keruen-medicus.kz;instagram:https://instagram.com/keruenmedicus whatsapp:https://wa.me/77717711559 facebook:https://facebook.com/KeruenmedicusAlmaty;4.7;1401;43.231921;76.91398;70000001030367617_DCxwcy1578G23H83014GGG0Gpmn3Dz73G6G505A812246A72wpqt54639J1A8G7G3J0J452JAdumuv7B884A1013358H375HHHGJH0I433e8
стоматология;Детская стоматологическая поликлиника г. Алматы;Частные детские стоматологии;улица Гоголя, 172;+77272206500;+77067207943;yes;;;instagram:https://instagram.com/stomatologiya_na_gogolya instagram:https://instagram.com/stomatologyia_na_gogolya whatsapp:https://wa.me/77067207943 whatsapp:https://wa.me/77477006858;4.8;1211;43.257387;76.911994;9429940000794893_CxwcyAd27B884A329A4BA245A645pmn3DzDG51578G7G3J3HAG435884t5473G65A8128G72AA412GJHGI2Humuvwpq639J1A04H356J1G2GGG1Hf
стоматология;Мaksat Мед, медицинские центры;Частные стоматологии, Рефлексотерапевт, Мануальный терапевт, Медицинские анализы, Многопрофильные медицинские центры, Ведение беременности, Психолог, Детские врачи, Маммолог, Инфекционист, Невролог, Офтальмолог, Терапевт, Эндокринолог, Хирург, Гинеколог, Альтернативная медицина, Дерматолог, Гастроэнтеролог, Массажист, Диетолог, Реабилитационные центры, Занятия ЛФК, Дефектолог, Логопед, ЛОР (отоларинголог), Онколог, Фтизиатр, Уролог, Травматолог-ортопед, Вакцинация, Психотерапевт, Нефролог, Психиатр, Ревматолог, Кардиолог, Эпилептолог, Физиотерапевт, Медицинское оборудование, Медицинская диагностика;микрорайон Нуркент, 55;+77073282151 +77073282600 +77076660028 +77776660018;+77076660028;yes;;http://www.maksat.kz http://jivo.chat/n956HTCk3l http://jivo.chat/djqYIoEibm;facebook:https://facebook.com/profile.php?id=100005134959593 instagram:https://instagram.com/maksat_med whatsapp:https://wa.me/77076660028;4.2;1241;43.254302;76.821681;70000001070283482_DCxwcy1578G23H83014GGG0Gpmn3Dz73G6G505A812238659wpqt54639J1A8G7G3J0J452JAdumuv7B884A1013393H377HHHGJH0I4337B
стоматология;NurMed, медицинский центр;Частные стоматологии, Терапевт, Гинеколог, Детские врачи, Медицинская диагностика, Медицинские анализы, Многопрофильные медицинские центры, Кардиолог, Гастроэнтеролог, Уролог, Невролог, Офтальмолог, Хирург, Андролог, Медицинское оборудование, Травматолог-ортопед, ЛОР (отоларинголог), Маммолог, Эндокринолог, Дерматолог;Северное Кольцо шоссе, 151;+77476134611 +77000373747;+77476134611;yes;;http://tiktok.com/@nurmedclinic?_r=1&_t=ZS-94DJdIYoWfK;instagram:https://instagram.com/nur_med.kz whatsapp:https://wa.me/77476134611;4.8;793;43.351248;76.931783;70000001043763329_DCxwcy1578G23H83014GGG0Gpmn3Dz73G6G505A812586643wpqt54639J1A8G7G3J0J452JAdumuv7B884A101336AH378HHHGJH0I43333
стоматология;A CLINIC, многопрофильный медицинский центр;Частные стоматологии, Многопрофильные медицинские центры, Вакцинация, Инфекционист, Профпатолог, Дерматолог, Хирург, Травматолог-ортопед, Медицинские комиссии, Медицинские анализы, Терапевт, Детские врачи, Невролог, Кардиолог, Маммолог, ЛОР (отоларинголог), Гинеколог, Медицинская диагностика, Офтальмолог, Гастроэнтеролог, Эндокринолог, Ведение беременности, Патронажные услуги, Процедурный кабинет, Психотерапевт, Пульмонолог, Реабилитационные центры, Эпилептолог;улица Жарокова, 275а;+77273645707;+77077147116;yes;info@aclinicalmaty.kz;http://www.aclinicalmaty.kz/;instagram:https://instagram.com/aclinicalmaty whatsapp:https://wa.me/77077147116 whatsapp:https://wa.me/77072402525;4.6;1148;43.213366;76.902605;70000001029224891_DCxwcy1578G23H83014GGG0Gpmn3Dz73G6G505A812B3279Awpqt54639J1A8G7G3J0J452JAdumuv7B884A1013342H37BHHHGJH0I433gd
стоматология;Medline, медицинский центр;Частные стоматологии, Многопрофильные медицинские центры, Гинеколог, Детские врачи, Кардиолог, Эндокринолог, Уролог, Терапевт, Дерматолог, Невролог, Хирург, Медицинские анализы, Медицинская диагностика, Офтальмолог, ЛОР (отоларинголог), Маммолог, Гастроэнтеролог, Нейрохирург, Ангиохирург, Психолог, Ведение беременности, Процедурный кабинет, Центры планирования семьи, Мануальный терапевт, Патронажные услуги, Физиотерапевт, Нефролог;микрорайон Аксай-3а, 81;+77273816933 +77273816934 +77273567133 +77273567134;+77273816933;;;http://dostarmed.kz/?utm_source=2gis&utm_medium=ref&utm_campaign=contact;;4.5;686;43.237405;76.825601;9429940000906137_dCEvhp1578G23HA72AIGG0GGjck4cu73G6G505A813B16448wpqt54641J1A0G7G4JG545G5r9yyuv7B884AA41232H413J1HHGJ1G443dh
стоматология;Центральная семейная поликлиника г. Алматы;Частные стоматологии, Соляные комнаты, Ревматолог, Хирург, Гинеколог, ЛОР (отоларинголог), Детские врачи, Медицинское лечение зависимостей, Медицинская диагностика, Гастроэнтеролог, Медицинские анализы, Медицинские комиссии, Кардиолог, Процедурный кабинет, Косметолог, Психолог, Многопрофильные медицинские центры, Ангиохирург;улица Толе би, 249-249а;+77273645262 +77475645262 +77005645262 +77007100403 +77007100402;+77475645262;yes;;http://medfamily.kz;instagram:https://instagram.com/familyclinic_almaty whatsapp:https://wa.me/77475645262 whatsapp:https://wa.me/77005645262 whatsapp:https://wa.me/77007100403;4.7;1078;43.250354;76.875313;70000001034424996_dCEvhp1578G23H83014GGG0Gjck4cu73G6G505A8136527AAwpqt54641J1A0G7G4J0J452Jr9yyuv7B884A1013357H434HHHGJH0I433Cg
стоматология;Карудо, медицинский центр;Частные детские стоматологии, Многопрофильные медицинские центры, Детские врачи, Аллерголог-иммунолог, Невролог, Гастроэнтеролог, Эндокринолог, Логопед, ЛОР (отоларинголог), Офтальмолог, Медицинские анализы, Медицинская диагностика, Массажист, Травматолог-ортопед, Кардиолог, Психолог;улица Сагадат Нурмагамбетов, 1/50;+77027776462 +77017803366 +77011105655;+77017803366;yes;;;instagram:https://instagram.com/karudostom instagram:https://instagram.com/karudokz whatsapp:https://wa.me/77017803366;4.9;434;43.256229;76.981475;70000001083626131_CEvhpr927B884A3A57292H444973jck4cudG51578G7G4J3H80J342B7t5473G65A8130G3011013GJHGII1yyuvwpq641J1A042H435H2G2GGH14g
стоматология;ЭМИРМЕД, медицинский центр;Частные стоматологии, Многопрофильные медицинские центры, Детские врачи, Медицинская диагностика, Массажист, Медицинское лечение зависимостей, Невролог, Терапевт, Уролог, Инфекционист, Гинеколог, Рефлексотерапевт, Дерматолог, Медицинские комиссии, Физиотерапевт, Кардиолог, ЛОР (отоларинголог), Эндокринолог, Хирург, Реабилитационные центры, Процедурный кабинет, Проктолог, Медицинские анализы, Маммолог, Офтальмолог, Психологическая помощь при зависимостях, Диспансеры, Очищение организма, Травматолог-ортопед, Ревматолог, Пульмонолог, Врачебные амбулатории, Трихолог, Патронажные услуги, Травмпункты, Аллерголог-иммунолог, Гастроэнтеролог, Гепатолог, Миколог, Нефролог, Профпатолог, Психолог, Сексолог, Онколог, Флеболог, Центры планирования семьи, Челюстно-лицевой хирург, Психотерапевт, Психиатр, Эпилептолог, Нейрохирург, Сурдолог, Подолог, Пластическая хирургия, Артролог, Вестибулолог, Радиолог, Сомнолог, Микрохирургия глаза, ВУМ гимнастика, Генетик, Андролог, Гематолог;микрорайон Айнабулак-2, 84Б;+77070000103;+77070000103;yes;emirmed@mail.ru;http://emirmed.kz/?utm_source=2gis&utm_medium=shapka&utm_campaign=2gis_shapka;instagram:https://instagram.com/emirmed_almaty telegram:https://t.me/emirmed_kazakhstan whatsapp:https://wa.me/77070000103;4.8;66;43.318271;76.916825;70000001115653159_dCEvhp1578G23H83014GGG0Gjck4cu73G6G505A813775626wpqt54641J1A0G7G4J1J452Jr9yyuv7B884A101343AH436HHHGJH1I4338i
стоматология;Керуен-Medicus, многопрофильный медицинский центр;Частные стоматологии, Многопрофильные медицинские центры, Гинеколог, Кардиолог, Ведение беременности, Уролог, Невролог, Эндокринолог, ЛОР (отоларинголог), Хирург, Маммолог, Процедурный кабинет, Медицинские анализы, Офтальмолог, Онколог, Центры планирования семьи, Медицинская диагностика, Гастроэнтеролог, Флеболог, Проктолог, Пульмонолог, Медицинские комиссии, Терапевт, Пластическая хирургия, Психолог, Детские врачи, Травматолог-ортопед, Сексолог, Психотерапевт, Физиотерапевт, Нефролог, Вакцинация, Фтизиатр, Фониатр, Профпатолог;улица Ади Шарипова, 62;+77273123955 +77780171733 +77770006262;+77770006262;yes;;http://medicus-sharipova.kz/;instagram:https://instagram.com/keruenmedicus_sharipova whatsapp:https://wa.me/77770006262;4.2;1293;43.252078;76.922661;9429940000796800_dCEvhp1578G23HA72AIGG0GGjck4cu73G6G505A8139A6B11wpqt54641J1A0G7G4JG545G5r9yyuv7B884AA41232H417J1HHGJ1G443f7
стоматология;Аймед, медицинский центр;Частные стоматологии, Многопрофильные медицинские центры, Гинеколог, Уролог, Эндокринолог, Дерматолог, Детские врачи, Терапевт, Медицинская диагностика, Хирург, Занятия ЛФК, Массажист, Физиотерапевт, Реабилитационные центры;улица Жансугурова, 2и;+77273879217 +77756408347 +77275221880;+77273879217;;;http://aimed.com.kz;instagram:https://instagram.com/medcentr_aimed;4.8;399;43.425684;77.0251;9429940000823954_dCEvhp1578G23HA72AIGG0GGjck4cu73G6G505A813A33C65wpqt54641J1A0G7G4JG545G5r9yyuv7B884AA41232H419J1HHGJ1G443b5
стоматология;Даулет-Центр, медицинский центр;Частные детские стоматологии, Многопрофильные медицинские центры, Гинеколог, Частные стоматологии, Кардиолог, Ведение беременности, ЛОР (отоларинголог), Патронажные услуги, Хирург, Гирудотерапевт, Медицинская диагностика, Соляные комнаты, Уролог, Терапевт, Эндокринолог, Невролог, Медицинские анализы;улица Бостанова, 1е;+77273878547 +77273876668;+77273878547;;;http://daulet-centre.kz;;4.6;335;43.35019;76.861745;9429940001001558_CEvhpr927B884A3321186245A64bjck4cudG51578G7G4J3HAG435884t5473G65A8130G72AA412GJHGI2Hyyuvwpq641J1A09H41AJ1G2GGG1HA
стоматология;SB Dental Clinic;Частные стоматологии, Челюстно-лицевой хирург;улица Навои, 7;+77019077744 +77010367744;+77010367744;yes;;;instagram:https://instagram.com/sbdental.kz whatsapp:https://wa.me/77010367744 whatsapp:https://wa.me/77019077744;4.7;2271;43.21858;76.880007;70000001061846708_dCEvhp1578G23H83014GGG0Gjck4cu73G6G505A813394981wpqt54641J1A0G7G4J0J452Jr9yyuv7B884A1013389H43BHHHGJH0I433C3
стоматология;Medical Assistance Group, стоматологический центр;Частные стоматологии;улица Жамбыла, 97/57;+77272596026 +77017130283 +77272596012;+77017130283;yes;;http://www.stom-assistance.kz;instagram:https://instagram.com/stomatology_mag facebook:https://facebook.com/groups/stomatologymag whatsapp:https://wa.me/77017130283;4.9;360;43.247434;76.931656;70000001018851461_dCEvhp1578G23H83014GGG0Gjck4cu73G6G505A813A95457wpqt54641J1A0G7G4J0J452Jr9yyuv7B884A1013332H443HHHGJH0I4338f
стоматология;Almaty clinic, медицинский центр;Частные стоматологии, Взрослые поликлиники, Медицинские анализы, Терапевт, Гинеколог, Кардиолог, ЛОР (отоларинголог), Эндокринолог, Хирург, Травматолог-ортопед, Невролог, Уролог, Ревматолог, Медицинская диагностика, Процедурный кабинет, Массажист;улица Габдуллина, 1;+77012121622;+77714005924;yes;;;instagram:https://instagram.com/almaty_clinic whatsapp:https://wa.me/77714005924;4.4;845;43.236552;76.935064;70000001065453587_dCEvhp1578G23H83014GGG0Gjck4cu73G6G505A813755669wpqt54641J1A0G7G4J0J452Jr9yyuv7B884A1013388H444HHHGJH0I433i8
стоматология;Тау Сункар, медицинские центры;Частные стоматологии, Многопрофильные медицинские центры, Медицинская диагностика, Медицинские анализы, Гинеколог, Детские врачи, Хирург, ЛОР (отоларинголог), Кардиолог, Невролог, Травматолог-ортопед, Ведение беременности, Гастроэнтеролог, Онколог;улица Розыбакиева, 33а;+77273943307 +77273943310 +77273943311;+77273943307;;;;instagram:https://instagram.com/tausunkar;4.8;329;43.241778;76.88893;9429940000966997_dCEvhp1578G23HA72AIGG0GGjck4cu73G6G505A813B76CA8wpqt54641J1A0G7G4JG545G5r9yyuv7B884AA41232H425J1HHGJ1G44314
стоматология;Тау Сункар, медицинские центры;Частные стоматологии, Многопрофильные медицинские центры, Медицинская диагностика, Гинеколог, Детские врачи, Медицинские анализы, Кардиолог, Травматолог-ортопед, Офтальмолог, ЛОР (отоларинголог), Уролог, Гастроэнтеролог, Хирург, Проктолог, Ангиохирург, Эндокринолог, Дерматолог, Аптеки;микрорайон Айнабулак-1, 1а;+77072949110 +77272949022 +77272949110 +77272949219 +77055471836;+77072949110;yes;;;instagram:https://instagram.com/tausunkar whatsapp:https://wa.me/77072949110 whatsapp:https://wa.me/77055471836;4.8;615;43.321415;76.913461;9429940000838279_dCEvhp1578G23HA72AIGG0GGjck4cu73G6G505A813A4858Awpqt54641J1A0G7G4JG545G5r9yyuv7B884AA41232H426J1HHGJ1G4433h
стоматология;Kids Smile, детская стоматология;Частные стоматологии;улица Курмангазы, 102/69;+77273470047 +77003470047;+77003470010;yes;;http://kidssmile.kz;facebook:https://facebook.com/kidssmilealmaty instagram:https://instagram.com/kidssmile_kz whatsapp:https://wa.me/77003470010;5;237;43.243216;76.928345;70000001043745629_dCEvhp1578G23H83014GGG0Gjck4cu73G6G505A813584873wpqt54641J1A0G7G4J0J452Jr9yyuv7B884A101336AH447HHHGJH0I4336i
стоматология;Тау Сункар, медицинские центры;Частные стоматологии, Многопрофильные медицинские центры, Медицинская диагностика, Медицинские анализы, Гинеколог, Детские врачи, Кардиолог, Невролог, Травматолог-ортопед, Офтальмолог, ЛОР (отоларинголог), Хирург, Ведение беременности, Массажист;микрорайон Мамыр-2, 18-19;+77272555999 +77272788717 +77272556660 +77072788717;+77272555999;;;;instagram:https://instagram.com/tausunkar;4.8;505;43.211874;76.851261;9429940000801002_dCEvhp1578G23HA72AIGG0GGjck4cu73G6G505A813A11313wpqt54641J1A0G7G4JG545G5r9yyuv7B884AA41232H428J1HHGJ1G44384
стоматология;Саялы, стоматология;Частные стоматологии;микрорайон Саялы, 44;+77089697234;+77089697234;yes;;;whatsapp:https://wa.me/77089697234;4.9;98;43.307129;76.839092;70000001053662361_dCEvhp1578G23H83014GGG0Gjck4cu73G6G505A813576547wpqt54641J1A0G7G4J0J452Jr9yyuv7B884A1013372H44AHHHGJH0I4338g
стоматология;Promedical, медицинский центр;Частные стоматологии, Многопрофильные медицинские центры, Медицинские анализы, Медицинские комиссии, Ведение беременности, Детские врачи, Эндокринолог, Дерматолог, Гинеколог, Терапевт, Медицинская диагностика, Травматолог-ортопед, Кардиолог, Невролог, Пульмонолог, Ревматолог, Уролог, Хирург, Рефлексотерапевт, ЛОР (отоларинголог), Инфекционист, Гастроэнтеролог;улица Момышулы, 45а;+77717659535 +77018808535 +77717372021;+77717659535;yes;;http://promedical2021.kz;instagram:https://instagram.com/promedical.kz whatsapp:https://wa.me/77717659535;4.3;1176;43.298826;77.040208;70000001052581634_dCEvhp1578G23H83014GGG0Gjck4cu73G6G505A813468474wpqt54641J1A0G7G4J0J452Jr9yyuv7B884A1013375H44BHHHGJH0I433fh
стоматология;Med city, медицинский центр;Частные стоматологии, Многопрофильные медицинские центры, Детские врачи, Гинеколог, Процедурный кабинет, Кардиолог, Офтальмолог, Хирург, ЛОР (отоларинголог), Терапевт, Уролог, Эндокринолог, Медицинская диагностика, Невролог, Травматолог-ортопед, Проктолог, Пульмонолог, Гастроэнтеролог, Аллерголог-иммунолог;улица Жунисова, 14/7;+77718559179 +77710709722 +77770944561;+77718559179;;;;instagram:https://instagram.com/medcity_almaty;3.7;976;43.223062;76.785249;70000001062818307_dCEvhp1578G23H83014GGG0Gjck4cu73G6G505A813491B41wpqt54641J1A0G7G4J0J452Jr9yyuv7B884A1013388H44CHHHGJH0I433gC
стоматология;32 карата, стоматология;Частные стоматологии;улица Ауэзова, 37;+77020595810;+77020595810;yes;;http://32karata.kz;instagram:https://instagram.com/32karata.kz whatsapp:https://wa.me/77020595810;4.9;904;43.247138;76.902511;70000001019044974_dCEvhp1578G23H83014GGG0Gjck4cu73G6G505A813B147A8wpqt54641J1A0G7G4J0J452Jr9yyuv7B884A1013335H453HHHGJH0I433C3
стоматология;Вектор Вита, медицинский центр;Частные стоматологии, Многопрофильные медицинские центры, Гинеколог, Медицинская диагностика, Кардиолог, Уролог, Медицинские анализы, Дерматолог, Эндокринолог, Травматолог-ортопед, Детские врачи, Невролог, Косметолог, Нефролог, Процедурный кабинет, Терапевт, Психиатр, Маммолог;Кашгарская улица, 69/102;+77015772880;+77015772880;yes;;http://klinika-vek.kz;instagram:https://instagram.com/vector_vita.kz whatsapp:https://wa.me/77015772880;4.9;277;43.24285;76.928634;9429940001321494_dCEvhp1578G23HA72AIGG0GGjck4cu73G6G505A8135317A5wpqt54641J1A0G7G4JG545G5r9yyuv7B884AA41233H435J1HHGJ1G4434d
стоматология;АдкМед, медицинский центр;Частные стоматологии, Многопрофильные медицинские центры, Медицинская диагностика, Медицинские анализы, Гинеколог, Уролог, Хирург, Физиотерапевт, Детские врачи, Терапевт, Медицинское лечение зависимостей, Невролог, Дерматолог, Логопед, Эндокринолог, Кардиолог, Эпилептолог;улица Туркебаева, 257е;+77273118383 +77757319464 +77775144700 +77479203839;+77757319464;yes;;http://adkmed.kz;whatsapp:https://wa.me/77757319464 whatsapp:https://wa.me/77775144700 whatsapp:https://wa.me/77479203839;4.9;143;43.232447;76.881983;9429940000788468_dCEvhp1578G23HA72AIGG0GGjck4cu73G6G505A813998779wpqt54641J1A0G7G4JG545G5r9yyuv7B884AA41232H436J1HHGJ1G4439C
стоматология;AppleStom, стоматологическая клиника;Частные детские стоматологии, Частные стоматологии;Талгата Мусабаева улица, 15а;+77075027773 +77079266356;+77079266356;yes;;http://www.applestom.kz http://implantclinic.kz;whatsapp:https://wa.me/77079266356 instagram:https://instagram.com/applestomkz whatsapp:https://wa.me/77075027773;5;407;43.195283;76.867641;70000001026044311_CEvhpr927B884A3481474H444973jck4cudG51578G7G4J3H80J342B7t5473G65A8130G3011013GJHGII1yyuvwpq641J1A022H457H2G2GGH1bA
стоматология;Ortho & Implant Center by Dautovy;Частные стоматологии;улица Ади Шарипова, 34а;+77011880101;+77011880101;yes;;http://www.orthoimplant.kz;instagram:https://instagram.com/orthoimplant.kz whatsapp:https://wa.me/77011880101;5;395;43.255255;76.922267;70000001064485609_dCEvhp1578G23H83014GGG0Gjck4cu73G6G505A813658871wpqt54641J1A0G7G4J0J452Jr9yyuv7B884A101338AH458HHHGJH0I433de
стоматология;Interteach, клиника;Частные стоматологии, Многопрофильные медицинские центры, Гинеколог, Эндокринолог, Хирург, Терапевт, Детские врачи, Невролог, Офтальмолог, Ведение беременности, Медицинские анализы, Уролог, Процедурный кабинет;6-й микрорайон, 16;+77273200200 +77273200207 +77717181002;+77273200200;;;http://almaty.interteach.kz;facebook:https://facebook.com/interteach.kz instagram:https://instagram.com/interteach.almaty;4.7;382;43.218913;76.853064;70000001030029415_dCEvhp1578G23H83014GGG0Gjck4cu73G6G505A813212C52wpqt54641J1A0G7G4J0J452Jr9yyuv7B884A1013356H459HHHGJH0I43349
стоматология;Брант и Каскелен, медицинский центр;Частные стоматологии, Многопрофильные медицинские центры, Терапевт, Медицинская диагностика, Медицинские анализы, Гастроэнтеролог, Детские врачи, Невролог, Офтальмолог, Физиотерапевт, Гинеколог, Оптика, Процедурный кабинет, Кардиолог, Косметолог, Пульмонолог, Массажист, Хирург;Барибаева улица, 67а;+77277122205 +77081496762;+77081496762;yes;;;instagram:https://instagram.com/brant.kaskelen whatsapp:https://wa.me/77081496762;4.8;130;43.201925;76.627795;70000001044531927_dCEvhp1578G23H83014GGG0Gjck4cu73G6G505A8136634A3wpqt54641J1A0G7G4J0J452Jr9yyuv7B884A1013368H45AHHHGJH0I43368
стоматология;SB Dental Clinic, стоматология;Частные стоматологии, Челюстно-лицевой хирург;проспект Сейфуллина, 185;+77052299097 +77020598799 +77019076644;+77052299097;;;http://sbdental.kz;instagram:https://instagram.com/sbdental.kz;4.7;2093;43.304517;76.939446;70000001037561249_dCEvhp1578G23H83014GGG0Gjck4cu73G6G505A813966435wpqt54641J1A0G7G4J0J452Jr9yyuv7B884A101335AH45BHHHGJH0I43374
стоматология;OneDent, стоматологическая клиника;Частные стоматологии;улица Розыбакиева, 237;+77020003671;+77020003671;yes;;;instagram:https://instagram.com/onedent.almaty whatsapp:https://wa.me/77020003671;4.9;347;43.205511;76.893763;70000001085349018_dCEvhp1578G23H83014GGG0Gjck4cu73G6G505A813744C12wpqt54641J1A0G7G4J0J452Jr9yyuv7B884A10133A9H463HHHGJH0I433B4
стоматология;Eurodent, стоматологическая клиника;Частные стоматологии, Частные детские стоматологии;проспект Жибек Жолы, 103;+77272796060 +77072796060;+77072796060;yes;eurodent-arbat@yandex.ru;http://eurodent.kz;instagram:https://instagram.com/eurodent.zhandosova instagram:https://instagram.com/arbatdent whatsapp:https://wa.me/77072796060;4.9;867;43.261835;76.939768;70000001036846238_dCEvhp1578G23H83014GGG0Gjck4cu73G6G505A813894934wpqt54641J1A0G7G4J1J452Jr9yyuv7B884A1013359H464HHHGJH1I433ih
стоматология;Лаборатория улыбок, центр эстетической стоматологии;Частные стоматологии;улица Каныша Сатпаева, 82/2;+77777774447;+77777774447;yes;;;instagram:https://instagram.com/labsmile.kz whatsapp:https://wa.me/77777774447;5;845;43.233102;76.885168;70000001043588387_dCEvhp1578G23H83014GGG0Gjck4cu73G6G505A813568B49wpqt54641J1A0G7G4J0J452Jr9yyuv7B884A1013368H465HHHGJH0I433Ag
стоматология;Credo med clinic, медицинский центр;Частные стоматологии, Медицинская диагностика, Медицинские анализы, Гинеколог, Многопрофильные медицинские центры, Уролог, Проктолог, Флеболог, Гастроэнтеролог, Эндокринолог, Невролог, Кардиолог, Дерматолог, Онколог, Офтальмолог, Ревматолог, Терапевт, Хирург, Маммолог, Массажист, Физиотерапевт, Ангиохирург, Пластическая хирургия;улица Маркова, 71;+77473505050 +77272647070;+77473505050;yes;info@cim.kz;http://cmclinic.kz;facebook:https://facebook.com/Cimkz instagram:https://instagram.com/credomed.almaty whatsapp:https://wa.me/77473505050;4.9;178;43.225246;76.936394;9429940000802010_dCEvhp1578G23HA72AIGG0GGjck4cu73G6G505A813A12321wpqt54641J1A0G7G4JG545G5r9yyuv7B884AA41232H446J1HHGJ1G4437h
стоматология;Diol-Stom, стоматологическая клиника;Частные стоматологии;улица Тимирязева, 87;+77770337068 +77273518230;+77770337068;yes;;;instagram:https://instagram.com/diol.stom whatsapp:https://wa.me/77770337068;5;385;43.225742;76.901623;9429940000795008_dCEvhp1578G23HA72AIGG0GGjck4cu73G6G505A8139A5319wpqt54641J1A0G7G4JG545G5r9yyuv7B884AA41232H447J1HHGJ1G44343
стоматология;Dental Clinic, частная стоматология;Частные стоматологии;11-й микрорайон, 7;+77006869091;+77006869091;yes;;;whatsapp:https://wa.me/77006869091;4.8;22;43.22387;76.872419;70000001099354096_dCEvhp1578G23H83014GGG0Gjck4cu73G6G505A813B4571Awpqt54641J1A0G7G4J0J452Jr9yyuv7B884A10133B7H468HHHGJH0I43376
стоматология;OrthoDent Clinic, стоматологическая клиника;Частные стоматологии;улица Желтоксан, 155;+77759610042 +77011391672;+77759610042;yes;;http://ortodont.kz;facebook:https://facebook.com/ortodontkz instagram:https://instagram.com/orthodent.clinic whatsapp:https://wa.me/77759610042 whatsapp:https://wa.me/77011391672;4.9;133;43.245221;76.94068;70000001029251611_dCEvhp1578G23H83014GGG0Gjck4cu73G6G505A813B35472wpqt54641J1A0G7G4J0J452Jr9yyuv7B884A1013342H469HHHGJH0I43354
стоматология;MedLine Сервис, медицинский центр;Частные стоматологии, Многопрофильные медицинские центры, Медицинская диагностика, Медицинские анализы, Гинеколог, ЛОР (отоларинголог), Аллерголог-иммунолог, Дерматолог, Кардиолог, Гастроэнтеролог, Невролог, Эндокринолог, Терапевт, Косметолог;проспект Назарбаева, 135;+77272726793 +77272726778 +77472726793;+77472726793;yes;;http://www.med-line.kz;whatsapp:https://wa.me/77472726793;4.8;189;43.251254;76.94685;9429940000788680_dCEvhp1578G23HA72AIGG0GGjck4cu73G6G505A813998991wpqt54641J1A0G7G4JG545G5r9yyuv7B884AA41232H44AJ1HHGJ1G44387
стоматология;Apostol Dental Clinic, стоматология;Частные детские стоматологии, Частные стоматологии;улица Навои, 208/1;+77074772888;+77074772888;yes;;http://apostoldent.kz;instagram:https://instagram.com/apostol.dental.almaty whatsapp:https://wa.me/77074772888;5;306;43.20762;76.885617;70000001060767144_CEvhpr927B884A38286A2H444973jck4cudG51578G7G4J3H80J342B7t5473G65A8130G3011013GJHGII1yyuvwpq641J1A055H46BH2G2GGH146
стоматология;Benefakta, ​стоматологическая клиника;Частные стоматологии;улица Каныша Сатпаева, 11;+77081811119;+77081811119;yes;;http://www.benefaktadental.kz/;instagram:https://instagram.com/benefaktadental.kz whatsapp:https://wa.me/77081811119;4.8;1040;43.237747;76.932155;70000001035126793_dCEvhp1578G23H83014GGG0Gjck4cu73G6G505A81372298Awpqt54641J1A0G7G4J0J452Jr9yyuv7B884A1013354H46CHHHGJH0I4337e
стоматология;Альба-Дент, стоматология;Частные стоматологии;улица Василий Клочков, 89;+77070690402;+77070690402;yes;;;instagram:https://instagram.com/alba_dent_clinic whatsapp:https://wa.me/77070690402;4.9;306;43.240292;76.901256;70000001069008912_dCEvhp1578G23H83014GGG0Gjck4cu73G6G505A813B10BA2wpqt54641J1A0G7G4J0J452Jr9yyuv7B884A1013383H473HHHGJH0I43334
стоматология;Miras Medical, многопрофильный медицинский центр;Частные стоматологии, Многопрофильные медицинские центры, Эндокринолог, Медицинская диагностика, Медицинские анализы, Дерматолог, Гастроэнтеролог, Детские врачи, Терапевт, Аллерголог-иммунолог, Невролог, ЛОР (отоларинголог), Маммолог, Гепатолог, Мануальный терапевт, Уролог, Андролог, Процедурный кабинет, Гинеколог;2-й микрорайон, 13а;+77272774199 +77474351247;+77474351247;yes;;;whatsapp:https://wa.me/77474351247;5;379;43.234336;76.857681;9429940000795743_dCEvhp1578G23HA72AIGG0GGjck4cu73G6G505A8139A5A54wpqt54641J1A0G7G4JG545G5r9yyuv7B884AA41232H454J1HHGJ1G443d8
стоматология;AN Dental Clinic, стоматология;Частные стоматологии;проспект Гагарина, 132;+77027408888;+77027408888;yes;;;instagram:https://instagram.com/an_dentalclinic whatsapp:https://wa.me/77027408888;4.9;287;43.23597;76.895596;70000001082550384_dCEvhp1578G23H83014GGG0Gjck4cu73G6G505A813465349wpqt54641J1A0G7G4J0J452Jr9yyuv7B884A10133A5H475HHHGJH0I433gd
стоматология;Ruaz-Dent, стоматологическая клиника;Частные стоматологии;Муканова улица, 168;+77273783669 +77088883501 +77712519516;+77712519516;yes;;http://ruazdent.kz;facebook:https://facebook.com/ruaz.dent.almaty instagram:https://instagram.com/ruaz.dent whatsapp:https://wa.me/77712519516 whatsapp:https://wa.me/77088883501;4.9;224;43.249856;76.915467;9429940001173802_dCEvhp1578G23HA72AIGG0GGjck4cu73G6G505A813383B13wpqt54641J1A0G7G4JG545G5r9yyuv7B884AA41233H456J1HHGJ1G4435A
стоматология;Royal Clinic, стоматологическая клиника;Частные стоматологии;проспект Сейфуллина, 574;+77476872844;+77476872844;yes;;http://royalclinic.kz/;whatsapp:https://wa.me/77476872844;4.7;717;43.229351;76.938504;70000001107625605_dCEvhp1578G23H83014GGG0Gjck4cu73G6G505A813972871wpqt54641J1A0G7G4J0J452Jr9yyuv7B884A1013426H477HHHGJH0I43375
стоматология;AB Dental Clinic, стоматологическая клиника;Частные стоматологии;улица Шевченко, 112;+77088088877 +77272204777;+77088088877;yes;;http://tiktok.com/@ab.dental.clinic?_r=1&_t=ZS-93HPQHLRs3e;instagram:https://instagram.com/ab.dental.clinic facebook:https://facebook.com/abdentalclinicalmaty01 instagram:https://instagram.com/abdental.clinic whatsapp:https://wa.me/77088088877;4.9;158;43.244961;76.927909;70000001028624589_dCEvhp1578G23H83014GGG0Gjck4cu73G6G505A813A72769wpqt54641J1A0G7G4J0J452Jr9yyuv7B884A101334AH478HHHGJH0I43378
стоматология;Dr. Appazov clinic, многопрофильный медицинский центр;Частные детские стоматологии, ЛОР (отоларинголог), Многопрофильные медицинские центры, Частные стоматологии, Детские врачи, Медицинские анализы, Хирург, Медицинская диагностика, Флеболог, Процедурный кабинет, Дерматолог, Косметолог, Массажист, Терапевт, Уролог;улица Хмельницкого, 41а;+77472409070 +77472401090;+77472409070;yes;;;instagram:https://instagram.com/dr.appazov.clinic whatsapp:https://wa.me/77472409070 whatsapp:https://wa.me/77472401090;4.8;283;43.32144;76.96912;70000001090271315_CEvhpr927B884A3B23744H444973jck4cudG51578G7G4J3H80J342B7t5473G65A8130G3011013GJHGII1yyuvwpq641J1A026H479H2G2GGH1e9
стоматология;Dara Dent, медицинский центр;Частные стоматологии, Терапевт, Кардиолог, Медицинская диагностика;Алматинская улица, 86а;+77753235120;+77753235120;yes;;;instagram:https://instagram.com/medcentr_daradent whatsapp:https://wa.me/77753235120;4.8;129;43.406064;76.913249;70000001043573800_dCEvhp1578G23H83014GGG0Gjck4cu73G6G505A813567691wpqt54641J1A0G7G4J0J452Jr9yyuv7B884A1013361H47AHHHGJH0I4339f
стоматология;SLR-kz dent, стоматология;Частные стоматологии;Шаляпина улица, 31а;+77088034343 +77057274701;+77088034343;yes;;http://www.tiktok.com/@slr_dent_kz;instagram:https://instagram.com/slr_dent_kz whatsapp:https://wa.me/77088034343 whatsapp:https://wa.me/77057274701;4.8;460;43.224293;76.872051;70000001066662219_dCEvhp1578G23H83014GGG0Gjck4cu73G6G505A813876532wpqt54641J1A0G7G4J0J452Jr9yyuv7B884A101338AH47BHHHGJH0I4337d
стоматология;Samal dental, частная стоматология;Частные стоматологии;улица Ауэзова, 64/1;+77052902020;+77052902020;yes;;;instagram:https://instagram.com/samal_dental whatsapp:https://wa.me/77052902020;4.8;1018;43.243157;76.903917;70000001103021611_dCEvhp1578G23H83014GGG0Gjck4cu73G6G505A813512472wpqt54641J1A0G7G4J0J452Jr9yyuv7B884A1013422H47CHHHGJH0I4338i
стоматология;Aidimed, медицинский центр;Частные стоматологии, Процедурный кабинет, Гинеколог, Уролог, Кардиолог, Эндокринолог, Терапевт, Медицинские анализы, Медицинские комиссии, Медицинская диагностика, Многопрофильные медицинские центры;4-й микрорайон, 56/1;+77018380867 +77471119713 +77471119719;+77018380867;yes;;;instagram:https://instagram.com/aidimed.kapchagay whatsapp:https://wa.me/77018380867;4.6;70;43.852169;77.051855;70000001048883592_r7rsim1578G23H83014GGG0Gus93pp73G6G505A813A9866Awpqt54643J1A2G7G5J0J452J2n46uv7B884A1013363H533HHHGJH0I43395
стоматология;Ala Clinic, стоматологическая клиника;Частные детские стоматологии, Частные стоматологии;улица Егизбаева, 5 к4;+77080919141;+77080919141;yes;;http://alaclinic.kz;instagram:https://instagram.com/alaclinic.kz whatsapp:https://wa.me/77080919141;5;303;43.232434;76.884088;70000001067535421_7rsim2n27B884A3896385H444973us93pprG51578G7G5J3H80J342B7t5473G65A8132G3011013GJHGII146uvwpq643J1A032H534H2G2GGH16b
стоматология;Innovo Dental Clinic, стоматология;Частные стоматологии;проспект Аль-Фараби, 41/3;+77016190339 +77476092949;+77476092949;yes;office@innovodent.kz;http://innovodent.kz/;instagram:https://instagram.com/innovodent.kz facebook:https://facebook.com/Innovo-Dental-Clinic-106487671827529 whatsapp:https://wa.me/77476092949;5;1942;43.226573;76.939287;70000001057240980_r7rsim1578G23H83014GGG0Gus93pp73G6G505A8139343A9wpqt54643J1A2G7G5J0J452J2n46uv7B884A1013371H535HHHGJH0I43374
стоматология;Olzha dent, стоматологическая клиника;Частные стоматологии;улица Байтурсынова, 9;+77272331348 +77074005674;+77074005674;yes;;;instagram:https://instagram.com/olzhadent.kzz whatsapp:https://wa.me/77074005674;4.9;131;43.259412;76.924587;9429940001545030_r7rsim1578G23HA72AIGG0GGus93pp73G6G505A813755341wpqt54643J1A2G7G5JG545G52n46uv7B884AA41233H516J1HHGJ1G4438A
стоматология;Sky Stom, стоматология;Частные стоматологии;улица Навои, 30 блок 9;+77712933888;+77712933888;yes;skystom.2021@gmail.com;;instagram:https://instagram.com/sky.stom whatsapp:https://wa.me/77712933888;4.9;35;43.217517;76.881474;70000001114902337_r7rsim1578G23H83014GGG0Gus93pp73G6G505A8136A0544wpqt54643J1A2G7G5J1J452J2n46uv7B884A1013438H538HHHGJH1I433A6
стоматология;HalykMed, многопрофильный медицинский центр;Частные стоматологии, Многопрофильные медицинские центры, Терапевт, Кардиолог, Эндокринолог, Невролог, Процедурный кабинет, Гинеколог, Медицинская диагностика, Детские врачи, Психолог, Хирург, Травматолог-ортопед, Гастроэнтеролог, Инфекционист, Медицинские комиссии, Онколог, Маммолог, Профпатолог, Физиотерапевт, Офтальмолог, Ведение беременности, Проведение хирургических операций, ЛОР (отоларинголог), Медицинские анализы, Проктолог;улица Кенесары хана, 54/17;+77273466409 +77083381318 +77074442509 +77273466407;+77083381318;yes;;http://tiktok.com/@halykmed?_t=8nZXw3f1obV&_r=1 http://halykmed.kz;instagram:https://instagram.com/halykmed whatsapp:https://wa.me/77083381318 telegram:https://t.me/+77083381318;4.6;332;43.169333;76.872264;70000001024836311_r7rsim1578G23H83014GGG0Gus93pp73G6G505A813693942wpqt54643J1A2G7G5J0J452J2n46uv7B884A1013342H539HHHGJH0I433gg
стоматология;Надежда, стоматологический центр;Частные стоматологии;проспект Абылай хана, 155;+77272983900 +77086336953 +77788590672;+77272983900;;;;instagram:https://instagram.com/stomatologya_nadezhda;4.6;193;43.200047;76.632613;70000001043439753_r7rsim1578G23H83014GGG0Gus93pp73G6G505A813553C86wpqt54643J1A2G7G5J0J452J2n46uv7B884A1013364H53AHHHGJH0I4334d
стоматология;Центральная стоматологическая поликлиника города Алматы;Частные стоматологии;улица Прокофьева, 18;+77273645252 +77073645252 +77003645252;+77073645252;yes;;;instagram:https://instagram.com/centraldent_almaty facebook:https://facebook.com/centraldent.almaty whatsapp:https://wa.me/77073645252 whatsapp:https://wa.me/77003645252;4.8;655;43.250288;76.874578;9429940001007565_r7rsim1578G23HA72AIGG0GGus93pp73G6G505A813217876wpqt54643J1A2G7G5JG545G52n46uv7B884AA41233H51CJ1HHGJ1G443gf
стоматология;Vita Dent, стоматологическая клиника;Частные стоматологии;проспект Абая, 157;+77011887171;+77011887171;yes;;http://vitadent.kz;instagram:https://instagram.com/vitadent_almaty whatsapp:https://wa.me/77011887171;5;412;43.239202;76.890128;70000001029776645_r7rsim1578G23H83014GGG0Gus93pp73G6G505A813B87975wpqt54643J1A2G7G5J0J452J2n46uv7B884A1013346H543HHHGJH0I433e9
стоматология;Шифа, медицинский центр;Частные стоматологии, Многопрофильные медицинские центры, Медицинская диагностика, Гинеколог, Невролог, Терапевт, Гастроэнтеролог, Эндокринолог, Маммолог, Уролог, Процедурный кабинет, ЛОР (отоларинголог), Хирург;улица Ашимова, 20Б;+77051760331;+77051760331;yes;;;instagram:https://instagram.com/shifamedcenter_almaty whatsapp:https://wa.me/77051760331;4.8;120;43.230539;76.799193;9429940001617180_r7rsim1578G23HA72AIGG0GGus93pp73G6G505A813827491wpqt54643J1A2G7G5JG545G52n46uv7B884AA41233H524J1HHGJ1G44363
стоматология;Dos-denta, стоматология;Частные стоматологии;проспект Абая, 101;+77473605363 +77757564815 +77077564815;+77757564815;yes;;http://dosdenta.kz;instagram:https://instagram.com/dos_denta whatsapp:https://wa.me/77757564815 whatsapp:https://wa.me/77077564815 whatsapp:https://wa.me/77473605363;4.9;202;43.240988;76.920627;9429940001458402_r7rsim1578G23HA72AIGG0GGus93pp73G6G505A813668713wpqt54643J1A2G7G5JG545G52n46uv7B884AA41233H525J1HHGJ1G4439i
стоматология;Doctor-Stom, стоматологическая клиника;Частные стоматологии;микрорайон Керемет, 6 к23;+77072379585 +77772379585;+77772379585;yes;;http://www.doctorstom.kz/;vkontakte:https://vk.com/doctorstomkz facebook:https://facebook.com/doctorstom.Kz instagram:https://instagram.com/doctorstom_kz whatsapp:https://wa.me/77772379585;4.8;297;43.23493;76.938829;9429940000786716_r7rsim1578G23HA72AIGG0GGus93pp73G6G505A813996A27wpqt54643J1A2G7G5JG545G52n46uv7B884AA41232H526J1HHGJ1G4437A
стоматология;Карудо, частная стомотология;Частные стоматологии;улица Навои, 200 блок 2;+77019510484;+77019510484;yes;;;instagram:https://instagram.com/karudostom whatsapp:https://wa.me/77019510484;4.9;47;43.211114;76.884318;70000001102630925_r7rsim1578G23H83014GGG0Gus93pp73G6G505A8134733A3wpqt54643J1A2G7G5J0J452J2n46uv7B884A1013426H547HHHGJH0I4336h
стоматология;DentalPark, стоматологическая клиника;Частные стоматологии;проспект Достык, 132;+77272200050 +77019628080 +77473508080;+77019628080;yes;;;instagram:https://instagram.com/dental.park vkontakte:https://vk.com/dentalparkkz facebook:https://facebook.com/dentalparkalmati whatsapp:https://wa.me/77019628080;4.9;981;43.235683;76.958392;70000001032126420_r7rsim1578G23H83014GGG0Gus93pp73G6G505A813422953wpqt54643J1A2G7G5J0J452J2n46uv7B884A1013351H548HHHGJH0I433Ci
стоматология;Agzamov Dental Clinic, стоматологическая клиника;Частные стоматологии;проспект Серкебаева, 101;+77056930458;+77056930458;yes;;;instagram:https://instagram.com/agzamov_dental_clinic whatsapp:https://wa.me/77056930458 telegram:https://t.me/+77056930458;5;276;43.207639;76.89794;70000001076268149_r7rsim1578G23H83014GGG0Gus93pp73G6G505A813836B25wpqt54643J1A2G7G5J0J452J2n46uv7B884A101339AH549HHHGJH0I4337e
стоматология;Денсаулык, медицинский центр;Частные стоматологии, Медицинские анализы, Терапевт, Кардиолог;Барибаева улица, 58;+77277129135;+77277129135;;;;;4.4;24;43.20183;76.627278;70000001044473466_r7rsim1578G23H83014GGG0Gus93pp73G6G505A813657657wpqt54643J1A2G7G5J0J452J2n46uv7B884A1013367H54AHHHGJH0I433gd
стоматология;Legends Dental Centre, стоматология;Частные стоматологии;улица Манаса, 22/2 к7;+77273631010 +77074209764 +77074209765;+77074209764;yes;;http://tiktok.com/@doc.elnur;instagram:https://instagram.com/legendsdental_almaty whatsapp:https://wa.me/77074209764 whatsapp:https://wa.me/77074209765;5;255;43.241493;76.90875;70000001043547562_r7rsim1578G23H83014GGG0Gus93pp73G6G505A813564A67wpqt54643J1A2G7G5J0J452J2n46uv7B884A1013363H54BHHHGJH0I433AA
стоматология;Dar Dental Clinic, стоматологическая клиника;Частные стоматологии;улица Ислама Каримова, 203 блок 3;+77056557757;+77056557757;yes;;http://dardental.kz/;instagram:https://instagram.com/dar.dentalclinic whatsapp:https://wa.me/77056557757;4.9;583;43.240166;76.884382;70000001028949433_r7rsim1578G23H83014GGG0Gus93pp73G6G505A813AA4C54wpqt54643J1A2G7G5J0J452J2n46uv7B884A1013344H54CHHHGJH0I43367
стоматология;20+32, стоматология;Частные стоматологии;6-й микрорайон, 48;+77273971792 +77013481613 +77273971791 +77782824898;+77782824898;yes;;;instagram:https://instagram.com/stomatologiya_20_32 whatsapp:https://wa.me/77782824898;4.9;301;43.220367;76.852953;9429940000938130_r7rsim1578G23HA72AIGG0GGus93pp73G6G505A813B48441wpqt54643J1A2G7G5JG545G52n46uv7B884AA41232H533J1HHGJ1G443fg
стоматология;Abaya Dental, стоматология;Частные стоматологии;проспект Абая, 51/53;+77074831905 +77074342909;+77074342909;yes;;;instagram:https://instagram.com/abaya.dental whatsapp:https://wa.me/77074342909;5;358;43.242341;76.939925;70000001098294910_r7rsim1578G23H83014GGG0Gus93pp73G6G505A813A397A2wpqt54643J1A2G7G5J0J452J2n46uv7B884A10133B1H554HHHGJH0I4339A
стоматология;Open Clinic, медицинский центр;Частные стоматологии, Многопрофильные медицинские центры, Медицинская диагностика, Гинеколог, Кардиолог, Детские врачи, ЛОР (отоларинголог), Невролог, Хирург, Медицинские анализы, Гастроэнтеролог, Терапевт, Офтальмолог, Физиотерапевт;микрорайон Таугуль, 14а;+77073886665 +77273410705 +77010591029;+77010591029;yes;;http://openclinic.kz;instagram:https://instagram.com/open_clinic.kz facebook:https://facebook.com/openclinic.kz vkontakte:https://vk.com/openclinic whatsapp:https://wa.me/77010591029;4.7;213;43.212415;76.873618;70000001018208155_r7rsim1578G23H83014GGG0Gus93pp73G6G505A813A30B26wpqt54643J1A2G7G5J0J452J2n46uv7B884A1013336H555HHHGJH0I433f9
стоматология;Национальный центр спортивной медицины и реабилитации;Частные стоматологии, Гинеколог, Офтальмолог, Кардиолог, Невролог, ЛОР (отоларинголог), Медицинская диагностика, Физиотерапевт, Терапевт, Занятия ЛФК, Массажист, Реабилитационные центры, Хирург, Эндокринолог, Медицинские анализы;проспект Абая, 44;+77710854313 +77272924044;+77710854313;yes;;http://www.sportmed.kz;instagram:https://instagram.com/sportmed_kz whatsapp:https://wa.me/77710854313 telegram:https://t.me/+77710854313;4.9;110;43.239683;76.926982;9429940000802086_r7rsim1578G23HA72AIGG0GGus93pp73G6G505A813A12397wpqt54643J1A2G7G5JG545G52n46uv7B884AA41232H536J1HHGJ1G44379
стоматология;Алматыстом, стоматологическая клиника;Частные стоматологии;Муканова улица, 239;+77273785911;+77017115438;yes;;;whatsapp:https://wa.me/77017115438;4.9;128;43.245274;76.91557;9429940000792391_r7rsim1578G23HA72AIGG0GGus93pp73G6G505A8139A26A2wpqt54643J1A2G7G5JG545G52n46uv7B884AA41232H537J1HHGJ1G44355
стоматология;Ag-Medicus, медицинский центр;Частные стоматологии, Многопрофильные медицинские центры, Процедурный кабинет, ЛОР (отоларинголог), Терапевт, Детские врачи, Медицинские анализы, Кардиолог, Медицинская диагностика, Невролог, Эпилептолог;улица Майкы Би, 2г;+77005557997;+77005557997;yes;;http://ag-medicus.kz;instagram:https://instagram.com/ag.medicus whatsapp:https://wa.me/77005557997;4.8;184;43.32709;77.038668;70000001057267577_r7rsim1578G23H83014GGG0Gus93pp73G6G505A813936A68wpqt54643J1A2G7G5J0J452J2n46uv7B884A1013378H558HHHGJH0I433e6
стоматология;Ом Clinic, медицинский центр;Частные стоматологии, Эндокринолог, Медицинская диагностика, Уролог, Гинеколог;улица Торайгырова, 53/23;+77074041354;+77074041354;yes;;;instagram:https://instagram.com/om.clinic_kz whatsapp:https://wa.me/77074041354;4.6;113;43.202088;76.867124;70000001058719746_r7rsim1578G23H83014GGG0Gus93pp73G6G505A813A81C85wpqt54643J1A2G7G5J0J452J2n46uv7B884A1013377H559HHHGJH0I4338e
стоматология;Salus, клиника;Частные стоматологии, Многопрофильные медицинские центры, Медицинская диагностика, Гинеколог, Медицинские анализы, Массажист, Детские врачи, Хирург, Терапевт, Дерматолог, Проктолог, Медицинские комиссии, Кардиолог, Гастроэнтеролог, Невролог, Косметолог, Мануальный терапевт, Психолог, Нейропсихолог, Процедурный кабинет, Травматолог-ортопед, Маммолог, Остеопат, Психиатр, Психотерапевт, Уролог, Пульмонолог, Эндокринолог, Андролог, Проведение хирургических операций;улица Розыбакиева, 283/1;+77273517204 +77077332073 +77017118942;+77077332073;yes;;http://Salusclinic.kz;instagram:https://instagram.com/salus_clinic_kz whatsapp:https://wa.me/77077332073 whatsapp:https://wa.me/77017118942;4.8;235;43.196959;76.892509;70000001030059206_r7rsim1578G23H83014GGG0Gus93pp73G6G505A813215C31wpqt54643J1A2G7G5J0J452J2n46uv7B884A1013357H55BHHHGJH0I433e9
стоматология;Smile Avenue, стоматологическая клиника;Частные детские стоматологии, Частные стоматологии;проспект Сейфуллина, 534;+77008173747 +77474989126;+77008173747;yes;;;instagram:https://instagram.com/smile.avenue.kz whatsapp:https://wa.me/77008173747 whatsapp:https://wa.me/77474989126;4.9;266;43.242485;76.93461;70000001088457596_7rsim2n27B884A3AA55A6H444973us93pprG51578G7G5J3H80J342B7t5473G65A8132G3011013GJHGII146uvwpq643J1A0A7H55CH2G2GGH1cg
стоматология;Whitestory, стоматологический центр;Частные стоматологии;улица Азербаева, 67;+77003005058 +77073005057;+77073005057;yes;;http://whitestory.kz;instagram:https://instagram.com/whitestorykz whatsapp:https://wa.me/77073005057;5;96;43.215518;76.951535;70000001069368722_r7rsim1578G23H83014GGG0Gus93pp73G6G505A813B46B83wpqt54643J1A2G7G5J0J452J2n46uv7B884A1013383H564HHHGJH0I433Bh
стоматология;32Dent;Частные стоматологии;проспект Сейфуллина, 574/5 к8;+77079793232 +77789793232;+77079793232;yes;;http://32dent.net;instagram:https://instagram.com/32dent_kz whatsapp:https://wa.me/77079793232 whatsapp:https://wa.me/77789793232;4.9;270;43.22893;76.938507;70000001077497079_r7rsim1578G23H83014GGG0Gus93pp73G6G505A813959A18wpqt54643J1A2G7G5J0J452J2n46uv7B884A101339AH565HHHGJH0I4334B
стоматология;Zhanar dent smile, стоматологическая клиника;Частные стоматологии;проспект Абая, 54/1;+77054499539;+77054499539;yes;;http://zhanardent.tilda.ws;instagram:https://instagram.com/zhanardent_smile whatsapp:https://wa.me/77054499539 whatsapp:https://wa.me/77773729477;5;224;43.238295;76.911957;70000001048536835_r7rsim1578G23H83014GGG0Gus93pp73G6G505A813A63994wpqt54643J1A2G7G5J0J452J2n46uv7B884A1013366H568HHHGJH0I43358
стоматология;Шипа-Дент, стоматологическая клиника;Частные стоматологии;улица Розыбакиева, 45;+77471914160;+77471914160;yes;;;whatsapp:https://wa.me/77471914160;4.8;147;43.252739;76.887011;9429940000802321_r7rsim1578G23HA72AIGG0GGus93pp73G6G505A813A12632wpqt54643J1A2G7G5JG545G52n46uv7B884AA41232H549J1HHGJ1G443f4
стоматология;SR Dent, стоматологическая клиника;Частные стоматологии;улица Каныша Сатпаева, 76;+77009449290;+77009449290;yes;;http://srdent.kz;instagram:https://instagram.com/srdent_almaty whatsapp:https://wa.me/77009449290;5;126;43.234115;76.887693;70000001081651565_r7rsim1578G23H83014GGG0Gus93pp73G6G505A813375467wpqt54643J1A2G7G5J0J452J2n46uv7B884A10133A6H56AHHHGJH0I433hh
стоматология;Дента, семейная стоматологическая клиника;Частные стоматологии;проспект Сейфуллина, 549;+77051605472 +77072925351;+77072925351;yes;;http://www.dentastom.kz;whatsapp:https://wa.me/77072925351;4.9;108;43.252462;76.932525;9429940000794842_r7rsim1578G23HA72AIGG0GGus93pp73G6G505A8139A4B53wpqt54643J1A2G7G5JG545G52n46uv7B884AA41232H54BJ1HHGJ1G443eC
стоматология;ЗамЗам, медицинский центр;Частные стоматологии, Многопрофильные медицинские центры, Медицинская диагностика, Терапевт, Медицинские анализы, Гинеколог, Процедурный кабинет, Эндокринолог, Проктолог, Кардиолог, Уролог, Невролог;микрорайон Самал-2, 105;+77773803670 +77079103103;+77773803670;yes;;http://www.zmc.kz;instagram:https://instagram.com/zmc_kz facebook:https://facebook.com/ZamZamMedicalCentre whatsapp:https://wa.me/77773803670;4.8;644;43.233201;76.952994;70000001047336242_r7rsim1578G23H83014GGG0Gus93pp73G6G505A813943935wpqt54643J1A2G7G5J0J452J2n46uv7B884A1013363H56CHHHGJH0I433g6
стоматология;Зубная фея, стоматологический центр;Частные стоматологии;микрорайон Мамыр-3, 23;+77017170991;+77017170991;yes;;;instagram:https://instagram.com/detskii_stomatolog whatsapp:https://wa.me/77017170991;4.9;485;43.2135;76.855579;70000001037504393_r7rsim1578G23H83014GGG0Gus93pp73G6G505A81396074Awpqt54643J1A2G7G5J0J452J2n46uv7B884A1013354H573HHHGJH0I4333d
стоматология;Atlantic dent, центр дентальной имплантации и стоматологии;Частные стоматологии;проспект Гагарина, 309;+77077777972 +77272243131;+77077777972;yes;;http://atlantic-dent.kz;instagram:https://instagram.com/atlanticdent whatsapp:https://wa.me/77077777972;5;78;43.203077;76.898771;9429940001594969_r7rsim1578G23HA72AIGG0GGus93pp73G6G505A8137A4C7Awpqt54643J1A2G7G5JG545G52n46uv7B884AA41233H554J1HHGJ1G443c6
стоматология;Ala Clinic, стоматологическая клиника;Частные стоматологии;улица Толе би, 189/3 к1;+77000919141;+77000919141;yes;;http://alaclinic.kz;instagram:https://instagram.com/alaclinic.kz whatsapp:https://wa.me/77000919141;4.9;88;43.252265;76.896019;70000001105810994_r7rsim1578G23H83014GGG0Gus93pp73G6G505A8137913AAwpqt54643J1A2G7G5J0J452J2n46uv7B884A1013425H575HHHGJH0I4336d
стоматология;Adal Med Plus, медицинский центр;Частные стоматологии, Офтальмолог, ЛОР (отоларинголог), Эндокринолог, Маммолог, Хирург, Онколог, Гинеколог, Медицинская диагностика, Процедурный кабинет, Аптеки, Многопрофильные медицинские центры, Травматолог-ортопед, Уролог, Невролог, Рефлексотерапевт, Массажист;5-й квартал, 171;+77786984000 +77273697090 +77053244000;+77003414000;yes;;;instagram:https://instagram.com/adalmed.plus whatsapp:https://wa.me/77003414000 whatsapp:https://wa.me/77786984000;4.7;82;43.251146;76.751799;70000001109982955_r7rsim1578G23H83014GGG0Gus93pp73G6G505A813BA85A6wpqt54643J1A2G7G5J0J452J2n46uv7B884A1013426H576HHHGJH0I433d4
стоматология;Стоматологический центр им. Деканадзе;Частные стоматологии;улица Каныша Сатпаева, 90/29;+77758688888;+77758688888;yes;;http://dekanadze.kz/;instagram:https://instagram.com/dekanadze.clinic whatsapp:https://wa.me/77758688888;5;512;43.23378;76.881019;70000001024926141_r7rsim1578G23H83014GGG0Gus93pp73G6G505A8136A2925wpqt54643J1A2G7G5J0J452J2n46uv7B884A1013342H577HHHGJH0I4339f
стоматология;Royal Clinic, стоматологическая клиника;Частные стоматологии;улица Макатаева, 127Б;+77003853963;+77003853963;yes;;http://royalclinic.kz/;whatsapp:https://wa.me/77003853963;4.8;804;43.263179;76.93059;70000001025399237_r7rsim1578G23H83014GGG0Gus93pp73G6G505A813749C34wpqt54643J1A2G7G5J0J452J2n46uv7B884A1013348H578HHHGJH0I4333f
стоматология;MM Clinic, стоматологическая клиника;Частные стоматологии;12-й микрорайон, 26;+77073279098;+77073279098;yes;;http://taplink.cc/mmclinic?fbclid=PAAabR9wQo87uGHR66Cx0Qm5tUX_RNx4zKOJYM8i7DDEw4vH847wuuN174nE4;instagram:https://instagram.com/mm.clinic_ whatsapp:https://wa.me/77073279098;4.9;219;43.221389;76.865749;70000001065672614_r7rsim1578G23H83014GGG0Gus93pp73G6G505A813777572wpqt54643J1A2G7G5J0J452J2n46uv7B884A1013385H579HHHGJH0I433g9
стоматология;Медицинский центр им. Нурадина Досжанова;Частные стоматологии, Многопрофильные медицинские центры, Терапевт, Кардиолог, Невролог, Эндокринолог, Медицинская диагностика, Гинеколог, Процедурный кабинет, Офтальмолог, Хирург;улица Бухар жырау, 1в;+77001030008;+77001030008;yes;;;instagram:https://instagram.com/medcenter_nd whatsapp:https://wa.me/77001030008;4.8;177;43.373831;76.850599;70000001046586217_r7rsim1578G23H83014GGG0Gus93pp73G6G505A813868932wpqt54643J1A2G7G5J0J452J2n46uv7B884A1013368H57AHHHGJH0I433CA
стоматология;Ideal Dent, стоматология;Частные стоматологии;улица Масанчи, 78;+77075494100;+77075494100;yes;;;instagram:https://instagram.com/ideal_dentkz whatsapp:https://wa.me/77075494100;4.9;50;43.246186;76.930374;70000001110212686_r7rsim1578G23H83014GGG0Gus93pp73G6G505A813231579wpqt54643J1A2G7G5J0J452J2n46uv7B884A1013437H57BHHHGJH0I433d7
стоматология;Mydent, стоматологическая клиника;Частные стоматологии;проспект Достык, 210;+77717508888;+77717508888;yes;;;instagram:https://instagram.com/_mydent_ whatsapp:https://wa.me/77717508888;4.9;236;43.229972;76.960763;70000001062562715_r7rsim1578G23H83014GGG0Gus93pp73G6G505A813466582wpqt54643J1A2G7G5J0J452J2n46uv7B884A1013386H57CHHHGJH0I43375
стоматология;Детская стоматологическая поликлиника г. Алматы;Стоматологические поликлиники;микрорайон Дарабоз, 57;+77770388603;+77770388603;yes;;;instagram:https://instagram.com/stomatologiya_na_gogolya instagram:https://instagram.com/stomatologyia_na_gogolya whatsapp:https://wa.me/77770388603;4.5;126;43.268051;76.820377;70000001065705760_doB4mi1578G23H83014GGG0GDryymi73G6G505A813780887wpqt54645J1A4G7G6J0J456JmwADuv7B884A1013381H633HHHGJH0I437g3
стоматология;Eurodent, стоматологическая клиника;Частные стоматологии, Частные детские стоматологии, ЛОР (отоларинголог);улица Желтоксан, 83;+77077466404 +77272795454 +77272793838;+77077466404;yes;royal_stom@mail.ru;http://eurodent.kz;instagram:https://instagram.com/eurodent.zhandosova instagram:https://instagram.com/eurodent_zheltoksan whatsapp:https://wa.me/77077466404;4.8;1783;43.258005;76.938813;9429940000789804_doB4mi1578G23HA72AIGG0GGDryymi73G6G505A813999B15wpqt54645J1A4G7G6JG545G5mwADuv7B884AA41232H614J2HHGJ2G4439B
стоматология;Everest Dental Clinic, стоматологическая клиника;Частные стоматологии;улица Кунаева, 106;+77072351649 +77077618533;+77072351649;yes;;http://everestdent.kz;instagram:https://instagram.com/everest_dental.clinic whatsapp:https://wa.me/77072351649 whatsapp:https://wa.me/77077618533;4.9;508;43.252599;76.950909;70000001053829217_doB4mi1578G23H83014GGG0GDryymi73G6G505A813592C32wpqt54645J1A4G7G6J0J452JmwADuv7B884A1013378H635HHHGJH0I433gB
стоматология;Anelya Dent, стоматология;Частные стоматологии;улица Тимирязева, 111а;+77010355656;+77010355656;yes;;;instagram:https://instagram.com/anelya_dent whatsapp:https://wa.me/77010355656;5;80;43.225794;76.890285;70000001064527853_doB4mi1578G23H83014GGG0GDryymi73G6G505A813662A96wpqt54645J1A4G7G6J0J452JmwADuv7B884A1013384H636HHHGJH0I43346
стоматология;Инжу, стоматологическая клиника;Частные стоматологии;улица Ауэзова, 127;+77017651991;+77017651991;yes;;;whatsapp:https://wa.me/77017651991;5;123;43.2371;76.90393;9429940000791734_doB4mi1578G23HA72AIGG0GGDryymi73G6G505A8139A1A45wpqt54645J1A4G7G6JG545G5mwADuv7B884AA41232H617J1HHGJ1G44347
стоматология;DR.BABUR DENTAL CLINIC, стоматологическая клиника;Частные стоматологии, Челюстно-лицевой хирург;улица Розыбакиева, 68;+77470938990;+77789026652;yes;;http://drbabur.kz http://www.tiktok.com/@dr.babur;whatsapp:https://wa.me/77789026652 instagram:https://instagram.com/dr.babur_dental;4.9;777;43.24777;76.889001;70000001055213438_doB4mi1578G23H83014GGG0GDryymi73G6G505A813731654wpqt54645J1A4G7G6J1J452JmwADuv7B884A1013379H638HHHGJH1I4339A
стоматология;Nur dental, стоматология;Частные стоматологии;1-й микрорайон, 68/3;+77071428978;+77071428978;yes;;;instagram:https://instagram.com/nurdental_ whatsapp:https://wa.me/77071428978;4.9;285;43.233517;76.853266;70000001102694919_doB4mi1578G23H83014GGG0GDryymi73G6G505A8134797A2wpqt54645J1A4G7G6J0J452JmwADuv7B884A101342AH639HHHGJH0I43353
стоматология;Darident, стоматология;Частные стоматологии;улица Мынбаева, 45;+77765877711;+77765877711;yes;;http://tiktok.com/@darident_stom;instagram:https://instagram.com/darident_stom whatsapp:https://wa.me/77765877711;4.9;237;43.238626;76.906258;70000001069004823_doB4mi1578G23H83014GGG0GDryymi73G6G505A813B10793wpqt54645J1A4G7G6J0J452JmwADuv7B884A1013384H63AHHHGJH0I433i9
стоматология;Doc doctor onlas clinic, стоматологический центр;Частные стоматологии;проспект Достык, 132;+77022477424;+77022477424;yes;;;whatsapp:https://wa.me/77022477424;4.9;155;43.2362;76.958755;70000001080501582_doB4mi1578G23H83014GGG0GDryymi73G6G505A813260469wpqt54645J1A4G7G6J0J452JmwADuv7B884A10133A3H63BHHHGJH0I433iC
стоматология;Dental Plaza, частная стоматология;Частные стоматологии;улица Каныша Сатпаева, 133/3;+77071885055;+77071885055;yes;;;instagram:https://instagram.com/dentalplaza.kz whatsapp:https://wa.me/77071885055;4.9;244;43.233412;76.875302;70000001054337669_doB4mi1578G23H83014GGG0GDryymi73G6G505A813643A77wpqt54645J1A4G7G6J0J452JmwADuv7B884A101337AH63CHHHGJH0I433BA
стоматология;Green Stom, стоматология;Частные стоматологии, Челюстно-лицевой хирург;улица Жетысуская, 4;+77076722222;+77065178966;yes;;;whatsapp:https://wa.me/77065178966 instagram:https://instagram.com/green.stom whatsapp:https://wa.me/77076722222;4.9;162;43.266018;76.961398;70000001078800128_doB4mi1578G23H83014GGG0GDryymi73G6G505A813A90323wpqt54645J1A4G7G6J0J452JmwADuv7B884A1013399H643HHHGJH0I433g3
стоматология;Sunna smile, стоматология;Частные стоматологии;улица Навои, 210/1;+77003085588 +77779111557;+77779111557;yes;;;facebook:https://facebook.com/Dr.AskhatTastenov instagram:https://instagram.com/sunna_smile_ whatsapp:https://wa.me/77779111557 whatsapp:https://wa.me/77003085588 telegram:https://t.me/+77779111557;5;147;43.204405;76.885506;70000001067940306_doB4mi1578G23H83014GGG0GDryymi73G6G505A8139A4341wpqt54645J1A4G7G6J0J452JmwADuv7B884A1013387H644HHHGJH0I433iC
стоматология;Sky Stom, стоматология;Частные стоматологии;улица Ю. Гагарина, 218а;+77079610700;+77079610700;yes;skystom.2021@gmail.com;;instagram:https://instagram.com/sky.stom whatsapp:https://wa.me/77079610700;5;36;45.00554;78.360903;70000001114904118_doB4mi1578G23H83014GGG0GDryymi73G6G505A8136A0722wpqt54645J1A4G7G6J1J452JmwADuv7B884A1013439H646HHHGJH1I433fB
стоматология;Dr.Bibi Clinic, стоматологическая клиника;Частные стоматологии;улица Казыбек би, 148;+77001730703;+77001730703;yes;;;instagram:https://instagram.com/dr.bibiclinic whatsapp:https://wa.me/77001730703;4.9;752;43.254251;76.914353;70000001062563910_doB4mi1578G23H83014GGG0GDryymi73G6G505A8134666A2wpqt54645J1A4G7G6J0J452JmwADuv7B884A1013381H647HHHGJH0I433d6
стоматология;Sunshine, медицинский центр;Частные стоматологии, Трихолог, Массажист, Косметолог, Дерматолог, Психолог, Психотерапевт, Невролог;Богенбай батыра улица, 221;+77751860990;+77751860990;yes;;;whatsapp:https://wa.me/77751860990 telegram:https://t.me/+77751860990;4.8;78;43.251212;76.912886;70000001065018107_doB4mi1578G23H83014GGG0GDryymi73G6G505A813711B21wpqt54645J1A4G7G6J0J452JmwADuv7B884A1013388H648HHHGJH0I433e4
стоматология;32 whitening room, студия отбеливания зубов;Частные стоматологии;улица Желтоксан, 169;+77056396172;+77056396172;yes;;;instagram:https://instagram.com/32whiteningroom.almaty.kz whatsapp:https://wa.me/77056396172;4.1;309;43.242699;76.940972;70000001110430284_doB4mi1578G23H83014GGG0GDryymi73G6G505A813253339wpqt54645J1A4G7G6J0J452JmwADuv7B884A1013435H649HHHGJH0I433ih
стоматология;Маржан, стоматология;Частные стоматологии;микрорайон Аксай-4, 119;+77771635241;+77771635241;yes;;;whatsapp:https://wa.me/77771635241;4.9;97;43.230371;76.841724;70000001059959275_doB4mi1578G23H83014GGG0GDryymi73G6G505A813BA5C38wpqt54645J1A4G7G6J0J452JmwADuv7B884A1013376H64AHHHGJH0I433e5
стоматология;Sunny Smile Dental;Частные стоматологии;Едила Ергожина улица, 9;+77077781000;+77077781000;yes;;http://sunnysmile.kz;instagram:https://instagram.com/sunnysmile.kz whatsapp:https://wa.me/77077781000;4.9;134;43.20723;76.911096;70000001066551263_doB4mi1578G23H83014GGG0GDryymi73G6G505A813865437wpqt54645J1A4G7G6J0J452JmwADuv7B884A1013384H64BHHHGJH0I433g3
стоматология;Алмагест, стоматологический центр;Частные стоматологии;улица Кабанбай батыра, 152;+77022922288;+77022922288;yes;;http://almagest.kz/;instagram:https://instagram.com/almagest.dent whatsapp:https://wa.me/77022922288;4.9;104;43.248112;76.925217;9429940000785340_doB4mi1578G23HA72AIGG0GGDryymi73G6G505A813995651wpqt54645J1A4G7G6JG545G5mwADuv7B884AA41232H62CJ1HHGJ1G443gf
стоматология;Luxury Smile, частная стоматология;Частные стоматологии;микрорайон Жетысу-2, 57;+77779698818;+77779698818;yes;;http://tiktok.com/@luxury_smile_kz;instagram:https://instagram.com/luxury_smile_kz whatsapp:https://wa.me/77779698818;5;101;43.221112;76.847064;70000001114011775_doB4mi1578G23H83014GGG0GDryymi73G6G505A813611488wpqt54645J1A4G7G6J0J452JmwADuv7B884A1013436H654HHHGJH0I433C5
стоматология;Almaz Dent, стоматологическая клиника;Частные стоматологии;микрорайон Аксай-4, 119;+77079014400;+77079014400;yes;;;instagram:https://instagram.com/almazdentkz whatsapp:https://wa.me/77079014400;4.9;174;43.230411;76.841497;70000001045190214_doB4mi1578G23H83014GGG0GDryymi73G6G505A813729332wpqt54645J1A4G7G6J0J452JmwADuv7B884A1013365H655HHHGJH0I433h6
стоматология;Smart dental clinic, стоматология;Частные стоматологии;Байзакова улица, 155;+77773766882;+77773766882;yes;;http://smart-dental-clinic.103.kz;instagram:https://instagram.com/smart_dental.c whatsapp:https://wa.me/77773766882;5;552;43.253456;76.911114;70000001046852207_doB4mi1578G23H83014GGG0GDryymi73G6G505A813895531wpqt54645J1A4G7G6J1J452JmwADuv7B884A1013368H656HHHGJH1I43363
стоматология;Эстетик Стом, стоматологическая клиника;Частные стоматологии;проспект Абая, 157а;+77782409999 +77272499999;+77782409999;yes;;;instagram:https://instagram.com/aesthetic.stom whatsapp:https://wa.me/77782409999;4.9;134;43.239013;76.890856;9429940001547782_doB4mi1578G23HA72AIGG0GGDryymi73G6G505A813757A93wpqt54645J1A4G7G6JG545G5mwADuv7B884AA41233H637J1HHGJ1G443de
стоматология;Evelina Med, медицинский центр;Частные стоматологии, Многопрофильные медицинские центры, Медицинская диагностика, Медицинские анализы, Маммолог, Невролог, ЛОР (отоларинголог), Детские врачи, Гастроэнтеролог, Кардиолог, Хирург;улица Жамбыла, 63;+77272610812 +77272721777 +77272611337 +77717598061;+77717598061;yes;;;whatsapp:https://wa.me/77717598061;4.9;69;43.24786;76.94126;9429940000787009_doB4mi1578G23HA72AIGG0GGDryymi73G6G505A81399731Awpqt54645J1A4G7G6JG545G5mwADuv7B884AA41232H638J1HHGJ1G443gC
стоматология;New-Dent, стоматологическая клиника;Частные стоматологии;улица Толе би, 249-249а;+77273740203 +77273740204;+77273740203;;;http://www.new-dent.kz;;5;100;43.250461;76.874439;9429940000788979_doB4mi1578G23HA72AIGG0GGDryymi73G6G505A813998C8Awpqt54645J1A4G7G6JG545G5mwADuv7B884AA41232H639J1HHGJ1G4437B
стоматология;Studio Dent, стоматология;Частные стоматологии;улица Шевченко, 157;+77058771366;+77058771366;yes;;;instagram:https://instagram.com/studio_dent whatsapp:https://wa.me/77058771366;5;99;43.243572;76.899584;70000001026996467_doB4mi1578G23H83014GGG0GDryymi73G6G505A8138A9957wpqt54645J1A4G7G6J0J452JmwADuv7B884A1013348H65AHHHGJH0I4337d
стоматология;Umma Dental Clinic, стоматология;Частные стоматологии;улица Толе би, 192;+77074443304;+77074443304;yes;;http://tiktok.com/@umma.dental.almaty;instagram:https://instagram.com/umma.dental.clinic_ whatsapp:https://wa.me/77074443304;5;285;43.250988;76.895366;70000001078957482_doB4mi1578G23H83014GGG0GDryymi73G6G505A813AA5A59wpqt54645J1A4G7G6J0J452JmwADuv7B884A1013393H65BHHHGJH0I433AB
стоматология;Nova Smile, стоматология;Частные стоматологии;улица Каирбекова, 45;+77754199333;+77754199333;yes;;http://Www.nova-smile.com;whatsapp:https://wa.me/77754199333 instagram:https://instagram.com/nova_smile_almaty;5;46;43.258594;76.961417;70000001105461984_doB4mi1578G23H83014GGG0GDryymi73G6G505A8137564A9wpqt54645J1A4G7G6J0J452JmwADuv7B884A1013425H65CHHHGJH0I433iB
стоматология;Айдын Дент, стоматология;Частные стоматологии;улица Самен батыра, 25а;+77024132563;+77024132563;yes;;;whatsapp:https://wa.me/77024132563;4.9;136;43.251151;76.797371;70000001032276393_doB4mi1578G23H83014GGG0GDryymi73G6G505A81343794Awpqt54645J1A4G7G6J0J452JmwADuv7B884A1013354H664HHHGJH0I433e9
стоматология;Family Stom, стоматологическая клиника;Частные стоматологии;улица Шевченко, 154;+77017744446;+77017744446;yes;;http://familystom.kz;instagram:https://instagram.com/familystom.kz whatsapp:https://wa.me/77017744446;4.9;226;43.243995;76.9164;70000001046074264_doB4mi1578G23H83014GGG0GDryymi73G6G505A813817737wpqt54645J1A4G7G6J0J452JmwADuv7B884A1013365H665HHHGJH0I433Bf
стоматология;Dental Center, стоматологическая клиника;Частные стоматологии;Байзакова улица, 194;+77786870909 +77017274976 +77272599477 +77272288777;+77786870909;;;http://www.dentalcenter.kz;facebook:https://facebook.com/dentalcenterkz instagram:https://instagram.com/dentalcenterkz;4.6;41;43.249426;76.912155;9429940000786626_doB4mi1578G23HA72AIGG0GGDryymi73G6G505A813996937wpqt54645J1A4G7G6JG545G5mwADuv7B884AA41232H646J1HHGJ1G443d9
стоматология;StomDom, стоматологическая клиника;Частные стоматологии;улица Айтеке би, 88;+77011833333;+77011833333;yes;;http://stomdom.2gis.biz;instagram:https://instagram.com/stomdom.kz whatsapp:https://wa.me/77011833333 telegram:https://t.me/stomdom;4.9;345;43.257523;76.936586;70000001045788331_doB4mi1578G23H83014GGG0GDryymi73G6G505A813788B44wpqt54645J1A4G7G6J0J452JmwADuv7B884A1013362H667HHHGJH0I4337i
стоматология;Safa dental clinic, частная стоматология;Частные стоматологии;микрорайон Коктем-2, 2;+77083984053 +77478778595;+77083984053;yes;;;instagram:https://instagram.com/safadental.kz whatsapp:https://wa.me/77083984053 whatsapp:https://wa.me/77478778595;5;28;43.227416;76.922185;70000001114202951_doB4mi1578G23H83014GGG0GDryymi73G6G505A8136305A6wpqt54645J1A4G7G6J0J452JmwADuv7B884A1013432H668HHHGJH0I4339C
стоматология;Ислам Dent, стоматология;Частные стоматологии;улица Наурызбай батыра, 56;+77476727721 +77073924969 +77073584212;+77476727721;yes;;;whatsapp:https://wa.me/77476727721 whatsapp:https://wa.me/77073924969 whatsapp:https://wa.me/77073584212;4.9;167;43.205874;76.636648;70000001103432782_doB4mi1578G23H83014GGG0GDryymi73G6G505A813553589wpqt54645J1A4G7G6J0J452JmwADuv7B884A1013423H669HHHGJH0I43333
стоматология;Usmile, стоматология;Частные стоматологии;проспект Райымбека, 210/12 к1;+77082700219;+77082700219;yes;;http://usmile.kz/;instagram:https://instagram.com/usmile.kz whatsapp:https://wa.me/77082700219;5;327;43.260084;76.90033;70000001078820059_doB4mi1578G23H83014GGG0GDryymi73G6G505A813A92316wpqt54645J1A4G7G6J0J452JmwADuv7B884A101339AH66AHHHGJH0I4338C
стоматология;Dentic, детская стоматология;Частные детские стоматологии;микрорайон Аксай-5, 11;+77771387701;+77771387701;yes;;;instagram:https://instagram.com/dentic_stom whatsapp:https://wa.me/77771387701;5;99;43.228245;76.833844;70000001113267827_oB4mimw27B884A43536A9H444973DryymidG51578G7G6J3H81J342B7t5473G65A8134G3011013GJHGII2ADuvwpq645J1A038H66BH2G2GGH1e9
стоматология;LS Dental Clinic Almaty, стоматология;Частные стоматологии;улица Панфилова, 54;+77015102324 +77756135255;+77756135255;yes;;http://lsdent.kz http://macdent.kz/lsdental;instagram:https://instagram.com/lsdent_almaty whatsapp:https://wa.me/77756135255 whatsapp:https://wa.me/77015102324;5;106;43.264912;76.943918;70000001100119638_doB4mi1578G23H83014GGG0GDryymi73G6G505A813221C74wpqt54645J1A4G7G6J0J452JmwADuv7B884A1013429H66CHHHGJH0I433d9
стоматология;Tahara, частная стоматология;Частные стоматологии;проспект Аль-Фараби, 1а пав2;+77087581182;+77087581182;yes;;;instagram:https://instagram.com/tahara_clinic instagram:https://instagram.com/dr.aikerim_amanqosovna whatsapp:https://wa.me/77087581182;4.9;104;43.229761;76.963363;70000001065966468_doB4mi1578G23H83014GGG0GDryymi73G6G505A8137A6957wpqt54645J1A4G7G6J0J452JmwADuv7B884A1013389H673HHHGJH0I433C8
стоматология;Atlas Dental Clinic, стоматологическая клиника;Частные стоматологии;улица Каныша Сатпаева, 16;+77473074270;+77473074270;yes;;http://atlas-dental.kz;facebook:https://facebook.com/atlasdentalclinic instagram:https://instagram.com/atlasdental.kz whatsapp:https://wa.me/77473074270;4.9;266;43.237939;76.941;70000001047607299_doB4mi1578G23H83014GGG0GDryymi73G6G505A813970A3Awpqt54645J1A4G7G6J0J452JmwADuv7B884A101336AH674HHHGJH0I433AB
стоматология;Eurodent, стоматологическая клиника;Частные стоматологии, Частные детские стоматологии;проспект Достык, 55;+77273033303 +77473033303;+77473033303;yes;eurodent_dostyk@mail.ru;http://eurodent.kz;instagram:https://instagram.com/eurodent.zhandosova instagram:https://instagram.com/eurodent_dostyk whatsapp:https://wa.me/77473033303;4.9;1223;43.248904;76.955851;70000001063140160_doB4mi1578G23H83014GGG0GDryymi73G6G505A813524327wpqt54645J1A4G7G6J1J452JmwADuv7B884A1013381H675HHHGJH1I433Cd
стоматология;Dental esthetic, стоматология;Частные стоматологии;Ораза Жандосова улица, 84;+77076173666;+77076173666;yes;;;instagram:https://instagram.com/dental__esthetic whatsapp:https://wa.me/77076173666;5;195;43.226235;76.889794;70000001039019157_doB4mi1578G23H83014GGG0GDryymi73G6G505A813B11C26wpqt54645J1A4G7G6J0J452JmwADuv7B884A1013358H677HHHGJH0I433e9
стоматология;Assem tis, стоматология;Частные стоматологии;улица Кабанбай батыра, 176;+77778876325;+77778876325;yes;;;instagram:https://instagram.com/assemtis_tdk whatsapp:https://wa.me/77778876325;4.9;72;45.017047;78.350224;70000001080354697_doB4mi1578G23H83014GGG0GDryymi73G6G505A81324577Awpqt54645J1A4G7G6J0J452JmwADuv7B884A10133A8H678HHHGJH0I4338d
стоматология;Biosmile, стоматологическая клиника;Частные стоматологии;улица Толе би, 298/6;+77001249404;+77001249404;yes;;http://biosmile.tilda.ws;instagram:https://instagram.com/biosmile.almaty whatsapp:https://wa.me/77001249404;4.8;204;43.243867;76.85403;70000001087488989_doB4mi1578G23H83014GGG0GDryymi73G6G505A813958BA9wpqt54645J1A4G7G6J0J452JmwADuv7B884A10133AAH679HHHGJH0I433gi
стоматология;Детская стоматологическая поликлиника г. Алматы;Частные детские стоматологии;улица Щелково, 104Б;+77273772110 +77071803166;+77071803166;yes;;;instagram:https://instagram.com/stomatologiya_na_gogolya instagram:https://instagram.com/stomatologyia_na_gogolya whatsapp:https://wa.me/77071803166;4.8;205;43.340243;76.966282;70000001063413911_oB4mimw27B884A385516AH444973DryymidG51578G7G6J3H80J342B7t5473G65A8134G3011013GJHGII1ADuvwpq645J1A022H67AH2G2GGH1c1
стоматология;NDA artdent studio, ​стоматология;Частные стоматологии;улица Наурызбай батыра, 88а;+77081080012 +77477439798 +77089660661;+77081080012;yes;;;instagram:https://instagram.com/nda_artdentstudio whatsapp:https://wa.me/77081080012 whatsapp:https://wa.me/77089660661 whatsapp:https://wa.me/77477439798;5;120;43.20296;76.635078;70000001088901548_doB4mi1578G23H83014GGG0GDryymi73G6G505A813AA0465wpqt54645J1A4G7G6J0J452JmwADuv7B884A10133A9H67BHHHGJH0I433g9
стоматология;Raim dent, стоматология;Частные стоматологии;улица Спасская, 48;+77770015342 +77012922216;+77770015342;yes;;;instagram:https://instagram.com/raimdent whatsapp:https://wa.me/77770015342;4.9;275;43.354466;76.948425;70000001045858928_doB4mi1578G23H83014GGG0GDryymi73G6G505A813795BA3wpqt54645J1A4G7G6J0J452JmwADuv7B884A1013369H67CHHHGJH0I43355
шиномонтаж;Tire Pro, шинный центр;Шиномонтаж, Шины и диски, Хранение шин;проспект Райымбека, 491/2;+77059575042;+77717093027;yes;info@caspiants.kz;http://tirepro.kz/?utm_source=2gis_almaty;facebook:https://facebook.com/tirepro.online instagram:https://instagram.com/tirepro_online whatsapp:https://wa.me/77717093027;4.9;107;43.245216;76.833405;70000001029360239_fi6clk1578G23H8301IGG0GGjny7x573G6G505A813B46334wpqt54646J1A5G7G1J79ACG5D73muv7B884A101334AH1J4HHHGJ2G989A6C
шиномонтаж;АШК, офис;Шиномонтаж, Шины и диски;улица Емцова, 17/3;+77073055177 +77087552646;+77073055177;yes;ahkalmaty166@mail.ru automall.ashk@gmail.com;;instagram:https://instagram.com/ashk_tyres_almaty whatsapp:https://wa.me/77073055177;4;23;43.25968;76.861625;70000001039406990_fi6clk1578G23H8301IGG0GGjny7x573G6G505A813B509AAwpqt54646J1A5G7G1J79ACG5D73muv7B884A1013351H3J4HHHGJ2G989A4h
шиномонтаж;ALTRA Auto, шинный центр;Шиномонтаж, Шины и диски, Хранение шин, Утилизация отходов и переработка вторсырья;улица Мустай Карим, 12Б;+3015 +77717312759 +77710149791 +77710149790;+77057908522;yes;shop@altra.kz;http://altraauto.kz;instagram:https://instagram.com/altraauto.kz whatsapp:https://wa.me/77057908522;4.8;249;43.210617;76.859112;70000001031151490_fi6clk1578G23H8301IGG0GGjny7x573G6G505A81332545Awpqt54646J1A5G7G1J79ACG5D73muv7B884A1013351H4J4HHHGJ2G989A69
шиномонтаж;Turone&ChaoYang.kz, компания по продаже и обслуживанию шин;Шиномонтаж, Шины и диски, Автоаксессуары, Хранение шин, Ремонт ходовой части автомобиля, Обслуживание автомобильных климатических систем;проспект Райымбека, 278;+77715222201 +77770206444;+77715222201;yes;;http://turone.kz;instagram:https://instagram.com/turone.kz whatsapp:https://wa.me/77715222201;4.9;558;43.257423;76.879107;70000001051166808_fi6clk1578G23H8301IGG0GGjny7x573G6G505A813326991wpqt54646J1A5G7G1J79ACG5D73muv7B884A1013379H5J4HHHGJ2G989Ahi
шиномонтаж;PitStopF1, шиномонтажная мастерская;Шиномонтаж, Обслуживание автомобильных климатических систем, Полимерная порошковая окраска, Ремонт ходовой части автомобиля;улица Шакарима, 65;+77078429402 +77474111594;+77024314229;yes;;http://pitstopf1.2gis.biz;instagram:https://instagram.com/pit_stop__f1 whatsapp:https://wa.me/77024314229 whatsapp:https://wa.me/77474111594 telegram:https://t.me/+77078429402;4.9;169;43.24233;76.873782;70000001038766623_fi6clk1578G23H8301IGG0GGjny7x573G6G505A813A86973wpqt54646J1A5G7G1J79ACG5D73muv7B884A1013354H6J4HHHGJ2G989Agg
шиномонтаж;RYDANZ TRANSMATE SUNNY, шинный центр;Шиномонтаж, Шины и диски, Автохимия, Автоаксессуары, Запчасти для легковых автомобилей, Замена масла, Хранение шин, Обслуживание автомобильных климатических систем;улица Манысай, 2а;+77003002423 +77716713732 +77027742091 +77066609857;+77472028444;yes;kazparts.marketing@gmail.com;http://rydanz.kz;instagram:https://instagram.com/Mir.shin.almaty whatsapp:https://wa.me/77472028444 whatsapp:https://wa.me/77003002423 whatsapp:https://wa.me/77716713732;4.9;226;43.237075;76.800974;70000001090745598_fi6clk1578G23H8301IGG0GGjny7x573G6G505A81328486Awpqt54646J1A5G7G1J79ACG5D73muv7B884A10133B9H7J4HHHGJ2G989A6e
шиномонтаж;Dinamo, шиномонтажная мастерская;Шиномонтаж, Хранение шин;улица Наурызбай батыра, 93/79а;+77074222807;+77074222807;;;;;4.7;106;43.247783;76.935834;70000001036070089_fi6clk1578G23H8301IGG0GGjny7x573G6G505A813817319wpqt54646J1A5G7G1J79ACG5D73muv7B884A101335AH8J4HHHGJ2G989A6f
шиномонтаж;Rims.kz;Шиномонтаж;улица Бальзака, 8/1;+77472156750;+77472156750;;;;instagram:https://instagram.com/rims.kz;4.7;28;43.225607;76.93308;70000001109498933_fi6clk1578G23H8301IGG0GGjny7x573G6G505A813B59BA4wpqt54646J1A5G7G1J79ACG5D73muv7B884A1013424H9J4HHHGJ2G989Ae8
шиномонтаж;TURBO TYRES, шинный центр;Шиномонтаж, Шины и диски;улица Толе би, 285г;+77072200202 +77078200202 +77781501467 +77081757017;+77072200202;;;http://turbotyres.kz;instagram:https://instagram.com/san_turbo.kz;4.9;341;43.244201;76.849641;70000001042856261_fi6clk1578G23H8301IGG0GGjny7x573G6G505A813495937wpqt54646J1A5G7G1J79ACG5D73muv7B884A1013362HAJ4HHHGJ2G989Ae8
шиномонтаж;Burnout, шиномонтажная мастерская;Шиномонтаж, Ремонт ходовой части автомобиля, Выездной автосервис;улица Жаяу Муса, 30/1а;+77028607757;+77028607757;yes;;http://burnout.kz;instagram:https://instagram.com/burnout_tire_fitting whatsapp:https://wa.me/77028607757;4.8;36;43.31057;76.990679;70000001034401879_fi6clk1578G23H83014GGG0Gjny7x573G6G505A813650498wpqt54646J1A5G7G1JGA8B9JD73muv7B884A101335AH23J2HHGJH1I979Cd2
шиномонтаж;DRD SERVICE, шиномонтажная мастерская;Шиномонтаж;улица Бокейханова, 113;+77767117121;+77779894551;yes;;;whatsapp:https://wa.me/77779894551;5;24;43.290206;76.90166;70000001114227904_fi6clk1578G23H83014GGG0Gjny7x573G6G505A813632AA1wpqt54646J1A5G7G1JGA8B9JD73muv7B884A1013435H24J2HHGJH1I979Cfc
шиномонтаж;Wheel Hub, шиномонтажная мастерская;Шиномонтаж;проспект Суюнбая, 66/1;+77054129452;+77054129452;yes;;;whatsapp:https://wa.me/77054129452;;;43.280464;76.947691;70000001117277022_fi6clk1578G23H83014GGG0Gjny7x573G6G505A813937A13wpqt54646J1A5G7G1JGA8B9JD73muv7B884A1013433H25J2HHGJH1I979C5c
шиномонтаж;Diskoprav, шиномонтажная мастерская;Шиномонтаж;улица Ильяса Жансугурова, 500;+77015403339;+77015403339;yes;;;whatsapp:https://wa.me/77015403339;4.9;77;43.332428;76.93256;70000001102766224_fi6clk1578G23H83014GGG0Gjny7x573G6G505A813486933wpqt54646J1A5G7G1JGA8B9JD73muv7B884A1013425H26J2HHGJH1I979Ce4
шиномонтаж;KosmosDrive, шиномонтажная мастерская;Шиномонтаж, Полимерная порошковая окраска, Спецавтооборудование, Хранение шин, Сварочные работы;улица Сабденова, 5/1;+77082306171 +77475743746;+77082306171;yes;;http://top-kosmosdrive.com;instagram:https://instagram.com/k.d1.kz whatsapp:https://wa.me/77082306171 whatsapp:https://wa.me/77475743746;5;111;43.21505;76.786724;70000001111430804_fi6clk1578G23H83014GGG0Gjny7x573G6G505A813353391wpqt54646J1A5G7G1JGA8B9JD73muv7B884A1013435H27J2HHGJH1I979CCB
шиномонтаж;NS Car Point, центр кузовного ремонта;Шиномонтаж, Кузовной ремонт, Запчасти для легковых автомобилей;улица Саина, 12Б/1;+77718816774;+77718816774;;www.nur97.ru@mail.ru;;instagram:https://instagram.com/nurs.adeshov;4.9;88;43.24384;76.839042;70000001091453488_fi6clk1578G23H83014GGG0Gjny7x573G6G505A813355659wpqt54646J1A5G7G1JGA8B9JD73muv7B884A10133B9H28J2HHGJH1I979C6e
шиномонтаж;77а, автосервис;Шиномонтаж, Ремонт выхлопных систем, Сварочные работы, Кузовной ремонт, Замена масла;улица Бекмаханова, 77а;+77071977070 +77071576767 +77071877070;+77071977070;yes;;http://www.tiktok.com/@avtovyhlop77a http://www.tiktok.com/@avtoservis77a;instagram:https://instagram.com/avtoservis_77a instagram:https://instagram.com/avto.vykhlop whatsapp:https://wa.me/77071977070 whatsapp:https://wa.me/77071576767;4.9;166;43.348442;76.964222;70000001061221276_fi6clk1578G23H83014GGG0Gjny7x573G6G505A813332438wpqt54646J1A5G7G1JGA8B9JD73muv7B884A1013387H33J2HHGJH1I979Cif
шиномонтаж;Hunter;Шиномонтаж, Хранение шин;улица Какимбека Салыкова, 39/1;+77077776133 +77079073987;+77077776100;yes;;;whatsapp:https://wa.me/77077776100;4.9;318;43.174432;76.909651;70000001080957397_fi6clk1578G23H83014GGG0Gjny7x573G6G505A8132A5A4Awpqt54646J1A5G7G1JGA8B9JD73muv7B884A10133A8H34J2HHGJH1I979Cf5
шиномонтаж;Karasay Polimer, автомастерская;Шиномонтаж, Ремонт ходовой части автомобиля, Полимерная порошковая окраска;проспект Абылай хана, 1а/5;+77079062926 +77758747888 +77772000587;+77772000587;yes;;;whatsapp:https://wa.me/77772000587 whatsapp:https://wa.me/77079062926 whatsapp:https://wa.me/77758747888;5;1;43.20333;76.657993;70000001044640272_fi6clk1578G23H83014GGG0Gjny7x573G6G505A813674338wpqt54646J1A5G7G1JGA8B9JD73muv7B884A1013363H36J2HHGJH1I979C47
шиномонтаж;Street Service, сервисный центр и пункт замены масла;Шиномонтаж, Автомобильные аккумуляторы, Автоаксессуары, Замена масла, Грузовой автосервис, Развал-схождение, Ремонт ходовой части автомобиля;Алматы-Бишкек трасса, 122/7;+77075555503;+77075555503;yes;;http://streetservice.kz;instagram:https://instagram.com/streetservicekz whatsapp:https://wa.me/77075555503;4.9;152;43.219322;76.637197;70000001059274420_fi6clk1578G23H83014GGG0Gjny7x573G6G505A813B37753wpqt54646J1A5G7G1JGA8B9JD73muv7B884A1013371H3AJ2HHGJH1I979CB4
шиномонтаж;Sati Auto, шиномонтажная мастерская;Шиномонтаж;улица Войкова, 2;+77075184819;+77075184819;yes;;;whatsapp:https://wa.me/77075184819;4.4;7;43.252677;76.853419;70000001114068084_fi6clk1578G23H83014GGG0Gjny7x573G6G505A813616B19wpqt54646J1A5G7G1JGA8B9JD73muv7B884A1013435H3BJ2HHGJH1I979C4c
шиномонтаж;Lubell Service, центр замены и продажи автомасел;Шиномонтаж, Замена масла, Автохимия;улица Емцова, 18;+77773441616 +77272294227 +77272294190;+77773441616;yes;v.lubellservice@gmail.com;http://Lube.kz;instagram:https://instagram.com/lubellservice whatsapp:https://wa.me/77773441616;4.7;26;43.258731;76.860689;9429940001012449_fi6clk1578G23HA72AIGG0GGjny7x573G6G505A81322275Awpqt54646J1A5G7G1J79ACG5D73muv7B884AA41233H3AJ4HHHGJ2G989Ahh
шиномонтаж;ProVolta Club service, сервисный центр по ремонту электромобилей и замене масла;Шиномонтаж, Замена масла, Детейлинг, Ремонт электроавтомобилей, Русификация, Автоаксессуары, Ремонт гибридных автомобилей, Ремонт подушек безопасности, Ремонт ходовой части автомобиля, Кузовной ремонт, Продажа станций зарядки для электроавтомобилей;Кульджинский тракт, 2а/4;+77077600010;+77077600010;yes;provoltaqazaqstan@gmail.com;;instagram:https://instagram.com/provolta_club_service whatsapp:https://wa.me/77077600010;5;34;43.286212;76.990571;70000001105004855_fi6clk1578G23H83014GGG0Gjny7x573G6G505A813710796wpqt54646J1A5G7G1JGA8B9JD73muv7B884A1013426H45J2HHGJH1I979CCf
шиномонтаж;Эйкос, сеть профессиональных шинных центров;Шиномонтаж, Шины и диски, Хранение шин, Замена масла, Развал-схождение, Обслуживание автомобильных климатических систем, Ремонт электронных систем авто;микрорайон Аксай-1а, 16Б;+2710 +77057520635 +77057955961;+77057524738;yes;almaty@aikos.kz t.vetrov@aikos.kz;http://aikos.kz http://tiktok.com/@aikos.kz2;facebook:https://facebook.com/aikoskz instagram:https://instagram.com/aikos.kz whatsapp:https://wa.me/77057524738 whatsapp:https://wa.me/77057520635 telegram:https://t.me/+77057955961;5;117;43.241912;76.827881;70000001039966513_fi6clk1578G23H83014GGG0Gjny7x573G6G505A813BA6962wpqt54646J1A5G7G1JGA8B9JD73muv7B884A1013354H55J2HHGJH1I979Cdc
шиномонтаж;555 шиномастер, шиномонтажная мастерская;Шиномонтаж;улица Ильяса Жансугурова, 262/4;+77757098919 +77079445270;+77757098919;yes;;;whatsapp:https://wa.me/77757098919 whatsapp:https://wa.me/77079445270;4.9;274;43.312384;76.93003;70000001061544750_fi6clk1578G23H83014GGG0Gjny7x573G6G505A813364786wpqt54646J1A5G7G1JGA8B9JD73muv7B884A1013381H58J2HHGJH1I979CC7
шиномонтаж;Shin-Torg.Pro, шинный центр;Шиномонтаж, Шины и диски;улица Кудерина, 49;+77789082956;+77789082956;yes;;http://tiktok.com/@shini_almaty;whatsapp:https://wa.me/77789082956;4.9;33;43.268741;76.886171;70000001103894485_Cy223g1578G23H8301I2GGG0p5yAs873G6G505A813599759wpqt54648J1A7G7G2J1J998Cfcsnuv7B884A1013426H236HHHGJHG3I87BCe9
шиномонтаж;Polimer Colors, центр покраски автомобильных дисков;Шиномонтаж, Полимерная порошковая окраска, Тюнинг;проспект Турара Рыскулова, 68/2а;+77082181001;+77082181001;yes;;;instagram:https://instagram.com/polimer_colors.kz whatsapp:https://wa.me/77082181001;4.9;437;43.285657;76.924192;70000001053697583_Cy223g1578G23H8301I2GGG0p5yAs873G6G505A813579A69wpqt54648J1A7G7G2J1J998Cfcsnuv7B884A1013374H237HHHGJHG3I87BCA5
шиномонтаж;Алем сервис, СТО;Шиномонтаж, Кузовной ремонт, Детейлинг, Тонирование автостёкол, Звукоизоляционные материалы, Замена масла, Ремонт ходовой части автомобиля, Легковой автосервис;улица Бальзака, 14в;+77776445544;+77776445544;yes;;http://tiktok.com/@sto_alem http://alem-service-sto.kz;instagram:https://instagram.com/alem.service facebook:https://facebook.com/alem.service whatsapp:https://wa.me/77776445544 telegram:https://t.me/+77776445544;4.8;28;43.223945;76.934675;70000001092463658_Cy223g1578G23H8301I2GGG0p5yAs873G6G505A813456676wpqt54648J1A7G7G2J1J998Cfcsnuv7B884A10133B9H239HHHGJHG3I87BCf2
шиномонтаж;Nyr17, шинный центр;Шиномонтаж, Шины и диски;улица Бестогай, 6;+77753575920 +77015950672 +77474848353 +77759989761;+77753575920;yes;;http://www.tiktok.com/@kustonetyres;instagram:https://instagram.com/nyr17_tires whatsapp:https://wa.me/77753575920;5;78;43.251003;76.78161;70000001100047748_Cy223g1578G23H8301I2GGG0p5yAs873G6G505A813214A85wpqt54648J1A7G7G2J0J998Cfcsnuv7B884A1013429H244HHHGJHG2I87BC86
шиномонтаж;Шиномонтажная мастерская;Шиномонтаж;улица Уют, 22г;+77088505139 +77075716498;+77088505139;yes;;;whatsapp:https://wa.me/77088505139 whatsapp:https://wa.me/77075716498;4.6;26;43.33039;76.799981;70000001099951749_Cy223g1578G23H8301I2GGG0p5yAs873G6G505A813BA5485wpqt54648J1A7G7G2J0J998Cfcsnuv7B884A10133BAH24CHHHGJHG2I87BCgA
шиномонтаж;Unityre, шинный центр;Шиномонтаж, Шины и диски, Хранение шин, Ремонт ходовой части автомобиля, Детейлинг;улица Кабанбай батыра, 18;+77272411986 +77272411976 +77272411969 +77772939492 +77762910201;+77762910201;yes;;http://unityre.kz;instagram:https://instagram.com/unityre_company facebook:https://facebook.com/www.unityre.kz whatsapp:https://wa.me/77762910201;4.9;279;43.250972;76.965485;9429940000790979_Cy223g1578G23HA72A4GGG0Gp5yAs873G6G505A8139A0C8Awpqt54648J1A7G7G2JGA8B9Jfcsnuv7B884AA41232H234J1HHGJH0I979CA9
шиномонтаж;Freedom Drive, компания;Шиномонтаж, Шины и диски;улица Шоссейная, 302;+77470117777;+77717809437;yes;;http://fdrive.kz;instagram:https://instagram.com/fdrive.kz whatsapp:https://wa.me/77717809437;4.8;32;43.348995;76.899148;70000001104787988_Cy223g1578G23H8301I2GGG0p5yAs873G6G505A813688AA9wpqt54648J1A7G7G2J0J998Cfcsnuv7B884A1013429H255HHHGJHG2I87BC8c
шиномонтаж;Diskokras, шиномонтажная мастерская;Шиномонтаж, Полимерная порошковая окраска, Развал-схождение, Хранение шин;улица Казыбек би, 155;+77014141471 +77078084004 +77073035050;+77014141471;yes;;;instagram:https://instagram.com/diskokras.kz whatsapp:https://wa.me/77014141471 whatsapp:https://wa.me/77073035050;4.9;217;43.254683;76.915496;70000001035388274_Cy223g1578G23H8301I2GGG0p5yAs873G6G505A813748B38wpqt54648J1A7G7G2J0J998Cfcsnuv7B884A1013355H256HHHGJHG2I87BC54
шиномонтаж;Asia tyres, магазин;Шиномонтаж, Шины и диски, Сварочные работы;Щепеткова улица, 89;+77772096099 +77082049502;+77772096099;yes;;;whatsapp:https://wa.me/77772096099 whatsapp:https://wa.me/77082049502;4.3;13;43.227554;76.874847;70000001100883515_Cy223g1578G23H8301I2GGG0p5yAs873G6G505A813298662wpqt54648J1A7G7G2J0J998Cfcsnuv7B884A1013426H25AHHHGJHG2I87BC9f
шиномонтаж;Unityre, шинный центр;Шиномонтаж, Шины и диски, Ремонт ходовой части автомобиля, Хранение шин;улица Щелково, 69г;+77273802150 +77774280749 +77273908754 +77774280748;+77774280749;yes;;http://unityre.kz;instagram:https://instagram.com/unityre_company facebook:https://facebook.com/www.unityre.kz whatsapp:https://wa.me/77774280749;4.9;126;43.336797;76.966103;70000001029401668_Cy223g1578G23H8301I2GGG0p5yAs873G6G505A813B50477wpqt54648J1A7G7G2J0J998Cfcsnuv7B884A1013349H25BHHHGJHG2I87BC97
шиномонтаж;У Elbrusa, автосервис;Шиномонтаж, Обслуживание автомобильных климатических систем, Ремонт ходовой части автомобиля;проспект Сейфуллина, 77/1;+77086545068 +77029490004;+77029490004;yes;;;whatsapp:https://wa.me/77029490004;5;51;43.320167;76.939039;70000001066531415_Cy223g1578G23H8301I2GGG0p5yAs873G6G505A813863452wpqt54648J1A7G7G2J0J998Cfcsnuv7B884A1013386H266HHHGJHG2I87BC4f
шиномонтаж;Yokohama, официальный дистрибьютор автошин Yokohama в РК;Шиномонтаж, Шины и диски, Хранение шин;проспект Райымбека, 494;+77473985050 +77273985050;+77473985050;yes;;;instagram:https://instagram.com/yokohama_kazakhstan facebook:https://facebook.com/yokohamatirekz whatsapp:https://wa.me/77473985050;4.9;135;43.248723;76.845348;70000001038739707_Cy223g1578G23H8301I2GGG0p5yAs873G6G505A813A83C81wpqt54648J1A7G7G2J0J998Cfcsnuv7B884A1013358H268HHHGJHG2I87BChA
шиномонтаж;9.1.1., автосервис;Шиномонтаж, Ремонт ходовой части автомобиля, Развал-схождение, Компьютерная диагностика автомобилей, Ремонт рулевых реек;Павлодарская улица, 55а;+77770000911;+77770000911;yes;;;instagram:https://instagram.com/avtoservice_911 whatsapp:https://wa.me/77770000911;4.9;170;43.340494;76.923312;70000001020791892_Cy223g1578G23H8301I2GGG0p5yAs873G6G505A81328949Awpqt54648J1A7G7G2J0J998Cfcsnuv7B884A1013343H26CHHHGJHG2I87BC46
шиномонтаж;Unityre, шинный центр;Шиномонтаж, Шины и диски, Хранение шин;улица Манаса, 1г;+77273754009 +77273754085 +77754610928 +77273755400 +77777075400;+77273754009;;;http://unityre.kz;instagram:https://instagram.com/unityre_company;4.9;281;43.243996;76.907862;9429940000790981_Cy223g1578G23HA72A4GGG0Gp5yAs873G6G505A8139A0C92wpqt54648J1A7G7G2JGA8B9Jfcsnuv7B884AA41232H254J1HHGJH0I979C42
шиномонтаж;Шиномонтажная мастерская;Шиномонтаж, Хранение шин;улица Бекхожина, 1Б;+77775134707 +77079198999;+77775134707;yes;;;whatsapp:https://wa.me/77775134707 whatsapp:https://wa.me/77079198999;4.9;254;43.24656;76.95991;70000001027856112_Cy223g1578G23H8301I2GGG0p5yAs873G6G505A813995922wpqt54648J1A7G7G2J0J998Cfcsnuv7B884A1013343H276HHHGJHG2I87BCc8
шиномонтаж;Qlife, магазин по продаже автошин и автохимии;Шиномонтаж, Шины и диски, Автоаксессуары, Контрактные автозапчасти, Автомобильные аккумуляторы;улица Ильяса Жансугурова, 139;+77472193305;+77077222416;yes;;http://tiktok.com/@qlifekz_;instagram:https://instagram.com/qlifekz whatsapp:https://wa.me/77077222416;4.9;285;43.288762;76.937517;70000001078741033_Cy223g1578G23H8301I2GGG0p5yAs873G6G505A813A84414wpqt54648J1A7G7G2J0J998Cfcsnuv7B884A1013394H278HHHGJHG2I87BCg6
шиномонтаж;ProVyhlop.kz, автосервис;Шиномонтаж, Ремонт выхлопных систем, Развал-схождение, Кузовной ремонт;микрорайон Айнабулак-1, 12/1;+77773493111 +77075493111;+77773493111;yes;;;instagram:https://instagram.com/provyhlop.kz whatsapp:https://wa.me/77773493111 whatsapp:https://wa.me/77075493111;4.9;21;43.323895;76.90732;70000001103963313_Cy223g1578G23H8301I2GGG0p5yAs873G6G505A8135A6642wpqt54648J1A7G7G2J0J998Cfcsnuv7B884A1013424H279HHHGJHG2I87BC8e
шиномонтаж;Два брата, шиномонтажная мастерская;Шиномонтаж;улица Абиша Кекилбайулы, 28к;+77770618322;+77770618322;yes;;;whatsapp:https://wa.me/77770618322;4.9;42;43.21022;76.88914;70000001114228852_Cy223g1578G23H8301I2GGG0p5yAs873G6G505A813632B96wpqt54648J1A7G7G2J0J998Cfcsnuv7B884A1013433H27AHHHGJHG2I87BCB9
шиномонтаж;Миг Авто Сервис, торгово-сервисный центр грузовых автомобилей;Шиномонтаж, Замена масла, Развал-схождение, Ремонт ходовой части автомобиля, Ремонт АКПП, Ремонт электронных систем авто, Ремонт выхлопных систем, Грузовой автосервис, Ремонт МКПП, Запчасти для грузовых авто;улица Тимофеева, 12;+77015156275;+77015156275;yes;;;whatsapp:https://wa.me/77015156275;4.2;34;43.259348;76.855512;9429940000798043_urDzir1578G23HA72A4GGG0G44668573G6G505A8139A8354wpqt5464AJ1A9G7G3JGA8B9JcuEluv7B884AA41232H31AJ1HHGJH0I979CBc
шиномонтаж;Шиномонтажная мастерская;Шиномонтаж;улица Дауылбаева, 2/1;+77771055546;+77771055546;yes;;;whatsapp:https://wa.me/77771055546;4.4;33;43.205869;76.856384;70000001061523209_urDzir1578G23H8301I2GGG044668573G6G505A813362631wpqt5464AJ1A9G7G3J0J998CcuEluv7B884A101338AH33BHHHGJHG2I87BC68
шиномонтаж;Шин Line, компания;Шиномонтаж, Шины и диски;улица Аксуат, 98;+77076272727;+77076272727;yes;;http://shinline.kz/;instagram:https://instagram.com/shin_line_kz facebook:https://facebook.com/shinlinekz vkontakte:https://vk.com/shinlinekz whatsapp:https://wa.me/77076272727;4.9;73;43.364994;76.94524;70000001034255833_urDzir1578G23H8301I2GGG044668573G6G505A813635894wpqt5464AJ1A9G7G3J0J998CcuEluv7B884A1013354H343HHHGJHG2I87BCh8
шиномонтаж;У Тофика, шиномонтажная мастерская;Шиномонтаж, Сварочные работы, Шины и диски;улица Айымбетова, 2/1;+77025172571 +77766460266;+77025172571;yes;;;whatsapp:https://wa.me/77025172571 whatsapp:https://wa.me/77766460266;4.9;86;43.230644;76.803588;70000001057678288_urDzir1578G23H8301I2GGG044668573G6G505A813977B39wpqt5464AJ1A9G7G3J0J998CcuEluv7B884A1013379H345HHHGJHG2I87BCh1
шиномонтаж;Шиномонтажная мастерская;Шиномонтаж;улица Жандосова, 70Б;+77781015452;+77781015452;yes;;;whatsapp:https://wa.me/77781015452;4.4;22;43.179576;76.805275;70000001032697657_urDzir1578G23H8301I2GGG044668573G6G505A813479A76wpqt5464AJ1A9G7G3J0J998CcuEluv7B884A1013358H34CHHHGJHG2I87BCdf
шиномонтаж;Шиномонтажная мастерская;Шиномонтаж;Закарпатская улица, 1/4;+77066089867;+77066089867;;;;;4.9;112;43.341348;77.011084;70000001032979161_urDzir1578G23H8301I2GGG044668573G6G505A8134A7C27wpqt5464AJ1A9G7G3J0J998CcuEluv7B884A1013352H353HHHGJHG2I87BC62
шиномонтаж;Verшины, шинный центр;Шиномонтаж, Шины и диски;улица Жабаева, 203;+77017395034 +77789741505 +77789741500;+77017395034;;;;instagram:https://instagram.com/shiny_tk;4.9;27;45.007212;78.363908;70000001054907515_urDzir1578G23H8301I2GGG044668573G6G505A8136A0A62wpqt5464AJ1A9G7G3J0J998CcuEluv7B884A1013376H355HHHGJHG2I87BC6d
шиномонтаж;Шиномонтажная мастерская;Шиномонтаж;улица Кунаева, 47а;+77474805576;+77474805576;yes;;;whatsapp:https://wa.me/77474805576;4.8;45;43.195404;76.836408;70000001097354127_urDzir1578G23H8301I2GGG044668573G6G505A813945723wpqt5464AJ1A9G7G3J0J998CcuEluv7B884A10133B8H356HHHGJHG2I87BC93
шиномонтаж;ABServise;Шиномонтаж, Ремонт ходовой части автомобиля, Тюнинг, Компьютерная диагностика автомобилей;улица Некрасова, 44а;+77773693563;+77773693563;;;http://tiktok.com/@abservice_almaty?_r=1&_t=ZS-96fq8yyyIh0;instagram:https://instagram.com/abservice.almaty;4.9;28;43.352669;76.958567;70000001101019232_urDzir1578G23H8301I2GGG044668573G6G505A813311C34wpqt5464AJ1A9G7G3J0J998CcuEluv7B884A1013423H358HHHGJHG2I87BCBb
шиномонтаж;Aquaтория, автомойка;Шиномонтаж, Автомойки, Хранение шин;улица Тимирязева, 42 к24;+77085062605 +77028777777 +77076403145;+77085062605;yes;;;instagram:https://instagram.com/aquatoriyatk whatsapp:https://wa.me/77085062605;4.8;194;43.2165;76.905933;70000001037263168_urDzir1578G23H8301I2GGG044668573G6G505A813936627wpqt5464AJ1A9G7G3J0J998CcuEluv7B884A1013359H359HHHGJHG2I87BCf5
шиномонтаж;Oil Center, автосервис;Шиномонтаж, Ремонт ходовой части автомобиля, Замена масла, Обслуживание автомобильных климатических систем;улица Ильяса Жансугурова, 215;+77003332625 +77085907499;+77003332625;yes;;;instagram:https://instagram.com/oil_center_almaty_ whatsapp:https://wa.me/77003332625 whatsapp:https://wa.me/77085907499;5;61;43.29668;76.932927;70000001042523119_urDzir1578G23H8301I2GGG044668573G6G505A813462622wpqt5464AJ1A9G7G3J0J998CcuEluv7B884A101336AH364HHHGJHG2I87BCfc
шиномонтаж;Водопад, автомойка;Шиномонтаж, Автомойки;12-й микрорайон, 20Б;+77085826863;+77085826863;yes;;;whatsapp:https://wa.me/77085826863;3.1;4;43.219831;76.866693;70000001114901522_urDzir1578G23H8301I2GGG044668573G6G505A8136A0463wpqt5464AJ1A9G7G3J0J998CcuEluv7B884A1013433H367HHHGJHG2I87BCfe
шиномонтаж;Шиномонтажная мастерская;Шиномонтаж;улица Ислама Каримова, 157;+77478678095 +77074595988;+77478678095;yes;;;whatsapp:https://wa.me/77478678095 whatsapp:https://wa.me/77074595988;4.8;59;43.244261;76.883796;70000001099930560_urDzir1578G23H8301I2GGG044668573G6G505A813BA3367wpqt5464AJ1A9G7G3J0J998CcuEluv7B884A10133B1H368HHHGJHG2I87BC2d
шиномонтаж;Колёсный доктор, шиномонтажная мастерская и центр откручивания секреток;Шиномонтаж, Сварочные работы;улица Досмухамедова, 49;+77082314337 +77075250132 +77779009090 +77272922185;+77075250132;yes;;;instagram:https://instagram.com/kolesa_doktor_almaty whatsapp:https://wa.me/77075250132;4.9;59;43.253791;76.923716;70000001102603641_urDzir1578G23H8301I2GGG044668573G6G505A813470675wpqt5464AJ1A9G7G3J0J998CcuEluv7B884A1013422H36AHHHGJHG2I87BC9e
шиномонтаж;88, автосервис;Шиномонтаж, Замена масла, Кузовной ремонт, Обслуживание автомобильных климатических систем;улица Иманбурлык, 70/8 лит Б;+77757845089;+77757845089;yes;;http://tiktok.com/@zamena_masla_svarka;instagram:https://instagram.com/zamena_masla_svarka whatsapp:https://wa.me/77757845089;5;5;43.236531;76.800353;70000001048016273_urDzir1578G23H8301I2GGG044668573G6G505A813A11938wpqt5464AJ1A9G7G3J0J998CcuEluv7B884A1013364H36CHHHGJHG2I87BChe
шиномонтаж;Восточный Рай, шиномонтажная мастерская;Шиномонтаж;улица Галилея, 2/5;+77025812917;+77025812917;;;;;4.9;69;43.266023;76.908521;9429940001472765_urDzir1578G23HA72A4GGG0G44668573G6G505A813682A76wpqt5464AJ1A9G7G3JGA8B9JcuEluv7B884AA41233H358J1HHGJH0I979Cg5
шиномонтаж;Salman Service, ​шиномонтажная мастерская;Шиномонтаж;микрорайон Казахфильм, 21д;+77003130555;+77003130555;yes;;;instagram:https://instagram.com/salman.service whatsapp:https://wa.me/77003130555;4.9;21;43.197072;76.904883;70000001093500309_rvD4Dw1578G23H8301I2GGG0fhcEtl73G6G505A814560341wpqt54652J1A1G7G4J0J998Cuevluv7B884A10133BAH433HHHGJHG2I87BCd9
шиномонтаж;Taugul, автомойка и шиномонтажная мастерская;Шиномонтаж, Автомойки;микрорайон Таугуль-1, 46а;+77758079032;+77758079032;;;;;4.1;12;43.213523;76.881817;70000001115648629_rvD4Dw1578G23H8301I2GGG0fhcEtl73G6G505A814774B73wpqt54652J1A1G7G4J0J998Cuevluv7B884A101343AH435HHHGJHG2I87BCg3
шиномонтаж;Жігер, центр аккумуляторов;Шиномонтаж, Автомобильные аккумуляторы, Замена масла, Автохимия;Алматинская улица, 130;+77475005083 +77056666965;+77056666965;yes;;;whatsapp:https://wa.me/77056666965 whatsapp:https://wa.me/77475005083;4.9;23;43.402304;76.911045;70000001083799746_rvD4Dw1578G23H8301I2GGG0fhcEtl73G6G505A814589C85wpqt54652J1A1G7G4J0J998Cuevluv7B884A10133A7H437HHHGJHG2I87BC24
шиномонтаж;Шиномонтажная мастерская;Шиномонтаж, Обслуживание автомобильных климатических систем;проспект Райымбека, 50/1;+77004930370;+77004930370;;;;;4.5;12;43.271306;76.958451;70000001055065398_rvD4Dw1578G23H8301I2GGG0fhcEtl73G6G505A81471684Awpqt54652J1A1G7G4J0J998Cuevluv7B884A1013379H439HHHGJHG2I87BC35
шиномонтаж;Акбар, СТО;Шиномонтаж, Развал-схождение, Грузовой автосервис, Сварочные работы, Ремонт выхлопных систем, Металлообработка;Северное Кольцо шоссе, 53/2;+77077596778 +77071152951;+77071152951;yes;;;whatsapp:https://wa.me/77071152951 whatsapp:https://wa.me/77077596778;4.3;14;43.352342;76.930552;70000001057169643_rvD4Dw1578G23H8301I2GGG0fhcEtl73G6G505A814926C75wpqt54652J1A1G7G4J0J998Cuevluv7B884A1013374H43BHHHGJHG2I87BCcA
шиномонтаж;Шиномонтажная мастерская;Шиномонтаж;улица Розыбакиева, 183;+77072456199 +77475309861;+77072456199;;;;;4.9;109;43.21159;76.892997;70000001042698366_rvD4Dw1578G23H8301I2GGG0fhcEtl73G6G505A814479B47wpqt54652J1A1G7G4J0J998Cuevluv7B884A1013367H43CHHHGJHG2I87BCgb
шиномонтаж;Восточный Рай, бильярдный клуб;Бильярдные залы;улица Галилея, 2/3;+77074480276;+77074480276;;;;;4.1;24;43.266165;76.908313;70000001059307516_rvD4Dw1578G23H8301IG0GGGfhcEtl73G6G505A814B40A62wpqt54652J1A1G7G4J0JI62Juevluv7B884A1013377H443HHHG3Hb7
шиномонтаж;Емеля, шиномонтажная мастерская;Шиномонтаж, Полимерная порошковая окраска, Хранение шин;проспект Сейфуллина, 182а/1;+77470590453 +77472559046;+77470590453;yes;;;instagram:https://instagram.com/masterskaya_yemelya whatsapp:https://wa.me/77470590453;5;75;43.304344;76.940887;9429940000973835_rvD4Dw1578G23HA72A4GGG0GfhcEtl73G6G505A814B83B46wpqt54652J1A1G7G4JGA8B9Juevluv7B884AA41232H424J1HHGJH0I979Chd
шиномонтаж;Шиномастер 777, Шиномонтажная мастерская;Шиномонтаж;улица Талант, 8а;+77078333371;+77711051760;yes;;;whatsapp:https://wa.me/77711051760;5;114;43.352355;76.924037;70000001093687806_rvD4Dw1578G23H8301I2GGG0fhcEtl73G6G505A814578A91wpqt54652J1A1G7G4J0J998Cuevluv7B884A10133B7H445HHHGJHG2I87BC5b
шиномонтаж;EXPERT OIL SERVICE + UNITED OIL, №6, Сеть пунктов замены масел и автомагазинов;Шиномонтаж, Замена масла, Автохимия, Автомобильные аккумуляторы, Запчасти для легковых автомобилей;проспект Райымбека, 221/1;+77009787000106;+77009787000;yes;info@expertoil.kz;http://www.expertoil.kz;vkontakte:https://vk.com/expertoilalmaty facebook:https://facebook.com/expertoilkz whatsapp:https://wa.me/77009787000;4.9;124;43.268661;76.919437;70000001094272296_rvD4Dw1578G23H8301I2GGG0fhcEtl73G6G505A81463753Awpqt54652J1A1G7G4J1J998Cuevluv7B884A10133B7H44AHHHGJHG3I87BCcg
шиномонтаж;Геликон, автосервис;Шиномонтаж, Ремонт бензиновых двигателей, Ремонт ходовой части автомобиля, Замена масла, Компьютерная диагностика автомобилей, Легковой автосервис, Запчасти для легковых автомобилей, Обслуживание автомобильных климатических систем, Ремонт стартеров и генераторов, Ремонт электронных систем авто, Автосигнализации, Ремонт инжекторов, Ремонт рулевых реек, Развал-схождение;Акжолтай, 10а;+77711076223;+77775040715;yes;;http://gelikon.kz;instagram:https://instagram.com/gelikon.almaty whatsapp:https://wa.me/77775040715 telegram:https://t.me/+77775040715;5;6;43.354277;76.843529;70000001115607762_rvD4Dw1578G23H8301I2GGG0fhcEtl73G6G505A814770A87wpqt54652J1A1G7G4J0J998Cuevluv7B884A1013433H453HHHGJHG2I87BCfg
шиномонтаж;JT group, ​автосервис и магазин автозапчастей;Шиномонтаж, Ремонт ходовой части автомобиля, Замена масла, Запчасти для легковых автомобилей, Хранение шин;Северное Кольцо шоссе, 60а;+77472356192;+77472356192;yes;;http://tiktok.com/@aziz_avt;instagram:https://instagram.com/topgearcar_kz whatsapp:https://wa.me/77472356192;4.9;35;43.32991;76.910584;70000001097013248_rvD4Dw1578G23H8301I2GGG0fhcEtl73G6G505A814911635wpqt54652J1A1G7G4J0J998Cuevluv7B884A10133B9H454HHHGJHG2I87BC7d
шиномонтаж;По-Братски CarService, автосервис;Шиномонтаж, Компьютерная диагностика автомобилей, Ремонт ходовой части автомобиля, Замена масла, Запчасти для легковых автомобилей;улица Кыдырбекова, 34;+77776060779;+77776060779;;;;instagram:https://instagram.com/bratski_carservice;4;10;43.218741;76.802867;70000001109970396_rvD4Dw1578G23H8301I2GGG0fhcEtl73G6G505A814BA734Awpqt54652J1A1G7G4J0J998Cuevluv7B884A1013427H455HHHGJHG2I87BCf8
шиномонтаж;Шиномонтажная мастерская;Шиномонтаж;улица Жандосова, 17а;+77777461385 +77476962403 +77784401136;+77476962403;yes;;;whatsapp:https://wa.me/77476962403 whatsapp:https://wa.me/77784401136 whatsapp:https://wa.me/77777461385;4.8;14;43.176338;76.798023;70000001056421534_rvD4Dw1578G23H8301I2GGG0fhcEtl73G6G505A814852464wpqt54652J1A1G7G4J0J998Cuevluv7B884A1013375H456HHHGJHG2I87BC2d
шиномонтаж;Шиномонтажная мастерская;Шиномонтаж;улица Желтоксан, 273а;+77770251767;+77770251767;yes;;;whatsapp:https://wa.me/77770251767;5;2;44.993389;78.364485;70000001116216083_rvD4Dw1578G23H8301I2GGG0fhcEtl73G6G505A814831919wpqt54652J1A1G7G4J0J998Cuevluv7B884A1013434H457HHHGJHG2I87BC22
шиномонтаж;Аксай, автосервис;Шиномонтаж, Легковой автосервис, Ремонт ходовой части автомобиля, Замена масла, Ремонт бензиновых двигателей, Развал-схождение, Ремонт МКПП, Ремонт электронных систем авто, Компьютерная диагностика автомобилей, Обслуживание автомобильных климатических систем, Ремонт выхлопных систем;микрорайон Аксай-4, 18/2;+77774294358 +77053965612 +77474245469;+77770335837;yes;;;whatsapp:https://wa.me/77770335837 whatsapp:https://wa.me/77071513711 whatsapp:https://wa.me/77474245469;4.9;81;43.234033;76.838265;9429940000798078_rvD4Dw1578G23HA72A4GGG0GfhcEtl73G6G505A8149A8389wpqt54652J1A1G7G4JGA8B9Juevluv7B884AA41232H438J1HHGJH0I979C7B
шиномонтаж;Шиномонтажная мастерская;Шиномонтаж, Шины и диски;улица Наурызбай батыра, 24;+77072062727;+77072062727;yes;;;whatsapp:https://wa.me/77072062727;4.9;17;43.209026;76.639065;70000001084002277_rvD4Dw1578G23H8301I2GGG0fhcEtl73G6G505A814610538wpqt54652J1A1G7G4J0J998Cuevluv7B884A10133A8H459HHHGJHG2I87BC85
шиномонтаж;Doscar, сервисный центр Jetour;Шиномонтаж, Легковой автосервис, Замена масла, Ремонт электронных систем авто, Кузовной ремонт;Кульджинский тракт, 12/4а;+77710709952;+77710709952;yes;;;whatsapp:https://wa.me/77710709952;;;43.292433;76.994532;70000001114819026_rvD4Dw1578G23H8301I2GGG0fhcEtl73G6G505A814691C13wpqt54652J1A1G7G4J0J998Cuevluv7B884A1013437H45AHHHGJHG2I87BC3e
шиномонтаж;Arx Auto, автосервис;Шиномонтаж, Продажа легковых автомобилей, Ремонт ходовой части автомобиля, Автоаксессуары, Кузовной ремонт;улица Алдабергенова, 18а/1;+77776666533 +77083789646;+77776666533;;;;;5;15;43.314574;77.052302;70000001106072147_rvD4Dw1578G23H8301I2GGG0fhcEtl73G6G505A814817525wpqt54652J1A1G7G4J0J998Cuevluv7B884A1013428H45BHHHGJHG2I87BC52
шиномонтаж;№ 1, шиномонтажная мастерская;Шиномонтаж;улица Ескараева, 30/1;+77074486660;+77074486660;yes;;;whatsapp:https://wa.me/77074486660;4.9;25;43.207275;76.892445;70000001095779742_rvD4Dw1578G23H8301I2GGG0fhcEtl73G6G505A814787C85wpqt54652J1A1G7G4J0J998Cuevluv7B884A10133B3H45CHHHGJHG2I87BCfb
шиномонтаж;Араба, шиномонтажная мастерская;Шиномонтаж;улица Фаризы Онгарсыновой, 202;+77471203465;+77471203465;yes;;http://www.tiktok.com/@araba.qazaqstan;instagram:https://instagram.com/araba.qazaqstan whatsapp:https://wa.me/77471203465 telegram:https://t.me/arabagobot;4.9;65;43.246084;76.804015;70000001088939928_rvD4Dw1578G23H8301I2GGG0fhcEtl73G6G505A814AA3CA3wpqt54652J1A1G7G4J0J998Cuevluv7B884A10133A9H463HHHGJHG2I87BCAg
шиномонтаж;Polymer Studio, центр полимерной порошковой покраски;Шиномонтаж, Полимерная порошковая окраска, Металлообработка;улица Черноморская, 38/1;+77771522255;+77771522255;yes;;http://polymerstudio.kz;instagram:https://instagram.com/polymerstudio whatsapp:https://wa.me/77771522255;4.8;30;43.286677;76.934725;70000001035938966_rvD4Dw1578G23H8301I2GGG0fhcEtl73G6G505A8147A3BA7wpqt54652J1A1G7G4J0J998Cuevluv7B884A1013357H464HHHGJHG2I87BC82
шиномонтаж;Шиномонтажная мастерская;Шиномонтаж;улица Баймагамбетова, 167;+77758031666 +77075963593;+77758031666;yes;;;whatsapp:https://wa.me/77758031666 whatsapp:https://wa.me/77075963593;4.9;31;43.315976;76.975811;70000001075299582_rvD4Dw1578G23H8301I2GGG0fhcEtl73G6G505A814739C69wpqt54652J1A1G7G4J0J998Cuevluv7B884A1013393H465HHHGJHG2I87BC59
шиномонтаж;Алма-Сервис, СТО;Шиномонтаж, Легковой автосервис, Ремонт ходовой части автомобиля, Замена масла, Ремонт рулевых реек, Компьютерная диагностика автомобилей, Сварочные работы, Ремонт стартеров и генераторов, Ремонт карданных валов, Ремонт карбюраторов;улица Потанина, 224Б;+77273831040 +77019640924 +77051957537;+77019640924;yes;;;instagram:https://instagram.com/sto_almaservice whatsapp:https://wa.me/77019640924 whatsapp:https://wa.me/77051957537;5;35;43.290888;76.952617;9429940000792182_rvD4Dw1578G23HA72A4GGG0GfhcEtl73G6G505A8149A2493wpqt54652J1A1G7G4JGA8B9Juevluv7B884AA41232H447J1HHGJH0I979CBd
шиномонтаж;Wheel Еmpire, шиномонтажная мастерская;Шиномонтаж;проспект Достык, 170;+77718727971;+77002931268;yes;;;whatsapp:https://wa.me/77002931268;4.9;167;43.233262;76.959483;70000001103644809_rvD4Dw1578G23H8301I2GGG0fhcEtl73G6G505A814574791wpqt54652J1A1G7G4J0J998Cuevluv7B884A101342AH468HHHGJHG2I87BC89
шиномонтаж;Авангард, автосервис;Шиномонтаж, Легковой автосервис, Ремонт ходовой части автомобиля, Ремонт дизельных двигателей, Ремонт бензиновых двигателей, Развал-схождение, Замена масла, Ремонт выхлопных систем;улица Тлендиева, 258д;+77773937591;+77773937591;yes;;;whatsapp:https://wa.me/77773937591;3.5;21;43.22513;76.88219;9429940001240536_rvD4Dw1578G23HA72A4GGG0GfhcEtl73G6G505A814450847wpqt54652J1A1G7G4JGA8B9Juevluv7B884AA41233H449J1HHGJH0I979Ch7
шиномонтаж;Hunter;Шиномонтаж, Хранение шин;улица Кармысова, 80/1;+77052914983;+77786900484;yes;;;whatsapp:https://wa.me/77786900484;4.8;27;43.245603;76.960032;70000001117191217_rvD4Dw1578G23H8301I2GGG0fhcEtl73G6G505A814929432wpqt54652J1A1G7G4J1J998Cuevluv7B884A1013438H46AHHHGJHG3I87BCdd
шиномонтаж;Мерген Ата, автосервис и магазин автозапчастей;Шиномонтаж, Запчасти для легковых автомобилей, Автохимия, Ремонт бензиновых двигателей, Замена масла, Ремонт ходовой части автомобиля, Легковой автосервис;улица Бейсенказы, 1а/2;+77078717470 +77070550735 +77055158100;+77477169424;yes;;;whatsapp:https://wa.me/77477169424;4.5;11;43.365014;76.641298;70000001098551972_rvD4Dw1578G23H8301I2GGG0fhcEtl73G6G505A814A654A8wpqt54652J1A1G7G4J0J998Cuevluv7B884A10133B3H46BHHHGJHG2I87BCf3
шиномонтаж;ASM Service, автосервис;Шиномонтаж, Легковой автосервис, Ремонт бензиновых двигателей, Ремонт электронных систем авто, Ремонт ходовой части автомобиля, Ремонт выхлопных систем, Компьютерная диагностика автомобилей, Ремонт МКПП, Ультразвуковая мойка деталей;улица Жансугурова, 84;+77085277256 +77769000093;+77085277256;yes;;;whatsapp:https://wa.me/77085277256 whatsapp:https://wa.me/77769000093;5;109;43.432019;77.02741;70000001055235886_rvD4Dw1578G23H8301I2GGG0fhcEtl73G6G505A814733899wpqt54652J1A1G7G4J0J998Cuevluv7B884A1013377H473HHHGJHG2I87BC5b
шиномонтаж;Колесо, шиномонтажная мастерская;Шиномонтаж, Развал-схождение, Хранение шин, Ремонт ходовой части автомобиля;улица Манаса, 1в;+77077771555 +77058888100;+77075777007;yes;;;whatsapp:https://wa.me/77075777007;4.9;40;43.24424;76.907782;70000001051267491_rvD4Dw1578G23H8301I2GGG0fhcEtl73G6G505A814336A5Awpqt54652J1A1G7G4J0J998Cuevluv7B884A1013372H474HHHGJHG2I87BCgA
шиномонтаж;V_ tire, шиномонтажная мастерская;Шиномонтаж, Полимерная порошковая окраска;улица Бокейханова, 326;+77272942951;+77053242222;yes;;http://v-tire.kz;instagram:https://instagram.com/v_tire.almaty whatsapp:https://wa.me/77053242222;5;96;43.28502;76.903019;9429940000959150_rvD4Dw1578G23HA72A4GGG0GfhcEtl73G6G505A814B69461wpqt54652J1A1G7G4JGA8B9Juevluv7B884AA41232H455J1HHGJH0I979CB8
шиномонтаж;Авторитет, СТО;Шиномонтаж, Легковой автосервис, Тюнинг, Ремонт электронных систем авто, Замена масла, Кузовной ремонт, Ремонт ходовой части автомобиля, Ремонт бензиновых двигателей;улица Бокеева, 126а;+77751241010;+77751241010;yes;;;whatsapp:https://wa.me/77751241010;4.9;31;43.268279;76.876681;9429940000902827_rvD4Dw1578G23HA72A4GGG0GfhcEtl73G6G505A814B12B38wpqt54652J1A1G7G4JGA8B9Juevluv7B884AA41232H456J1HHGJH0I979C62
шиномонтаж;Вулканизация у Дмитрия, шиномонтажная мастерская;Шиномонтаж, Обслуживание автомобильных климатических систем, Компьютерная диагностика автомобилей, Автомобильные аккумуляторы, Сварочные работы;проспект Турара Рыскулова, 19;+77013281214 +77076064477;+77076064477;yes;;;whatsapp:https://wa.me/77076064477 whatsapp:https://wa.me/77013281214;4.5;64;43.293431;76.938796;70000001041665026_rvD4Dw1578G23H8301I2GGG0fhcEtl73G6G505A814376813wpqt54652J1A1G7G4J0J998Cuevluv7B884A1013367H477HHHGJHG2I87BCA7
шиномонтаж;У Марата, шиномонтажная мастерская;Шиномонтаж;улица Текес, 105/1;+77059108060;+77059108060;yes;;;whatsapp:https://wa.me/77059108060;5;62;43.285136;76.841085;70000001036243700_rvD4Dw1578G23H8301I2GGG0fhcEtl73G6G505A814834681wpqt54652J1A1G7G4J0J998Cuevluv7B884A1013351H478HHHGJHG2I87BCg3
шиномонтаж;DM service, автосервис;Шиномонтаж, Легковой автосервис, Ремонт бензиновых двигателей, Обслуживание автомобильных климатических систем, Ремонт инжекторов, Замена масла, Компьютерная диагностика автомобилей, Ремонт МКПП, Ремонт электронных систем авто, Ремонт ходовой части автомобиля, Запчасти для легковых автомобилей;улица Тайторы батыра, 153;+77057361707;+77057361707;yes;;;whatsapp:https://wa.me/77057361707;4.8;80;43.214967;76.826872;70000001078528631_rvD4Dw1578G23H8301I2GGG0fhcEtl73G6G505A814A62B74wpqt54652J1A1G7G4J0J998Cuevluv7B884A1013392H479HHHGJHG2I87BC53
шиномонтаж;Автосервис у Грека;Шиномонтаж, Ремонт ходовой части автомобиля, Ремонт дизельных двигателей, Сварочные работы, Замена масла, Обслуживание автомобильных климатических систем, Ремонт электронных систем авто, Ремонт выхлопных систем, Легковой автосервис, Компьютерная диагностика автомобилей, Ремонт бензиновых двигателей, Развал-схождение, Тюнинг;проспект Турара Рыскулова, 174а;+77075010020 +77075703575;+77075703575;yes;;;instagram:https://instagram.com/autoservice_u_greka whatsapp:https://wa.me/77075703575 whatsapp:https://wa.me/77075010020;4.9;233;43.263725;76.862758;70000001047309761_rvD4Dw1578G23H8301I2GGG0fhcEtl73G6G505A814940C87wpqt54652J1A1G7G4J0J998Cuevluv7B884A1013362H47AHHHGJHG2I87BCg9
шиномонтаж;Rintal Tyres, сервисно-шинный центр;Шиномонтаж, Шины и диски, Хранение шин, Оборудование для автосервиса;улица Ильяса Жансугурова, 455;+77004441824;+77004441824;yes;;;instagram:https://instagram.com/rintal_tyres whatsapp:https://wa.me/77004441824;5;92;43.318315;76.930985;70000001100714950_rvD4Dw1578G23H8301I2GGG0fhcEtl73G6G505A8142817A6wpqt54652J1A1G7G4J0J998Cuevluv7B884A1013421H47CHHHGJHG2I87BCf3
шиномонтаж;Виктория 95, комплекс;Шиномонтаж, Легковой автосервис, Ремонт ходовой части автомобиля, Ремонт бензиновых двигателей, Замена масла, Ремонт электронных систем авто, Ремонт стартеров и генераторов, Обслуживание автомобильных климатических систем, Ремонт инжекторов, Компьютерная диагностика автомобилей, Развал-схождение, Ремонт дизельных двигателей, Ремонт выхлопных систем, Ремонт рулевых реек, Ремонт карданных валов, Ремонт МКПП;проспект Суюнбая, 132а/1;+77089094050;+77089094050;yes;;;instagram:https://instagram.com/foxauto_kz whatsapp:https://wa.me/77089094050;4.7;7;43.288576;76.947074;9429940000915643_83pmw71578G23HA72A4GGG0Glgfjyr73G6G505A814B25954wpqt54653J1A2G7G5JGA8B9Jhqtquv7B884AA41232H513J1HHGJH0I979C75
шиномонтаж;Renault Aster.kz, официальный дилер;Шиномонтаж, Ремонт ходовой части автомобиля, Развал-схождение, Автомойки;улица Райымбек батыра, 165;+77089410876;+77089410876;;;http://aster-renault.kz;instagram:https://instagram.com/omoda_kz;4.6;141;43.294921;77.024669;70000001018480721_83pmw71578G23H8301I2GGG0lgfjyr73G6G505A814A58383wpqt54653J1A2G7G5J0J998Chqtquv7B884A1013332H535HHHGJHG2I87BCg9
шиномонтаж;Freedom Drive, шиномонтаж;Шиномонтаж, Шины и диски, Хранение шин;проспект Назарбаева, 226/1;+77085252855;+77717809437;yes;;http://fdrive.kz;instagram:https://instagram.com/fdrive.kz whatsapp:https://wa.me/77717809437;4.8;81;43.23307;76.952198;70000001064710457_83pmw71578G23H8301I2GGG0lgfjyr73G6G505A814681356wpqt54653J1A2G7G5J0J998Chqtquv7B884A1013388H536HHHGJHG2I87BCBe
шиномонтаж;Nurbair, шинный центр;Шиномонтаж, Шины и диски;улица Толе би, 304/1;+77761228432 +77761228462 +77011244791;+77761228432;yes;;;instagram:https://instagram.com/san_nurbair whatsapp:https://wa.me/77761228432 whatsapp:https://wa.me/77761228462 whatsapp:https://wa.me/77011244791;5;42;43.240963;76.846081;70000001038877387_83pmw71578G23H8301I2GGG0lgfjyr73G6G505A814A97A49wpqt54653J1A2G7G5J0J998Chqtquv7B884A1013358H537HHHGJHG2I87BCe8
шиномонтаж;Motor service, автосервис;Шиномонтаж, Развал-схождение, Кузовной ремонт, Замена масла, Ремонт ходовой части автомобиля;улица Айтеке би, 11;+77272912807 +77272913936;+77272912807;;;;;4.7;31;43.259954;76.9624;9429940000798248_83pmw71578G23HA72A4GGG0Glgfjyr73G6G505A8149A8559wpqt54653J1A2G7G5JGA8B9Jhqtquv7B884AA41232H518J1HHGJH0I979C43
шиномонтаж;Titan, автокомплекс;Шиномонтаж, Развал-схождение, Кузовной ремонт, Ремонт ходовой части автомобиля, Замена масла, Ремонт бензиновых двигателей, Автохимия, Запчасти для легковых автомобилей, Легковой автосервис, Автомойки, Антикоррозийная обработка авто, Тюнинг;улица Бурхан, 32;+77273827035 +77015550468 +77771251289;+77015550468;yes;;;instagram:https://instagram.com/titan_avtoservice whatsapp:https://wa.me/77015550468;4.5;38;43.293031;76.944819;70000001043880310_83pmw71578G23H8301I2GGG0lgfjyr73G6G505A814598342wpqt54653J1A2G7G5J0J998Chqtquv7B884A1013361H539HHHGJHG2I87BCe9
шиномонтаж;У Рамазана, шиномонтажная мастерская;Шиномонтаж, Обслуживание автомобильных климатических систем;Хусаинова улица, 235а;+77478672287;+77478672287;yes;;;whatsapp:https://wa.me/77478672287;4.9;92;43.204884;76.891692;70000001099013739_83pmw71578G23H8301I2GGG0lgfjyr73G6G505A814B11684wpqt54653J1A2G7G5J0J998Chqtquv7B884A10133BAH53AHHHGJHG2I87BCd1
шиномонтаж;PitStopF1, шиномонтажная мастерская;Шиномонтаж, Обслуживание автомобильных климатических систем, Полимерная порошковая окраска;улица Азербаева, 2;+77785747561 +77781349427;+77781349427;yes;play_boy-az@inbox.ru;http://pitstopf1.2gis.biz;instagram:https://instagram.com/pit_stop__f1 whatsapp:https://wa.me/77781349427 whatsapp:https://wa.me/77785747561;4.9;93;43.216417;76.955382;9429940001097966_83pmw71578G23HA72A4GGG0Glgfjyr73G6G505A8142A7C77wpqt54653J1A2G7G5JGA8B9Jhqtquv7B884AA41233H51CJ2HHGJH1I979Ce6
шиномонтаж;Автосервис, ИП Кутылева Н. Г.;Шиномонтаж, Замена масла, Хранение шин, Ремонт выхлопных систем, Ремонт инжекторов, Сварочные работы, Ремонт бензиновых двигателей, Ремонт ходовой части автомобиля, Легковой автосервис, Ремонт карбюраторов;Трудовая улица, 2;+77272563170 +77017630025 +77078385121;+77078385121;yes;;;whatsapp:https://wa.me/77078385121;5;42;43.232897;76.830061;9429940000987819_83pmw71578G23HA72A4GGG0Glgfjyr73G6G505A814B97B2Awpqt54653J1A2G7G5JGA8B9Jhqtquv7B884AA41232H523J1HHGJH0I979Ci5
шиномонтаж;Вулка-экстрим у Ваги, шиномонтажная мастерская;Шиномонтаж, Ремонт ходовой части автомобиля;Ботаническая улица, 44а;+77013343254;+77013343254;yes;;;whatsapp:https://wa.me/77013343254;4.8;95;43.29141;76.941092;70000001036580645_83pmw71578G23H8301I2GGG0lgfjyr73G6G505A814868375wpqt54653J1A2G7G5J0J998Chqtquv7B884A1013356H544HHHGJHG2I87BC5b
шиномонтаж;Subaru Kuldzhinka, мультибрендовый автоцентр;Шиномонтаж, Продажа легковых автомобилей, Автоаксессуары, Запчасти для грузовых авто, Автозвук, Автохимия, Легковой автосервис, Автосигнализации, Детейлинг, Компьютерная диагностика автомобилей, Развал-схождение, Обслуживание автомобильных климатических систем, Ремонт АКПП, Ремонт бензиновых двигателей, Ремонт выхлопных систем, Ремонт электронных систем авто, Тонирование автостёкол, Хранение шин, Шины и диски;Кульджинский тракт, 100/1;+77750970764 +77750967360;+77750970764;;m.reception.subaru@mycar.kz;http://subaru-kuldzhinka.kz/ru/?utm_source=2gis&utm_medium=cpa;instagram:https://instagram.com/subaru.kuldzhinka;4.7;31;43.311575;77.019683;70000001077797007_83pmw71578G23H8301I2GGG0lgfjyr73G6G505A814989A11wpqt54653J1A2G7G5J1J998Chqtquv7B884A1013398H545HHHGJHG3I87BChf
шиномонтаж;Toyo tires, магазин автошин;Шиномонтаж, Шины и диски;микрорайон Аксай-3Б, 1Б;+77028880622 +77752211653;+77752211653;yes;;;whatsapp:https://wa.me/77752211653;4.9;75;43.237299;76.823175;70000001093820277_83pmw71578G23H8301I2GGG0lgfjyr73G6G505A814592338wpqt54653J1A2G7G5J0J998Chqtquv7B884A10133B8H546HHHGJHG2I87BC73
шиномонтаж;Мегаполис, автосервис;Шиномонтаж, Ремонт электронных систем авто, Ремонт стартеров и генераторов, Компьютерная диагностика автомобилей, Обслуживание автомобильных климатических систем;улица Бродского, 149/1;+77002521735 +77083352162 +77479752091 +77478205788;+77479752091;yes;;;whatsapp:https://wa.me/77479752091;4.7;28;43.276253;76.897197;70000001082385461_83pmw71578G23H8301I2GGG0lgfjyr73G6G505A814448857wpqt54653J1A2G7G5J0J998Chqtquv7B884A10133A2H547HHHGJHG2I87BCBe
шиномонтаж;SCT SERVICE, сеть автосервисов и автомагазинов;Шиномонтаж, Легковой автосервис, Автохимия, Развал-схождение, Замена масла, Ремонт ходовой части автомобиля, Запчасти для легковых автомобилей, Компьютерная диагностика автомобилей, Грузовой автосервис, Ремонт автобусов, Запчасти для грузовых авто, Автомобильные аккумуляторы, Прицепы;016-й учетный квартал, 145а;+77059318817;+77717479422;yes;;http://www.sct.kz;whatsapp:https://wa.me/77717479422;4.9;27;43.220998;76.622687;70000001081688533_83pmw71578G23H8301I2GGG0lgfjyr73G6G505A814378B64wpqt54653J1A2G7G5J1J998Chqtquv7B884A10133A4H548HHHGJHG3I87BCfc
шиномонтаж;Vag Pro Service, центр авторазбора;Шиномонтаж, Авторазбор, Ремонт АКПП, Ремонт ходовой части автомобиля, Ремонт бензиновых двигателей, Легковой автосервис, Компьютерная диагностика автомобилей, Переоборудование автомобилей, Обслуживание автомобильных климатических систем;Центральная улица, 155;+77086621008 +77475898815;+77475898815;yes;;;instagram:https://instagram.com/vag.proservice whatsapp:https://wa.me/77475898815 whatsapp:https://wa.me/77086621008;5;15;43.338993;76.912512;70000001090068605_83pmw71578G23H8301I2GGG0lgfjyr73G6G505A814216B71wpqt54653J1A2G7G5J0J998Chqtquv7B884A10133B6H54BHHHGJHG2I87BC89
шиномонтаж;San Esik, шинный центр;Шиномонтаж, Шины и диски, Автохимия, Автомобильные аккумуляторы, Автоаксессуары;Алматинская улица, 175;+77775409770 +77772090403;+77775409770;yes;;;whatsapp:https://wa.me/77775409770 instagram:https://instagram.com/san_esik;4.9;49;43.355529;77.467503;70000001082549653_83pmw71578G23H8301I2GGG0lgfjyr73G6G505A814464C76wpqt54653J1A2G7G5J0J998Chqtquv7B884A10133A4H54CHHHGJHG2I87BC84
шиномонтаж;Dn, автосервис;Шиномонтаж, Компьютерная диагностика автомобилей, Ремонт инжекторов, Обслуживание автомобильных климатических систем, Замена масла;Бухтарминская улица, 4а;+77752495072 +77478965622 +77756172417;+77756172417;yes;;;instagram:https://instagram.com/_dn_autoservice whatsapp:https://wa.me/77756172417;4.8;11;43.332484;77.005654;70000001109507995_83pmw71578G23H8301I2GGG0lgfjyr73G6G505A814B60AAAwpqt54653J1A2G7G5J0J998Chqtquv7B884A1013426H553HHHGJHG2I87BC6f
шиномонтаж;Ком авто Казахстан, автосервис;Шиномонтаж, Ремонт бензиновых двигателей, Ремонт дизельных двигателей, Ремонт электронных систем авто, Ремонт МКПП, Ремонт ходовой части автомобиля, Ремонт инжекторов, Грузовой автосервис, Ремонт выхлопных систем, Автосигнализации, Газовое оборудование для авто, Развал-схождение;проспект Райымбека, 173/1;+77017653641 +77717464654 +77001502219 +77086689863 +77717187729;+77017653641;;;;instagram:https://instagram.com/virazh_kz;3.8;27;43.270303;76.931823;9429940000903749_83pmw71578G23HA72A4GGG0Glgfjyr73G6G505A814B13A5Awpqt54653J1A2G7G5JGA8B9Jhqtquv7B884AA41232H534J1HHGJH0I979CBg
шиномонтаж;Пятый сезон, шиномонтажная мастерская;Шиномонтаж, Обслуживание автомобильных климатических систем;улица Байге, 376;+77077960020;+77077960020;yes;;;whatsapp:https://wa.me/77077960020;4.7;23;43.308847;77.002011;70000001099681274_83pmw71578G23H8301I2GGG0lgfjyr73G6G505A814B78438wpqt54653J1A2G7G5J0J998Chqtquv7B884A10133B5H555HHHGJHG2I87BC71
шиномонтаж;Геометрия 3D, автосервис;Шиномонтаж, Развал-схождение, Замена масла;Кульжинский тракт 25 километр, 13/20;+77052489957;+77052489957;yes;;;whatsapp:https://wa.me/77052489957;5;16;43.336737;77.039674;70000001113170893_83pmw71578G23H8301I2GGG0lgfjyr73G6G505A81452739Awpqt54653J1A2G7G5J0J998Chqtquv7B884A1013434H556HHHGJHG2I87BCd8
шиномонтаж;Шиномонтажная мастерская;Шиномонтаж;улица Жансугурова, 84;+77711054799;+77711054799;yes;;;whatsapp:https://wa.me/77711054799;4.9;200;43.302693;76.887462;70000001080531243_83pmw71578G23H8301I2GGG0lgfjyr73G6G505A814263435wpqt54653J1A2G7G5J0J998Chqtquv7B884A10133A4H557HHHGJHG2I87BC2A
шиномонтаж;М4А, шинный центр;Шиномонтаж, Хранение шин;улица Токпанова, 9;+77077066119 +77761779018;+77077066119;yes;;;whatsapp:https://wa.me/77077066119;4.6;5;43.237357;76.813959;70000001066568729_83pmw71578G23H8301I2GGG0lgfjyr73G6G505A814866B83wpqt54653J1A2G7G5J0J998Chqtquv7B884A101338AH558HHHGJHG2I87BC35
шиномонтаж;Dynamit, автосервис;Шиномонтаж, Компьютерная диагностика автомобилей, Ремонт ходовой части автомобиля, Замена масла, Легковой автосервис, Ремонт бензиновых двигателей;улица Тюлькубасская, 2;+77771244834;+77771244834;yes;;http://tiktok.com/@dynamit454;instagram:https://instagram.com/rolling_dynamics_system whatsapp:https://wa.me/77771244834 telegram:https://t.me/+77771244834;5;79;43.288985;76.950558;70000001103752893_83pmw71578G23H8301I2GGG0lgfjyr73G6G505A81458559Awpqt54653J1A2G7G5J0J998Chqtquv7B884A1013424H559HHHGJHG2I87BC8d
шиномонтаж;Шиномонтажная мастерская;Шиномонтаж, Полимерная порошковая окраска;улица Какимбека Салыкова, 4;+77017769458 +77773954757;+77017769458;yes;;;instagram:https://instagram.com/scorpion_wheels whatsapp:https://wa.me/77017769458 whatsapp:https://wa.me/77773954757;4.8;60;43.178753;76.904884;70000001020783999_83pmw71578G23H8301I2GGG0lgfjyr73G6G505A8142886AAwpqt54653J1A2G7G5J0J998Chqtquv7B884A101334AH55AHHHGJHG2I87BCgd
шиномонтаж;Шиномонтажная мастерская;Шиномонтаж;проспект Турара Рыскулова, 103д/1;+77071999035;+77071999035;yes;;;whatsapp:https://wa.me/77071999035;4.9;47;43.270401;76.879594;70000001098495598_83pmw71578G23H8301I2GGG0lgfjyr73G6G505A814A5986Awpqt54653J1A2G7G5J0J998Chqtquv7B884A10133B9H55BHHHGJHG2I87BC33
шиномонтаж;SCT SERVICE, сеть автосервисов и автомагазинов;Шиномонтаж, Запчасти для легковых автомобилей, Автохимия, Ремонт ходовой части автомобиля, Ремонт бензиновых двигателей, Замена масла, Легковой автосервис, Ремонт электронных систем авто, Компьютерная диагностика автомобилей;100-я улица, 544/1;+77073390006;+77073390006;;;http://www.sct.kz;;3.6;30;43.40224;77.030102;70000001018257084_83pmw71578G23H8301I2GGG0lgfjyr73G6G505A814A35A19wpqt54653J1A2G7G5J1J998Chqtquv7B884A1013335H55CHHHGJHG3I87BC52
шиномонтаж;Автосервис;Шиномонтаж, Ремонт ходовой части автомобиля, Развал-схождение, Обслуживание автомобильных климатических систем;улица Карасай батыра, 66а;+77473386576 +77770696159;+77473386576;yes;;;instagram:https://instagram.com/3d_geometria_talgar whatsapp:https://wa.me/77473386576 whatsapp:https://wa.me/77770696159;4.2;13;43.340214;77.246082;70000001062754791_83pmw71578G23H8301I2GGG0lgfjyr73G6G505A81448578Awpqt54653J1A2G7G5J0J998Chqtquv7B884A1013382H563HHHGJHG2I87BC5A
шиномонтаж;Шиномонтажная мастерская;Шиномонтаж, Обслуживание автомобильных климатических систем, Компьютерная диагностика автомобилей, Абразивоструйное оборудование, Сварочные работы;улица Щербакова, 5/6;+77089241701 +77084123563;+77089241701;yes;;;whatsapp:https://wa.me/77089241701 whatsapp:https://wa.me/77477856980;4.8;44;43.340046;76.944449;70000001099414804_83pmw71578G23H8301I2GGG0lgfjyr73G6G505A814B51791wpqt54653J1A2G7G5J0J998Chqtquv7B884A10133B5H564HHHGJHG2I87BC3d
шиномонтаж;У Тельмана, шиномонтажная мастерская;Шиномонтаж, Хранение шин;улица Жамакаева, 143;+77785709110 +77766310019;+77785709110;yes;;;whatsapp:https://wa.me/77785709110 whatsapp:https://wa.me/77766310019;5;410;43.2159;76.949294;9429940001240029_83pmw71578G23HA72A4GGG0Glgfjyr73G6G505A81445033Awpqt54653J1A2G7G5JGA8B9Jhqtquv7B884AA41233H545J1HHGJH0I979C52
шиномонтаж;У Алика, шиномонтажная мастерская;Шиномонтаж, Обслуживание автомобильных климатических систем;проспект Турара Рыскулова, 101/1;+77771623586;+77771623586;;;;;5;86;43.274309;76.890115;70000001103550425_83pmw71578G23H8301I2GGG0lgfjyr73G6G505A814565353wpqt54653J1A2G7G5J0J998Chqtquv7B884A1013426H566HHHGJHG2I87BCgb
шиномонтаж;Champion, автосервис;Шиномонтаж, Легковой автосервис, Ремонт ходовой части автомобиля, Кузовной ремонт, Ремонт бензиновых двигателей, Компьютерная диагностика автомобилей, Замена масла, Обслуживание автомобильных климатических систем, Развал-схождение, Ремонт МКПП, Ремонт электронных систем авто, Ремонт гибридных автомобилей, Ремонт дизельных двигателей, Ремонт дизельной топливной системы;улица Жандосова, 299а;+77028988894 +77018027774 +77077138010 +77756097352 +77075517191 +77075177722;+77075517191;yes;;;instagram:https://instagram.com/mechanic_aleksandr_088 whatsapp:https://wa.me/77075517191 whatsapp:https://wa.me/77018027774;4.9;75;43.202545;76.850496;70000001033784895_83pmw71578G23H8301I2GGG0lgfjyr73G6G505A81458879Awpqt54653J1A2G7G5J0J998Chqtquv7B884A1013356H567HHHGJHG2I87BC74
шиномонтаж;Кайсар, автосервис;Шиномонтаж, Установка и ремонт автооптики, Обслуживание автомобильных климатических систем, Ремонт выхлопных систем, Ремонт ходовой части автомобиля;улица Карасай батыра, 27/14;+77056776788;+77013977888;yes;;;whatsapp:https://wa.me/77013977888 whatsapp:https://wa.me/77056776788;4.9;75;43.31146;77.069653;70000001056380572_83pmw71578G23H8301I2GGG0lgfjyr73G6G505A814848368wpqt54653J1A2G7G5J0J998Chqtquv7B884A1013373H568HHHGJHG2I87BCgg
шиномонтаж;big tires, оптовый склад шин для грузового и коммерческого транспорта;Шиномонтаж, Шины и диски;улица Бикен Римовой, 24к;+77059104242;+77059104242;yes;;;whatsapp:https://wa.me/77059104242;5;1;43.492033;77.01229;70000001066140716_83pmw71578G23H8301I2GGG0lgfjyr73G6G505A814824382wpqt54653J1A2G7G5J0J998Chqtquv7B884A1013387H569HHHGJHG2I87BC8d
шиномонтаж;Revival Ferrum, автосервис;Шиномонтаж, Замена масла, Ремонт бензиновых двигателей, Компьютерная диагностика автомобилей, Развал-схождение;Ораза Жандосова улица, 184Б/1;+77015255251 +77014555572;+77015255251;yes;;;whatsapp:https://wa.me/77015255251 whatsapp:https://wa.me/77014555572 telegram:https://t.me/+77015255251 telegram:https://t.me/+77014555572;5;34;43.205883;76.865228;70000001080996231_83pmw71578G23H8301I2GGG0lgfjyr73G6G505A8142A9934wpqt54653J1A2G7G5J0J998Chqtquv7B884A10133A2H56AHHHGJHG2I87BCB1
шиномонтаж;PitStop;Шиномонтаж;улица Байтурсынова, 29;+77088001217;+77088001217;yes;;;whatsapp:https://wa.me/77088001217;4.5;109;43.255415;76.925208;9429940000973803_83pmw71578G23HA72A4GGG0Glgfjyr73G6G505A814B83B14wpqt54653J1A2G7G5JGA8B9Jhqtquv7B884AA41232H54BJ1HHGJH0I979CAf
шиномонтаж;Ladacar, центр автозапчастей;Шиномонтаж, Запчасти для легковых автомобилей;улица Петрозаводская, 117;+77004331995 +77772299953;+77004331995;yes;;;instagram:https://instagram.com/ladacar.kz whatsapp:https://wa.me/77004331995 whatsapp:https://wa.me/77772299953;3.7;7;43.336907;76.932965;70000001071480697_83pmw71578G23H8301I2GGG0lgfjyr73G6G505A81435837Awpqt54653J1A2G7G5J0J998Chqtquv7B884A1013398H56CHHHGJHG2I87BCd7
шиномонтаж;Жихан auto, центр;Шиномонтаж, Шины и диски, Автомобильные аккумуляторы;проспект Абылай хана, 127;+77781041239 +77754911615;+77754911615;yes;;;instagram:https://instagram.com/shinakaskelen whatsapp:https://wa.me/77754911615 whatsapp:https://wa.me/77781041239;4.3;14;43.200457;76.636162;70000001044561828_83pmw71578G23H8301I2GGG0lgfjyr73G6G505A814666493wpqt54653J1A2G7G5J0J998Chqtquv7B884A1013369H573HHHGJHG2I87BC24
шиномонтаж;Шиномонтажная мастерская;Шиномонтаж, Сварочные работы;улица Жансугурова, 71;+77075250546;+77075250546;yes;;;instagram:https://instagram.com/shinomontazh_zv_87075250546 whatsapp:https://wa.me/77075250546;5;40;43.300909;76.887599;70000001039271253_83pmw71578G23H8301I2GGG0lgfjyr73G6G505A814B37436wpqt54653J1A2G7G5J0J998Chqtquv7B884A1013354H575HHHGJHG2I87BCd1
шиномонтаж;Шиномонтажная мастерская, Центр геометрии;Шиномонтаж, Развал-схождение;Северное Кольцо шоссе, 13/1;+77075493111;+77075493111;yes;;;whatsapp:https://wa.me/77075493111;5;1;43.323928;76.906951;70000001110565696_83pmw71578G23H8301I2GGG0lgfjyr73G6G505A81426687Awpqt54653J1A2G7G5J0J998Chqtquv7B884A1013437H576HHHGJHG2I87BC58
шиномонтаж;Tire Service, шиномонтажная мастерская;Шиномонтаж, Выездной автосервис;улица Розыбакиева, 109Б;+77021210100;+77021210100;yes;;;whatsapp:https://wa.me/77021210100 instagram:https://instagram.com/tire_service.kz;4.9;127;43.229841;76.890332;70000001100860240_83pmw71578G23H8301I2GGG0lgfjyr73G6G505A814296335wpqt54653J1A2G7G5J0J998Chqtquv7B884A1013421H577HHHGJHG2I87BCg3
шиномонтаж;Автомагазин;Шиномонтаж, Автохимия, Замена масла;улица Жылкыбай, 157а;+77712713473 +77012217721;+77012217721;yes;;;whatsapp:https://wa.me/77012217721 whatsapp:https://wa.me/77712713473;4.7;8;43.315216;77.055923;70000001056710552_83pmw71578G23H8301I2GGG0lgfjyr73G6G505A814881366wpqt54653J1A2G7G5J0J998Chqtquv7B884A1013373H578HHHGJHG2I87BC85
шиномонтаж;ТулпарШинСервис, шинный центр;Шиномонтаж, Шины и диски, Хранение шин;Северное Кольцо шоссе, 49Б/2;+77017539435 +77054770555;+77017539435;yes;;http://shinservice.kz;whatsapp:https://wa.me/77017539435 whatsapp:https://wa.me/77054770555;4.6;25;43.351039;76.926188;9429940001611052_83pmw71578G23HA72A4GGG0Glgfjyr73G6G505A814821363wpqt54653J1A2G7G5JGA8B9Jhqtquv7B884AA41233H559J1HHGJH0I979C42
шиномонтаж;All Drive, автосервис;Шиномонтаж, Обслуживание автомобильных климатических систем, Развал-схождение, Ремонт ходовой части автомобиля, Ремонт стартеров и генераторов, Хранение шин, Компьютерная диагностика автомобилей, Ремонт электроавтомобилей, Ремонт бензиновых двигателей, Ремонт инжекторов, Легковой автосервис, Ремонт электронных систем авто, Грузовой автосервис, Переоборудование автомобилей, Ремонт карданных валов, Ультразвуковая мойка деталей;улица Калдаякова, 2;+77477277187;+77477277187;yes;;;instagram:https://instagram.com/all_drive_avtoservis_talgar whatsapp:https://wa.me/77477277187;4.9;39;43.305114;77.206526;70000001060767331_83pmw71578G23H8301I2GGG0lgfjyr73G6G505A814286A44wpqt54653J1A2G7G5J0J998Chqtquv7B884A1013382H57AHHHGJHG2I87BCB6
шиномонтаж;Razvarki_Almaty, шиномонтажная мастерская;Шиномонтаж, Сварочные работы, Хранение шин, Шины и диски, Полимерная порошковая окраска;улица Ильяса Жансугурова, 500;+77757165550 +77078368368;+77757165550;yes;;;instagram:https://instagram.com/shinomontaz_y_bake whatsapp:https://wa.me/77757165550 telegram:https://t.me/+77757165550;4.8;47;43.332392;76.932558;70000001043850206_83pmw71578G23H8301I2GGG0lgfjyr73G6G505A814595331wpqt54653J1A2G7G5J0J998Chqtquv7B884A1013367H57BHHHGJHG2I87BCg8
шиномонтаж;5 Колесо, шиномонтажная мастерская;Шиномонтаж, Автоаксессуары, Автохимия, Ремонт и тюнинг мототехники, Полимерная порошковая окраска;Ангарская улица, 119Б;+77479165448;+77479165448;yes;;;whatsapp:https://wa.me/77479165448;4.9;123;43.305686;76.902795;70000001027236719_83pmw71578G23H8301I2GGG0lgfjyr73G6G505A814933982wpqt54653J1A2G7G5J0J998Chqtquv7B884A101334AH57CHHHGJHG2I87BCB5
шиномонтаж;Автосервис;Шиномонтаж, Ремонт ходовой части автомобиля, Развал-схождение, Ремонт и тюнинг мототехники;улица Базарбаева, 65;+77012621802;+77012621802;;;;;5;50;43.266517;76.982198;9429940000991131_v746ny1578G23HA72A4GGG0G4kpEjo73G6G505A814BA1442wpqt54655J1A4G7G6JGA8B9Jh6g6uv7B884AA41232H613J1HHGJH0I979C75
шиномонтаж;Дом Колес;Шиномонтаж, Ремонт ходовой части автомобиля, Хранение шин, Запчасти для легковых автомобилей, Шины и диски;улица Прокофьева, 148;+77272240424 +77089730501;+77089730501;yes;;;instagram:https://instagram.com/domkoles.kz facebook:https://facebook.com/domkoles.kz whatsapp:https://wa.me/77089730501;4.9;137;43.244117;76.875634;70000001034430342_v746ny1578G23H8301I2GGG04kpEjo73G6G505A814653345wpqt54655J1A4G7G6J0J998Ch6g6uv7B884A1013353H634HHHGJHG2I87BCBc
шиномонтаж;Tyre Max, шинный склад;Шиномонтаж, Шины и диски;улица Жексенбаева, 2;+77477142727 +77075570514;+77477142727;yes;;;whatsapp:https://wa.me/77477142727;5;65;43.23731;76.811163;70000001099671980_v746ny1578G23H8301I2GGG04kpEjo73G6G505A814B774A9wpqt54655J1A4G7G6J0J998Ch6g6uv7B884A10133B1H635HHHGJHG2I87BCe3
шиномонтаж;909, шиномонтажная мастерская;Шиномонтаж, Обслуживание автомобильных климатических систем;Берёзовая аллея, 8/2;+77000731313;+77000731313;yes;;;whatsapp:https://wa.me/77000731313;4.9;282;43.216398;76.903817;70000001044406939_v746ny1578G23H8301I2GGG04kpEjo73G6G505A8146509A4wpqt54655J1A4G7G6J0J998Ch6g6uv7B884A101336AH636HHHGJHG2I87BCh2
шиномонтаж;Шиномонтажная мастерская;Шиномонтаж, Обслуживание автомобильных климатических систем, Шины и диски;улица Памирская, 13;+77760059302;+77760059302;yes;;;whatsapp:https://wa.me/77760059302;4.8;48;43.263617;76.886213;70000001065319590_v746ny1578G23H8301I2GGG04kpEjo73G6G505A814741C6Awpqt54655J1A4G7G6J0J998Ch6g6uv7B884A1013381H637HHHGJHG2I87BChg
шиномонтаж;Автосервис, Шиномонтажная мастерская;Шиномонтаж, Обслуживание автомобильных климатических систем, Ремонт ходовой части автомобиля;проспект Райымбека, 493г;+77770828381;+77770828381;yes;;;whatsapp:https://wa.me/77770828381;4.7;39;43.244818;76.832763;70000001113872655_v746ny1578G23H8301I2GGG04kpEjo73G6G505A814597576wpqt54655J1A4G7G6J0J998Ch6g6uv7B884A1013436H638HHHGJHG2I87BC7c
шиномонтаж;У Эльвина, шиномонтажная мастерская;Шиномонтаж;улица Розыбакиева, 31/2;+77073011087;+77073011087;yes;;;whatsapp:https://wa.me/77073011087;4.7;65;43.243767;76.888699;70000001093033688_v746ny1578G23H8301I2GGG04kpEjo73G6G505A814513679wpqt54655J1A4G7G6J0J998Ch6g6uv7B884A10133B9H639HHHGJHG2I87BCB4
шиномонтаж;888, СТО;Шиномонтаж, Легковой автосервис, Компьютерная диагностика автомобилей, Ремонт инжекторов, Ремонт ходовой части автомобиля, Сварочные работы;проспект Абылай хана, 24д/1;+77770302743;+77770302743;yes;;;whatsapp:https://wa.me/77770302743;4.8;31;43.202205;76.648877;70000001044360582_v746ny1578G23H8301I2GGG04kpEjo73G6G505A814646369wpqt54655J1A4G7G6J0J998Ch6g6uv7B884A1013363H63AHHHGJHG2I87BC89
шиномонтаж;Шинка На Районе, шиномонтажная мастерская;Шиномонтаж, Выездной автосервис, Хранение шин;Сергазина улица, 52;+77074646563 +77089546709;+77074646563;yes;;;whatsapp:https://wa.me/77074646563;5;243;43.263928;76.822535;70000001103965347_v746ny1578G23H8301I2GGG04kpEjo73G6G505A8145A6845wpqt54655J1A4G7G6J0J998Ch6g6uv7B884A1013428H63BHHHGJHG2I87BC28
шиномонтаж;5 Шин, шиномонтажная мастерская;Шиномонтаж, Обслуживание автомобильных климатических систем;микрорайон Казахфильм, 21Б;+77075129024;+77075129024;yes;;;whatsapp:https://wa.me/77075129024;5;91;43.196626;76.904623;70000001064062417_v746ny1578G23H8301I2GGG04kpEjo73G6G505A814616552wpqt54655J1A4G7G6J0J998Ch6g6uv7B884A1013388H63CHHHGJHG2I87BC59
шиномонтаж;Адам-сервис, автосервис;Шиномонтаж, Легковой автосервис, Развал-схождение, Ремонт АКПП, Переоборудование автомобилей, Ремонт МКПП, Ремонт выхлопных систем, Ремонт ходовой части автомобиля, Ремонт рулевых реек, Ремонт бензиновых двигателей, Компьютерная диагностика автомобилей, Ремонт электронных систем авто, Замена масла;улица Сарбайская, 80/1;+77756318717;+77756318717;yes;;;instagram:https://instagram.com/adamservice007 whatsapp:https://wa.me/77756318717;4.2;103;43.284122;76.979879;70000001046042159_v746ny1578G23H8301I2GGG04kpEjo73G6G505A814814526wpqt54655J1A4G7G6J0J998Ch6g6uv7B884A101336AH643HHHGJHG2I87BC42
шиномонтаж;Tire Point, шиномонтажная мастерская;Шиномонтаж, Полимерная порошковая окраска, Хранение шин, Сварочные работы, Выездной автосервис;улица Шакшак Жанибек, 22а;+77072903011;+77072903011;yes;;;instagram:https://instagram.com/tire_point.13 whatsapp:https://wa.me/77072903011;5;29;43.27331;76.970303;70000001116496610_v746ny1578G23H8301I2GGG04kpEjo73G6G505A814859972wpqt54655J1A4G7G6J0J998Ch6g6uv7B884A1013431H645HHHGJHG2I87BC29
шиномонтаж;Diskoprav, шиномонтажная мастерская;Шиномонтаж;улица Кенесары хана, 125;+77013336617;+77013336617;yes;;;whatsapp:https://wa.me/77013336617;5;11;43.173849;76.869223;70000001112999350_v746ny1578G23H8301I2GGG04kpEjo73G6G505A8144A9C46wpqt54655J1A4G7G6J1J998Ch6g6uv7B884A1013431H646HHHGJHG3I87BCAf
шиномонтаж;Starway Service, центр комплексного обслуживания автомобилей;Шиномонтаж, Замена масла, Ремонт ходовой части автомобиля, Компьютерная диагностика автомобилей, Обслуживание автомобильных климатических систем;улица Папанина, 2Б/4;+77784444767 +77023356663;+77784444767;yes;;;instagram:https://instagram.com/starway_service whatsapp:https://wa.me/77784444767 whatsapp:https://wa.me/77023356663;4.9;11;43.295482;76.953499;70000001112612572_v746ny1578G23H8301I2GGG04kpEjo73G6G505A814471568wpqt54655J1A4G7G6J0J998Ch6g6uv7B884A1013433H648HHHGJHG2I87BCe7
шиномонтаж;Александр, шиномонтажная мастерская;Шиномонтаж, Сварочные работы;проспект Абая, 80;+77072000386 +77072000389 +77072000384;+77072000389;yes;;;whatsapp:https://wa.me/77072000389 whatsapp:https://wa.me/77072000384;4.8;235;43.239097;76.902215;70000001028429772_v746ny1578G23H8301I2GGG04kpEjo73G6G505A814A52C88wpqt54655J1A4G7G6J0J998Ch6g6uv7B884A1013343H649HHHGJHG2I87BCB6
шиномонтаж;Ушу, шиномонтажная мастерская;Шиномонтаж;улица Фадеева, 22;+77479480470;+77479480470;yes;;;whatsapp:https://wa.me/77479480470;4.8;81;43.261926;76.872981;70000001081140209_v746ny1578G23H8301I2GGG04kpEjo73G6G505A814324331wpqt54655J1A4G7G6J0J998Ch6g6uv7B884A10133AAH64AHHHGJHG2I87BC27
шиномонтаж;Акжол, автосервис;Шиномонтаж, Легковой автосервис, Металлообработка, Ремонт АКПП, Ремонт МКПП, Ремонт ходовой части автомобиля, Ремонт бензиновых двигателей;улица Токпанова, 23Б;+77471906151 +77075440404 +77479529015 +77084900190;+77471906151;;;;;4.2;4;43.235456;76.816053;70000001049774094_v746ny1578G23H8301I2GGG04kpEjo73G6G505A814B8771Awpqt54655J1A4G7G6J0J998Ch6g6uv7B884A1013365H64BHHHGJHG2I87BC29
шиномонтаж;4 колеса, шиномонтажная мастерская;Шиномонтаж, Обслуживание автомобильных климатических систем;улица Жумабаева, 155а/1;+77005401313 +77070175535;+77005401313;;;;;4.8;24;43.318181;76.92145;70000001100037226_v746ny1578G23H8301I2GGG04kpEjo73G6G505A814213A33wpqt54655J1A4G7G6J0J998Ch6g6uv7B884A1013427H64CHHHGJHG2I87BCc5
шиномонтаж;Pro motors oill, пункт замены масла;Шиномонтаж, Замена масла;улица Бокейханова, 46;+77073422067;+77073422067;yes;;;whatsapp:https://wa.me/77073422067 whatsapp:https://wa.me/77711757875;4.9;41;43.270183;76.912056;70000001080874796_v746ny1578G23H8301I2GGG04kpEjo73G6G505A81429778Awpqt54655J1A4G7G6J0J998Ch6g6uv7B884A10133A7H654HHHGJHG2I87BC2g
шиномонтаж;Шиномонтажная мастерская;Шиномонтаж, Хранение шин;улица Кенесары хана, 161;+77472229425;+77472229425;yes;;;whatsapp:https://wa.me/77472229425;5;143;43.178217;76.862945;70000001032228382_v746ny1578G23H8301I2GGG04kpEjo73G6G505A814432B49wpqt54655J1A4G7G6J0J998Ch6g6uv7B884A1013353H655HHHGJHG2I87BC6f
шиномонтаж;PitStopF1, выездной шиномонтаж;Шиномонтаж;проспект Турара Рыскулова, 53а/4;+77073877971 +77753197777;+77073877971;yes;;http://pitstopf1.2gis.biz;instagram:https://instagram.com/pit_stop__f1 whatsapp:https://wa.me/77073877971;4.9;64;43.290481;76.92673;70000001101229612_v746ny1578G23H8301I2GGG04kpEjo73G6G505A814332C72wpqt54655J1A4G7G6J1J998Ch6g6uv7B884A1013423H656HHHGJHG3I87BC86
шиномонтаж;Центр по заправке фриона и автокондиционеров;Шиномонтаж;улица Абдикаримова, 14/1;+77071575778;+77071575778;yes;;;whatsapp:https://wa.me/77071575778;4.4;9;43.59551;78.225875;70000001112764391_v746ny1578G23H8301I2GGG04kpEjo73G6G505A81448674Awpqt54655J1A4G7G6J0J998Ch6g6uv7B884A1013432H657HHHGJHG2I87BCeA
шиномонтаж;Шиномонтажная мастерская;Шиномонтаж, Ремонт ходовой части автомобиля, Ремонт бензиновых двигателей;Килыбай Медеубекова улица, 112;+77478198861 +77478286585;+77478198861;yes;;;whatsapp:https://wa.me/77478198861 whatsapp:https://wa.me/77478286585;4.9;46;43.210303;76.774545;70000001037983620_v746ny1578G23H8301I2GGG04kpEjo73G6G505A8149A8673wpqt54655J1A4G7G6J0J998Ch6g6uv7B884A1013351H659HHHGJHG2I87BCc8
шиномонтаж;Всё Чётко, шиномонтажная мастерская;Шиномонтаж, Хранение шин;улица Талдыбулак, 25/1;+77769849833;+77075597925;yes;;;whatsapp:https://wa.me/77075597925;5;15;43.335501;76.806144;70000001112607012_v746ny1578G23H8301I2GGG04kpEjo73G6G505A814470A12wpqt54655J1A4G7G6J0J998Ch6g6uv7B884A1013433H65AHHHGJHG2I87BC24
шиномонтаж;55, шиномонтажная мастерская;Шиномонтаж, Шины и диски;улица Горького, 1Б/2;+77765429434;+77075005266;yes;;;whatsapp:https://wa.me/77075005266;1.4;2;43.304433;77.085671;70000001106118367_v746ny1578G23H8301I2GGG04kpEjo73G6G505A814821B47wpqt54655J1A4G7G6J0J998Ch6g6uv7B884A1013428H65BHHHGJHG2I87BC71
шиномонтаж;PitStopF1, шиномонтажная мастерская;Шиномонтаж, Обслуживание автомобильных климатических систем, Полимерная порошковая окраска;улица Навои, 97/1;+77009607161;+77009607161;yes;;http://pitstopf1.2gis.biz;instagram:https://instagram.com/pit_stop__f1 whatsapp:https://wa.me/77009607161;4.7;164;43.210706;76.882792;70000001092872380_v746ny1578G23H8301I2GGG04kpEjo73G6G505A814497549wpqt54655J1A4G7G6J1J998Ch6g6uv7B884A10133B1H65CHHHGJHG3I87BCh8
шиномонтаж;Jeti, ​шиномонтажная мастерская;Шиномонтаж, Шины и диски;Алматы-Капчагай трасса, 13/3;+77755122222;+77755122222;yes;;http://tiktok.com/@zhasik6854;whatsapp:https://wa.me/77755122222;4.9;20;43.387684;76.969415;70000001093064909_v746ny1578G23H8301I2GGG04kpEjo73G6G505A8145167A1wpqt54655J1A4G7G6J0J998Ch6g6uv7B884A10133BAH663HHHGJHG2I87BC57
шиномонтаж;Акжол, автосервис и автомагазин;Шиномонтаж, Замена масла, Автохимия, Запчасти для легковых автомобилей, Автоаксессуары;улица Маркакол, 34;+77077163043 +77086168987 +77029066060 +77076340151;+77077163043;yes;;;whatsapp:https://wa.me/77077163043 whatsapp:https://wa.me/77086168987;4.8;17;43.187231;76.75644;70000001036007237_v746ny1578G23H8301I2GGG04kpEjo73G6G505A814810A34wpqt54655J1A4G7G6J0J998Ch6g6uv7B884A1013358H664HHHGJHG2I87BCA8
шиномонтаж;Шиномонтажная мастерская;Шиномонтаж, Ремонт электронных систем авто;улица Ескендір Хасанғалиева, 5;+77475013401 +77770317320;+77770317320;yes;;;whatsapp:https://wa.me/77770317320;4.6;15;43.309556;76.972066;70000001080325142_v746ny1578G23H8301I2GGG04kpEjo73G6G505A814242825wpqt54655J1A4G7G6J0J998Ch6g6uv7B884A10133A3H665HHHGJHG2I87BC72
шиномонтаж;Алматы Шина, шиномонтажная мастерская;Шиномонтаж, Хранение шин;улица Розыбакиева, 234/2;+77474414112 +77776665838;+77474414112;yes;;;whatsapp:https://wa.me/77474414112;4.9;68;43.220563;76.892385;9429940001308585_v746ny1578G23HA72A4GGG0G4kpEjo73G6G505A814518896wpqt54655J1A4G7G6JGA8B9Jh6g6uv7B884AA41233H646J1HHGJH0I979C5e
шиномонтаж;Сундет, шиномонтажная мастерская;Шиномонтаж;улица Токпанова, 23Б;+77771160014 +77025076446;+77771160014;yes;;;whatsapp:https://wa.me/77771160014 whatsapp:https://wa.me/77025076446;4.6;17;43.235456;76.816053;70000001094387659_v746ny1578G23H8301I2GGG04kpEjo73G6G505A814648A76wpqt54655J1A4G7G6J0J998Ch6g6uv7B884A10133BAH669HHHGJHG2I87BC9A
шиномонтаж;Шиномонтажная мастерская;Шиномонтаж;улица Санжара Жандосова, 16а;+77086972678;+77086972678;;;;;3.1;14;43.187852;76.833333;70000001043841999_v746ny1578G23H8301I2GGG04kpEjo73G6G505A8145944AAwpqt54655J1A4G7G6J0J998Ch6g6uv7B884A101336AH66AHHHGJHG2I87BC88
шиномонтаж;ШинОК, шиномонтажная мастерская;Шиномонтаж, Сварочные работы;проспект Райымбека, 50/4;+77475890118 +77073599413;+77475890118;yes;;;whatsapp:https://wa.me/77475890118;4.9;56;43.27152;76.959723;70000001035164520_v746ny1578G23H8301I2GGG04kpEjo73G6G505A814726763wpqt54655J1A4G7G6J0J998Ch6g6uv7B884A1013351H66BHHHGJHG2I87BCf7
шиномонтаж;PitStopF1, шиномонтажная мастерская;Шиномонтаж, Обслуживание автомобильных климатических систем, Полимерная порошковая окраска;улица Шукшина, 43;+77782526894 +77078429402;+77024314229;yes;;http://pitstopf1.2gis.biz;instagram:https://instagram.com/pit_stop__f1 whatsapp:https://wa.me/77024314229;4.9;194;43.220042;76.944421;70000001096964341_v746ny1578G23H8301I2GGG04kpEjo73G6G505A8148A6745wpqt54655J1A4G7G6J1J998Ch6g6uv7B884A10133B2H66CHHHGJHG3I87BC61
шиномонтаж;Автосервис;Шиномонтаж, Ремонт ходовой части автомобиля, Ремонт бензиновых двигателей, Легковой автосервис, Ремонт электронных систем авто, Ремонт стартеров и генераторов;микрорайон Аксай-4, 113/1;+77770081998 +77073800216;+77770081998;yes;;;whatsapp:https://wa.me/77770081998 whatsapp:https://wa.me/77073800216;4.9;29;43.230848;76.84172;9429940001086505_v746ny1578G23HA72A4GGG0G4kpEjo73G6G505A814296816wpqt54655J1A4G7G6JGA8B9Jh6g6uv7B884AA41233H653J1HHGJH0I979CAd
шиномонтаж;ШинМастер, автосервис;Шиномонтаж, Легковой автосервис, Ремонт ходовой части автомобиля, Ремонт стартеров и генераторов, Ремонт электронных систем авто, Ремонт выхлопных систем;улица Чуланова, 47;+77051169351;+77051169351;yes;;;whatsapp:https://wa.me/77051169351;5;48;43.250369;76.82754;70000001084472222_v746ny1578G23H8301I2GGG04kpEjo73G6G505A814657533wpqt54655J1A4G7G6J0J998Ch6g6uv7B884A10133A3H674HHHGJHG2I87BC29
шиномонтаж;Автокультура, автосервис;Шиномонтаж, Ремонт ходовой части автомобиля, Кузовной ремонт, Ремонт бензиновых двигателей, Замена масла, Компьютерная диагностика автомобилей, Легковой автосервис, Ремонт электронных систем авто;улица Байтерекова, 23;+77071233405;+77071233405;yes;;;whatsapp:https://wa.me/77071233405;5;7;43.257444;76.822307;70000001115607418_v746ny1578G23H8301I2GGG04kpEjo73G6G505A814770A52wpqt54655J1A4G7G6J0J998Ch6g6uv7B884A1013439H677HHHGJHG2I87BC5e
шиномонтаж;АланАвто, центр по ремонту автостекол;Шиномонтаж, Установка и ремонт автостёкол, Обслуживание автомобильных климатических систем, Автоаксессуары, Автохимия;улица Каирбекова, 63;+77078894541 +77072299923;+77078894541;yes;;;whatsapp:https://wa.me/77078894541 whatsapp:https://wa.me/77072299923;4.8;87;43.257176;76.961651;70000001034997367_v746ny1578G23H8301I2GGG04kpEjo73G6G505A8146A9A47wpqt54655J1A4G7G6J0J998Ch6g6uv7B884A1013358H678HHHGJHG2I87BC23
шиномонтаж;Шиномонтажная мастерская, ИП Байжан;Шиномонтаж;микрорайон Айнабулак-3, 167г/3;+77775342670;+77775342670;yes;;;whatsapp:https://wa.me/77775342670;5;90;43.323674;76.916195;70000001037177501_v746ny1578G23H8301I2GGG04kpEjo73G6G505A814927A61wpqt54655J1A4G7G6J0J998Ch6g6uv7B884A1013352H679HHHGJHG2I87BC8b
шиномонтаж;Шиномонтажная мастерская;Шиномонтаж;микрорайон Астана, 40;+77083022278 +77003265957;+77083022278;;;;;4.8;77;43.209748;76.844113;70000001030102005_v746ny1578G23H8301I2GGG04kpEjo73G6G505A814220511wpqt54655J1A4G7G6J0J998Ch6g6uv7B884A1013356H67AHHHGJHG2I87BC93
шиномонтаж;Mega Cars, автосервис;Шиномонтаж, Ремонт бензиновых двигателей, Замена масла, Ремонт ходовой части автомобиля, Компьютерная диагностика автомобилей;проспект Суюнбая, 159г;+77027565780;+77027565780;yes;;;instagram:https://instagram.com/mega_cars_service_almaty whatsapp:https://wa.me/77027565780;5;3;43.297503;76.949953;70000001115105481_v746ny1578G23H8301I2GGG04kpEjo73G6G505A814720859wpqt54655J1A4G7G6J0J998Ch6g6uv7B884A1013432H67BHHHGJHG2I87BC9d
шиномонтаж;Hanse, СТО;Шиномонтаж, Ремонт ходовой части автомобиля, Ремонт дизельных двигателей, Легковой автосервис, Ремонт бензиновых двигателей, Компьютерная диагностика автомобилей, Ремонт электронных систем авто, Запчасти для легковых автомобилей, Запчасти для спецтехники;улица Кенесары хана, 98а;+77075050010;+77075050010;yes;;;whatsapp:https://wa.me/77075050010;4.6;24;43.176964;76.865283;70000001033358045_v746ny1578G23H8301I2GGG04kpEjo73G6G505A814545B15wpqt54655J1A4G7G6J0J998Ch6g6uv7B884A1013356H67CHHHGJHG2I87BCgf
ремонт квартир;AdalQol, ​компания по ремонту и отделке помещений;Ремонт помещений;улица Тимирязева, 42 к15/109;+77008099730;+77000700038;yes;;http://adalqol.kz/?utm_source=2gis;instagram:https://instagram.com/adalqol whatsapp:https://wa.me/77000700038;4.9;146;43.217187;76.90519;70000001097586753_gjsnzz1578G23H8301IG0GGGczr4pp73G6G505A814968986wpqt54657J1A6G7G1J2A8J2Juz9Buv7B884A10133B4H1J4HHHG4H298AA
ремонт квартир;Baqstroy Sklad, компания по продаже линолеума, ламината и алюминиевых сэндвич-панелей;Ремонт помещений, Напольные покрытия, Натяжные потолки, Светотехника, Сэндвич-панели, Фасадные материалы и конструкции, Кровельные материалы, Системы водоотведения;улица Ырысты, 46/3а;+77077111858 +77086144299;+77077111858;yes;;http://xn----8sbokbrbdghlt0c.kz/?gad_source=1&gad_campaignid=22818933356&gclid=CjwKCAiAtLvMBhB_EiwA1u6_PlCHzxoIVDdrnfFLAwk2Rn6Cp9LcVDxLdLye6Sye7ajyh5fsb6fdOhoCFKIQAvD_BwE http://alusandwich.kz/?gad_source=1&gad_campaignid=23418368349&gclid=CjwKCAiAtLvMBhB_EiwA1u6_Pjoar1soyI2upPXEV5sk1cjva_4a04tO6XIz3tT1RndIVh_bPrQJphoCMxwQAvD_BwE;instagram:https://instagram.com/baqstroy.kz whatsapp:https://wa.me/77077111858 whatsapp:https://wa.me/77086144299;4.9;41;43.262034;76.853733;70000001037169421_gjsnzz1578G23H8301IG0GGGczr4pp73G6G505A814926C53wpqt54657J1A6G7G1J2A8J2Juz9Buv7B884A1013352H2J4HHHG4H29831
ремонт квартир;GulDar Group, компания по ремонту коммерческих помещений;Ремонт помещений, Ремонт зданий, Внутренние системы отопления, водоснабжения, канализации;улица Толе би, 305;+77786812931;+77786812931;yes;Guldargroup@bk.ru;http://guldargroup.satu.kz;whatsapp:https://wa.me/77786812931 telegram:https://t.me/+77786812931;5;7;43.242177;76.84133;70000001056080086_gjsnzz1578G23H8301IG0GGGczr4pp73G6G505A814818319wpqt54657J1A6G7G1J2A8J2Juz9Buv7B884A1013377H3J4HHHG4H298ce
ремонт квартир;Ремонт команд, ремонт помещений;Ремонт помещений;улица Курчатова, 1Б;+77717197701;+77717197701;yes;;http://remontkomand.kz;instagram:https://instagram.com/remontkomand.kz whatsapp:https://wa.me/77717197701 telegram:https://t.me/+77717197701;4.9;43;43.253489;76.854861;70000001103935004_gjsnzz1578G23H8301IG0GGGczr4pp73G6G505A8145A3811wpqt54657J1A6G7G1J2A8J2Juz9Buv7B884A1013425H4J4HHHG4H2988d
ремонт квартир;Amanat Engineering;Ремонт помещений;проспект Аль-Фараби, 100;+77711039526;+77711039526;yes;;;instagram:https://instagram.com/amanat.engineering whatsapp:https://wa.me/77711039526;3.7;45;43.221748;76.935255;70000001099380044_gjsnzz1578G23H8301IG0GGGczr4pp73G6G505A814B48315wpqt54657J1A6G7G1J2A8J2Juz9Buv7B884A10133B5H5J3HHHG3H2988b
ремонт квартир;Beton Design, студия дизайна интерьера и архитектуры;Ремонт помещений, Дизайн интерьеров, Архитектурное проектирование, Ландшафтный дизайн, Фасадные работы;улица Шевченко, 165Б;+77087707717;+77087707717;yes;;;instagram:https://instagram.com/beton.design.g facebook:https://facebook.com/beton.design.g whatsapp:https://wa.me/77087707717;;;43.243103;76.892025;70000001099768881_gjsnzz1578G23H8301IG0GGGczr4pp73G6G505A814B86B99wpqt54657J1A6G7G1J2A8J2Juz9Buv7B884A10133B2H6J3HHHG3H298g7
ремонт квартир;Smart Remont, компания;Ремонт помещений;проспект Аль-Фараби, 63;+77750075959;+77750075959;yes;;http://smartremont.kz/?utm_source=2gis&utm_medium=cpc&utm_campaign=profilelink;instagram:https://instagram.com/smartremontkz whatsapp:https://wa.me/77750075959;4.8;311;43.221528;76.932915;70000001060890831_gjsnzz1578G23H8301IG0GGGczr4pp73G6G505A814299394wpqt54657J1A6G7G1J2A8J2Juz9Buv7B884A1013382H7J3HHHG3H29837
ремонт квартир;Svet.kz Modern, бутик;Ремонт помещений, Светотехника, Электромонтажные работы, Электротехника, Дизайн интерьеров;улица Кабдолова, 1/8;+77018807660;+77018807660;yes;;http://svet.kz;instagram:https://instagram.com/svet.kz_abis whatsapp:https://wa.me/77018807660;5;1875;43.236888;76.844103;70000001043802009_gjsnzz1578G23H8301IG0GGGczr4pp73G6G505A814590511wpqt54657J1A6G7G1J2A8J2Juz9Buv7B884A101336AH8J3HHHG3H2981b
ремонт квартир;O2-Architects, ​компания по архитектуре и дизайну интерьера;Ремонт помещений, Архитектурное проектирование, Дизайн интерьеров, Проектирование инженерных систем;проспект Назарбаева, 88;+77778460333;+77778460333;yes;;http://o2-architects.kz/;instagram:https://instagram.com/o2_architects.kz whatsapp:https://wa.me/77778460333;4.9;14;43.258693;76.946431;70000001084166370_gjsnzz1578G23H8301IG0GGGczr4pp73G6G505A814626948wpqt54657J1A6G7G1J2A8J2Juz9Buv7B884A10133A1H9J3HHHG3H29876
ремонт квартир;Acapell, компания;Ремонт помещений, Мебель для кухни, Бытовая техника, Мебель на заказ, Мягкая мебель, Детская мебель, Корпусная мебель, Мебель для ванных комнат, Офисная мебель, Дизайн интерьеров, Архитектурное проектирование, Строительство бань и саун, Строительство дач и коттеджей;улица Ауэзова, 163а;+77017219324 +77272248299;+77017219324;yes;;http://acapell.kz;instagram:https://instagram.com/acapell.kz whatsapp:https://wa.me/77017219324;4.6;12;43.231004;76.903967;70000001031371234_gjsnzz1578G23H8301IG0GGGczr4pp73G6G505A814347434wpqt54657J1A6G7G1J2A8J2Juz9Buv7B884A1013355HAJ3HHHG3H298d2
ремонт квартир;Easy Stroi Amaty, компания по установке тв-зон;Ремонт помещений, Дизайн интерьеров, Мебель для кухни, Корпусная мебель, Детская мебель, Мебель на заказ;улица Тянь-Шаньская, 26;+77473895207;+77473895207;yes;;http://tiktok.com/@easy_stroi_almaty;instagram:https://instagram.com/easy_stroi_almaty whatsapp:https://wa.me/77473895207;4.8;42;43.26915;76.964958;70000001104433951_gjsnzz1578G23H8301IGG0GGczr4pp73G6G505A8146536A6wpqt54657J1A6G7G1JG599G5uz9Buv7B884A1013422H23J1HHGJ1G49787
ремонт квартир;R&A Partners Qazaqstan, оптовая компания;Ремонт помещений, Стройматериалы, Промышленная химия, Герметики и клеи, Красящие вещества, Фасадные материалы и конструкции, Теплоизоляционные материалы, Кровельные материалы, Материалы для дорожного строительства, Звукоизоляционные материалы, Облицовочный камень, Сухие строительные смеси, Строительные блоки, Строительство дач и коттеджей, Керамогранит, Бетон и раствор, Устройство промышленных и наливных полов, Гидроизоляционные материалы, Кирпич, Кровельные работы, Крепёж, Огнеупорные материалы, Слесарно-монтажный инструмент, Фасадные работы;проспект Назарбаева, 235;+77079113787 +77086543117 +77089117037 +77079110987;+77086543117;yes;;http://www.asmaco.kz http://www.partners-qazablock.kz http://www.rapq.kz;whatsapp:https://wa.me/77086543117 whatsapp:https://wa.me/77079113787 whatsapp:https://wa.me/77089117037;4.6;18;43.230652;76.949109;70000001060436766_gjsnzz1578G23H8301IGG0GGczr4pp73G6G505A814253987wpqt54657J1A6G7G1JG599G5uz9Buv7B884A1013387H24J1HHGJ1G497f3
ремонт квартир;Bakha Potolok, компания;Ремонт помещений, Натяжные потолки, Подвесные потолки, Светотехника, Дизайн интерьеров;проспект Аль-Фараби, 21 блок 3;+77784739587 +77711812329;+77784739587;yes;;http://tiktok.com/@bakha.potolok;whatsapp:https://wa.me/77784739587 instagram:https://instagram.com/bakha.potolok whatsapp:https://wa.me/77711812329;5;98;43.229496;76.941812;70000001098071424_gjsnzz1578G23H8301IGG0GGczr4pp73G6G505A814A17453wpqt54657J1A6G7G1JG599G5uz9Buv7B884A10133B5H25J1HHGJ1G49725
ремонт квартир;Pinteriors, студия дизайна интерьера;Ремонт помещений, Дизайн интерьеров;проспект Серкебаева, 146/12;+77085239055;+77085239055;yes;;http://pinteriors.kz;facebook:https://facebook.com/Pinteriors.creative instagram:https://instagram.com/pinteriors_club whatsapp:https://wa.me/77085239055;5;6;43.201087;76.901741;70000001068193259_gjsnzz1578G23H8301IGG0GGczr4pp73G6G505A814A29636wpqt54657J1A6G7G1JG599G5uz9Buv7B884A101338AH26J1HHGJ1G497cA
ремонт квартир;Ainn, ​выездная компания по ремонту домов, квартир и офисов;Ремонт помещений, Дизайн интерьеров;улица Каныша Сатпаева, 103/1;+77081115040;+77081115040;;;http://ainn.kz;;5;40;43.235004;76.885385;70000001111205875_gjsnzz1578G23H8301IGG0GGczr4pp73G6G505A814330898wpqt54657J1A6G7G1JG599G5uz9Buv7B884A1013436H27J1HHGJ1G4978e
ремонт квартир;Эксперт Ремонта;Ремонт помещений, Дизайн интерьеров, Электромонтажные работы;улица Курчатова, 1Б;+77770007074;+77770007074;yes;;http://expertremonta.kz;instagram:https://instagram.com/expertt_remonta whatsapp:https://wa.me/77770007074;4.8;109;43.253489;76.854861;70000001081518376_gjsnzz1578G23H8301IGG0GGczr4pp73G6G505A814361B48wpqt54657J1A6G7G1JG599G5uz9Buv7B884A10133A7H28J1HHGJ1G4972h
ремонт квартир;master_po_derevu.kz, мастерская;Ремонт помещений, Ремонт мебели, Ремонт окон;улица Саина, 18Б;+77001110930;+77001110930;yes;;;instagram:https://instagram.com/master_po_derevu.kz whatsapp:https://wa.me/77001110930;4.2;24;43.238406;76.840994;70000001060351503_gjsnzz1578G23H8301IGG0GGczr4pp73G6G505A814245461wpqt54657J1A6G7G1JG599G5uz9Buv7B884A1013384H29J1HHGJ1G4971A
ремонт квартир;Baytak Dala, компания по проектированию и строительству магазинов, ресторанов и офисов;Ремонт помещений, Строительство административных зданий, Архитектурное проектирование, Проектирование инженерных систем;улица Жазылбека, 20;+77273440340 +77012666709;+77012666709;yes;;http://www.baytakdala.kz;instagram:https://instagram.com/baytakdala facebook:https://facebook.com/profile.php?id=61561229019440 whatsapp:https://wa.me/77012666709;5;7;43.203913;76.866368;9429940001190289_gjsnzz1578G23HA72AIG0GGGczr4pp73G6G505A8143A059Awpqt54657J1A6G7G1J2A8J2Juz9Buv7B884AA41233H28J3HHHG3H29862
ремонт квартир;Luxs Fasad Kz, магазин строительных материалов;Ремонт помещений, Декоративные отделочные материалы, Фасадные материалы и конструкции, Фасадные работы, Керамогранит;улица Акбидай, 9;+77028277655;+77028277655;yes;;;instagram:https://instagram.com/luxs_fasad_kz whatsapp:https://wa.me/77028277655;5;6;43.375704;77.007549;70000001062414379_gjsnzz1578G23H8301IGG0GGczr4pp73G6G505A814451748wpqt54657J1A6G7G1JG599G5uz9Buv7B884A101338AH2BJ1HHGJ1G4976g
ремонт квартир;Idal Concept, архитектурно-дизайнерская компания;Ремонт помещений, Дизайн интерьеров, Архитектурное проектирование, Строительство дач и коттеджей, Конструкторские бюро;Богенбай батыра улица, 79;+77010703103;+77010703103;yes;;http://idal.kz/;instagram:https://instagram.com/const.lebedev whatsapp:https://wa.me/77010703103;5;11;43.254277;76.95836;70000001035552899_gjsnzz1578G23H8301IGG0GGczr4pp73G6G505A81476559Awpqt54657J1A6G7G1JG599G5uz9Buv7B884A101335AH2CJ1HHGJ1G4974h
ремонт квартир;RSGroup, компания;Ремонт помещений, Строительство дач и коттеджей, Архитектурное проектирование, Дизайн интерьеров, Строительство административных зданий;Природа улица, 15а;+77078230303;+77075005833;yes;;http://rsgroup.kz;instagram:https://instagram.com/rsgroupkz whatsapp:https://wa.me/77075005833 whatsapp:https://wa.me/77078230303;4.3;22;43.148607;76.897853;70000001037817637_gjsnzz1578G23H8301IGG0GGczr4pp73G6G505A814991A74wpqt54657J1A6G7G1JG599G5uz9Buv7B884A1013358H33J1HHGJ1G497f4
ремонт квартир;Qonys Group, агентство недвижимости;Ремонт помещений, Агентства недвижимости;Атагельды Исмаилова улица, 64 к1;+77074635001;+77074635001;yes;;;instagram:https://instagram.com/qonys__group whatsapp:https://wa.me/77074635001;5;11;43.318488;77.028979;70000001114431674_gjsnzz1578G23H8301IGG0GGczr4pp73G6G505A814653478wpqt54657J1A6G7G1JG599G5uz9Buv7B884A1013435H34J1HHGJ1G49779
ремонт квартир;Svet.kz Classic, бутик;Ремонт помещений, Светотехника, Электромонтажные работы, Электротехника, Дизайн интерьеров;улица Кабдолова, 1/8;+77017675547;+77018807768;yes;;http://svet.kz;instagram:https://instagram.com/svet.kz_abis whatsapp:https://wa.me/77018807768;5;1134;43.236704;76.843388;70000001017840869_gjsnzz1578G23H8301IGG0GGczr4pp73G6G505A814994397wpqt54657J1A6G7G1JG599G5uz9Buv7B884A101333AH36J1HHGJ1G49787
ремонт квартир;Мир ковролина, компания;Ремонт помещений, Напольные покрытия, Укладка напольных покрытий;улица Тайманова, 43;+77780030030;+77780030030;yes;;;instagram:https://instagram.com/kovrolin_almaty_astana whatsapp:https://wa.me/77780030030;5;4;43.223905;76.947656;70000001035754856_gjsnzz1578G23H8301IGG0GGczr4pp73G6G505A814785796wpqt54657J1A6G7G1JG599G5uz9Buv7B884A1013357H37J1HHGJ1G497A6
ремонт квартир;Altyn uia, строительная компания;Ремонт помещений;Ораза Жандосова улица, 98;+77788637118;+77788637118;yes;;;instagram:https://instagram.com/altyn_uy whatsapp:https://wa.me/77788637118;;;43.219596;76.880092;70000001102358715_gjsnzz1578G23H8301IGG0GGczr4pp73G6G505A814445B82wpqt54657J1A6G7G1JG599G5uz9Buv7B884A1013426H38J1HHGJ1G497AC
ремонт квартир;Lux-Строй-А, проектно-строительная компания;Ремонт помещений, Снос зданий, Дизайн интерьеров, Строительство административных зданий;улица Прокофьева, 144;+77272257521;+77272257521;;;http://luxstroy.kz;;;;43.243179;76.875902;9429940001554338_gjsnzz1578G23HA72AIG0GGGczr4pp73G6G505A814764649wpqt54657J1A6G7G1J2A8J2Juz9Buv7B884AA41233H37J3HHHG3H2982b
ремонт квартир;GRIS Design Friends home, компания;Ремонт помещений, Декоративные отделочные материалы;Керей-Жанибек хандар улица, 69/2;+77019148771 +77273873618 +77272255039;+77019148771;;;http://gris.kz;instagram:https://instagram.com/gris.design;5;1;43.195975;76.972198;70000001025872374_gjsnzz1578G23H8301IGG0GGczr4pp73G6G505A814797548wpqt54657J1A6G7G1JG599G5uz9Buv7B884A1013345H3AJ1HHGJ1G497fe
ремонт квартир;Bodos, ​компания по ремонту и отделке помещений;Ремонт помещений, Фасадные работы, Архитектурное проектирование, Дизайн интерьеров, Ремонт зданий;Сапаргали Бегалина улица, 11;+77003700009 +77081115040;+77081115040;yes;;http://bodos.kz http://jivo.chat/B2hY7kFtu1;instagram:https://instagram.com/bodos.kz whatsapp:https://wa.me/77081115040 telegram:https://t.me/+77081115040;5;7;43.255525;76.965303;70000001110179396_gjsnzz1578G23H8301IGG0GGczr4pp73G6G505A814227C4Awpqt54657J1A6G7G1JG599G5uz9Buv7B884A1013437H3BJ1HHGJ1G4972i
ремонт квартир;BSdesign, студия дизайна интерьера;Ремонт помещений, Дизайн интерьеров;улица Кунаева, 43;+77081950124 +77058168719;+77058168719;yes;;http://bsdesign.kz;whatsapp:https://wa.me/77058168719 telegram:https://t.me/bsdesignkz;5;20;43.262638;76.948964;70000001098975674_gjsnzz1578G23H8301IGG0GGczr4pp73G6G505A814AA7878wpqt54657J1A6G7G1JG599G5uz9Buv7B884A10133B5H3CJ1HHGJ1G49788
ремонт квартир;Дом Мастеров, компания по ремонту офисов и коммерческих помещений;Ремонт помещений, Дизайн интерьеров, Архитектурное проектирование;улица Абулхайр-хан, 22;+77017805717;+77017805717;yes;;http://dommasterov.kz;instagram:https://instagram.com/dommasterov.kz facebook:https://facebook.com/dommasterov.design whatsapp:https://wa.me/77017805717;4.9;37;43.185138;76.901195;70000001025355776_gjsnzz1578G23H8301IGG0GGczr4pp73G6G505A814745888wpqt54657J1A6G7G1JG599G5uz9Buv7B884A1013347H44J1HHGJ1G4974C
ремонт квартир;Gulvira group, дизайнерская студия;Ремонт помещений, Дизайн интерьеров, Ландшафтный дизайн, Архитектурное проектирование;проспект Абая, 151;+77761234381 +77761234379;+77761234381;yes;;;instagram:https://instagram.com/gulvira_group_almaty whatsapp:https://wa.me/77761234381;5;14;43.239373;76.891799;70000001103737106_gjsnzz1578G23H8301IGG0GGczr4pp73G6G505A814583A21wpqt54657J1A6G7G1JG599G5uz9Buv7B884A1013427H45J1HHGJ1G49758
ремонт квартир;My Way, дизайн-студия;Ремонт помещений, Дизайн интерьеров;улица Камар сулу, 64а;+77018533333 +77018334400;+77018533333;yes;;http://mywaydesign.kz;instagram:https://instagram.com/myway_design_studio whatsapp:https://wa.me/77018533333 whatsapp:https://wa.me/77018334400;5;8;43.252088;76.972799;70000001034325682_gjsnzz1578G23H8301IGG0GGczr4pp73G6G505A814642879wpqt54657J1A6G7G1JG599G5uz9Buv7B884A1013353H46J1HHGJ1G49756
ремонт квартир;Прима-Н, компания;Ремонт помещений, Архитектурное проектирование, Ремонт зданий, Строительство административных зданий, Металлоконструкции для строительства;Бауыржан Момышулы улица, 199;+77776668643 +77021555389 +77273980206 +77273980208;+77776668643;yes;;http://www.prima-n.net;whatsapp:https://wa.me/77776668643 whatsapp:https://wa.me/77021555389;4.9;29;43.38926;76.934903;9429940001594448_gjsnzz1578G23HA72AIG0GGGczr4pp73G6G505A8147A4759wpqt54657J1A6G7G1J2A8J2Juz9Buv7B884AA41233H45J3HHHG3H298fg
ремонт квартир;Alash Medikal, компания по ремонту медицинских помещений;Ремонт помещений;улица Кокозек, 435;+77472897485 +77776872339;+77472897485;yes;;http://alashmedikal.kz;whatsapp:https://wa.me/77472897485 whatsapp:https://wa.me/77776872339;5;1;43.357627;76.776824;70000001058919912_gjsnzz1578G23H8301IGG0GGczr4pp73G6G505A814AA1CA2wpqt54657J1A6G7G1JG599G5uz9Buv7B884A1013373H48J1HHGJ1G49756
ремонт квартир;Ursa Studio, студия дизайна интерьера;Ремонт помещений, Дизайн интерьеров, Застройщики, Архитектурное проектирование, Мебель на заказ;Байзакова улица, 280;+77002101030;+77002101030;yes;;http://ursaarchitects.com;instagram:https://instagram.com/ursastudio whatsapp:https://wa.me/77002101030 telegram:https://t.me/ursastudio telegram:https://t.me/ursa_studio;4.9;41;43.236821;76.914977;70000001083985197_gjsnzz1578G23H8301IGG0GGczr4pp73G6G505A8145A882Awpqt54657J1A6G7G1JG599G5uz9Buv7B884A10133A8H49J1HHGJ1G497g8
ремонт квартир;RN Kaz building, строительная компания;Ремонт помещений, Дизайн интерьеров, Металлоконструкции для строительства, Окна, Строительство административных зданий;4-й микрорайон, 10а;+77471114178 +77787778389;+77787778389;yes;;;instagram:https://instagram.com/rn_kaz_building whatsapp:https://wa.me/77787778389 whatsapp:https://wa.me/77471114178;5;2;43.225487;76.859943;70000001104973181_gjsnzz1578G23H8301IGG0GGczr4pp73G6G505A8146A7629wpqt54657J1A6G7G1JG599G5uz9Buv7B884A1013422H4AJ1HHGJ1G49797
ремонт квартир;Алматыжилстрой, строительно-ремонтная компания;Ремонт помещений, Застройщики, Строительство административных зданий, Ремонт зданий, Строительство АЗС;Ораза Жандосова улица, 24;+77272740488 +77272747733;+77272740488;;;http://www.ajs.almatykurylys.kz;;;;43.23434;76.906737;9429940000792355_gjsnzz1578G23HA72AIG0GGGczr4pp73G6G505A8149A2666wpqt54657J1A6G7G1J2A8J2Juz9Buv7B884AA41232H49J3HHHG3H298A7
ремонт квартир;Abi group, многопрофильная компания;Ремонт помещений, Строительство административных зданий, Дизайн интерьеров, Ремонт зданий, Строительство дач и коттеджей;улица Егизбаева, 52;+77078183480;+77078183480;yes;;http://abigroup.kz;instagram:https://instagram.com/abigroup_kz facebook:https://facebook.com/abigroupkz whatsapp:https://wa.me/77078183480;2.6;11;43.23136;76.886349;70000001033908043_gjsnzz1578G23H8301IGG0GGczr4pp73G6G505A8145A0B15wpqt54657J1A6G7G1JG599G5uz9Buv7B884A1013354H4CJ1HHGJ1G497cC
ремонт квартир;Kio Group, компания;Ремонт помещений, Дизайн интерьеров, Ландшафтный дизайн;проспект Жибек Жолы, 135;+77071127030;+77071127030;yes;;http://kiogroup.kz;instagram:https://instagram.com/kio.group whatsapp:https://wa.me/77071127030;5;1;43.261602;76.929286;70000001113498808_gjsnzz1578G23H8301IGG0GGczr4pp73G6G505A814559B91wpqt54657J1A6G7G1JG599G5uz9Buv7B884A1013439H53J1HHGJ1G497b5
ремонт квартир;AS group, компания;Ремонт помещений, Дизайн интерьеров;улица Ауэзова, 14а;+77473817707;+77473817707;yes;;;whatsapp:https://wa.me/77473817707;1;1;43.253558;76.902611;70000001045795318_gjsnzz1578G23H8301IGG0GGczr4pp73G6G505A814789842wpqt54657J1A6G7G1JG599G5uz9Buv7B884A1013369H54J1HHGJ1G4979g
ремонт квартир;Next Design, студия дизайна интерьера;Ремонт помещений, Дизайн интерьеров;улица Радостовца, 323а;+77077172320 +77476541288;+77077172320;yes;;http://www.nextdesign.kz;instagram:https://instagram.com/victoria_interiordesign.kz whatsapp:https://wa.me/77077172320;4.9;35;43.209263;76.895821;70000001077394374_gjsnzz1578G23H8301IGG0GGczr4pp73G6G505A814949748wpqt54657J1A6G7G1JG599G5uz9Buv7B884A1013395H55J1HHGJ1G4972e
ремонт квартир;Remont Garant, ​компания по ремонту и отделке помещений;Ремонт помещений;улица Тимирязева, 42 к15;+77070700081;+77070700081;yes;;http://remont-garant.kz;instagram:https://instagram.com/remontgarant.kz whatsapp:https://wa.me/77070700081;;;43.217744;76.905143;70000001116893114_gjsnzz1578G23H8301IGG0GGczr4pp73G6G505A814899622wpqt54657J1A6G7G1JG599G5uz9Buv7B884A1013435H56J1HHGJ1G497A7
ремонт квартир;Vip remont almaty, компания по ремонту и отделке помещений;Ремонт помещений;улица Тимирязева, 42 пав16;+77478068122;+77478068122;;;;instagram:https://instagram.com/vipremont.almaty facebook:https://facebook.com/V.I.PRemontAlmaty telegram:https://t.me/+77478068122;4.8;21;43.223229;76.909547;70000001090562721_gjsnzz1578G23H8301IGG0GGczr4pp73G6G505A814266583wpqt54657J1A6G7G1JG599G5uz9Buv7B884A10133B2H57J1HHGJ1G497b6
ремонт квартир;Ladom, компания;Ремонт помещений, Кованые изделия;проспект Райымбека, 223е/1;+77079072245;+77079072245;;;http://tiktok.com/@ladom_reshetki;instagram:https://instagram.com/ladom_reshetki;;;43.271442;76.916127;70000001104552707_gjsnzz1578G23H8301IGG0GGczr4pp73G6G505A814665581wpqt54657J1A6G7G1JG599G5uz9Buv7B884A1013428H58J1HHGJ1G4979A
ремонт квартир;TT Master Group, выездная компания по ремонту квартир;Ремонт помещений;;+77770951088;+77770951088;yes;;http://ttmaster.kz;instagram:https://instagram.com/ttmaster.kz whatsapp:https://wa.me/77770951088;5;11;;;70000001115173579_gjsnzz1578G23H8301IGG0GGczr4pp73G6G505A814727668wpqt54657J1A6G7G1JG599G5uz9Buv7B884A101343AH59J1HHGJ1G4971h
ремонт квартир;Qadamstroi.kz, компания;Ремонт помещений, Стройматериалы, Электроинструмент;улица Москвина, 41Б;+77083339970;+77083339970;yes;;;instagram:https://instagram.com/qadamstroi.kz whatsapp:https://wa.me/77083339970;5;3;43.281443;76.892368;70000001082894137_gjsnzz1578G23H8301IGG0GGczr4pp73G6G505A814499724wpqt54657J1A6G7G1JG599G5uz9Buv7B884A10133A8H5AJ1HHGJ1G497ef
ремонт квартир;G.A.S. Construction, строительная компания;Ремонт помещений, Застройщики, Строительство дач и коттеджей, Ремонт зданий;проспект Аль-Фараби, 116/25;+77753199207;+77753199207;yes;;http://annagela.kz;instagram:https://instagram.com/gas.construction_ whatsapp:https://wa.me/77753199207;5;1;43.214933;76.939935;70000001065924750_gjsnzz1578G23H8301IGG0GGczr4pp73G6G505A8147A2786wpqt54657J1A6G7G1JG599G5uz9Buv7B884A1013381H5BJ1HHGJ1G4979i
ремонт квартир;Diamir Interiors, бюро архитектуры и дизайна интерьера;Ремонт помещений, Архитектурное проектирование, Ландшафтный дизайн, Дизайн интерьеров, Проектирование инженерных систем;улица Баишева, 3а;+77077370722;+77029840303;yes;;http://diamir-interiors.com/;instagram:https://instagram.com/diamir.interiors whatsapp:https://wa.me/77029840303;;;43.265501;76.959384;70000001109956668_gjsnzz1578G23H8301IGG0GGczr4pp73G6G505A814BA5977wpqt54657J1A6G7G1JG599G5uz9Buv7B884A1013429H5CJ1HHGJ1G49715
ремонт квартир;MAC Partners, компания по архитектуре и дизайну интерьера;Ремонт помещений, Архитектурное проектирование, Дизайн интерьеров;улица Маметовой, 76а;+77003606000 +77025000756;+77003606000;yes;;http://macpartners.kz;instagram:https://instagram.com/mac.partners facebook:https://facebook.com/macpartners.kz whatsapp:https://wa.me/77003606000;5;1;43.26625;76.933018;70000001091408201_lp79f31578G23H83014GGG0Guks7nD73G6G505A814350B31wpqt54658J1A7G7G2J0J4A6JekBAuv7B884A10133B2H234HHHGJH0I487hg
ремонт квартир;All Stroy, компания;Ремонт помещений, Дизайн интерьеров;улица Кабдолова, 2;+77066687663 +77066552842;+77066687663;yes;;;instagram:https://instagram.com/all_stroy.kz whatsapp:https://wa.me/77066687663 whatsapp:https://wa.me/77066552842;5;11;43.237828;76.85848;70000001090763991_lp79f31578G23H83014GGG0Guks7nD73G6G505A8142866AAwpqt54658J1A7G7G2J0J4A6JekBAuv7B884A10133B2H235HHHGJH0I487i4
ремонт квартир;Ai_stroy, строительный магазин;Ремонт помещений, Декоративные отделочные материалы;улица Москвина, 19/1;+77475862135;+77475862135;yes;;;whatsapp:https://wa.me/77475862135;1.1;7;43.276656;76.889699;70000001101959823_lp79f31578G23H83014GGG0Guks7nD73G6G505A8143A5C93wpqt54658J1A7G7G2J0J4A6JekBAuv7B884A1013424H236HHHGJH0I487di
ремонт квартир;Algis LTD, проектно-монтажная компания;Ремонт помещений, Электромонтажные работы, Проектирование инженерных систем, Строительство дач и коттеджей, Фасадные работы;улица Умбетбаева, 23;+77017040420 +77772755577;+77017040420;yes;;http://www.algis.kz;instagram:https://instagram.com/algisltd whatsapp:https://wa.me/77017040420 whatsapp:https://wa.me/77772755577;5;1;43.249112;76.894599;70000001090257708_lp79f31578G23H83014GGG0Guks7nD73G6G505A814235A81wpqt54658J1A7G7G2J0J4A6JekBAuv7B884A10133B9H237HHHGJH0I48757
ремонт квартир;Aspan City, магазин строительных материалов;Ремонт помещений, Стройматериалы, Напольные покрытия, Межкомнатные двери, Обои, Декоративные отделочные материалы, Сантехника, Сухие строительные смеси;Алматинская улица, 110;+77470632596;+77470632596;yes;;;instagram:https://instagram.com/aspancity110 whatsapp:https://wa.me/77470632596 telegram:https://t.me/+77470632596;5;7;43.40543;77.011673;70000001098839029_lp79f31578G23H83014GGG0Guks7nD73G6G505A814A93C13wpqt54658J1A7G7G2J0J4A6JekBAuv7B884A10133BAH238HHHGJH0I4878e
ремонт квартир;Kagan Group, производственная компания;Ремонт помещений, Сценические декорации и бутафория, Мягкая мебель, Изготовление рекламных конструкций, Мебель на заказ, Металлоизделия, Художественные мастерские, Дизайн рекламы, Мебель для кухни, Офисная мебель, Металлоконструкции для строительства, Кованые изделия, Декоративные отделочные материалы, Реставрация исторических памятников;Центральная улица, 16;+77089042527;+77089042527;yes;;;instagram:https://instagram.com/kagan_group whatsapp:https://wa.me/77089042527;;;43.315986;76.847687;70000001082051354_lp79f31578G23H83014GGG0Guks7nD73G6G505A814415446wpqt54658J1A7G7G2J0J4A6JekBAuv7B884A10133A5H239HHHGJH0I4873B
ремонт квартир;Jondeu Studio, компания по ремонту и дизайну помещений;Ремонт помещений, Дизайн интерьеров, Мебель на заказ, Корпусная мебель;улица Пушкина, 50;+77000777811 +77770016000 +77066069029;+77000777811;yes;;;instagram:https://instagram.com/jondeu.studio whatsapp:https://wa.me/77000777811 whatsapp:https://wa.me/77770016000 whatsapp:https://wa.me/77066069029;4.4;12;43.254509;76.954066;70000001090284494_lp79f31578G23H83014GGG0Guks7nD73G6G505A81423875Awpqt54658J1A7G7G2J0J4A6JekBAuv7B884A10133B5H23AHHHGJH0I48744
ремонт квартир;Aq Shanyraq, выездная торгово-сервисная компания;Ремонт помещений, Натяжные потолки, Ремонт зданий, Электромонтажные работы, Застройщики;улица Толе би, 266;+77754444405;+77754444405;yes;;;instagram:https://instagram.com/aq_shanyraq_almaty whatsapp:https://wa.me/77754444405;;;43.249802;76.877107;70000001095474383_lp79f31578G23H83014GGG0Guks7nD73G6G505A814757749wpqt54658J1A7G7G2J0J4A6JekBAuv7B884A10133B4H23BHHHGJH0I487eC
ремонт квартир;Panorama Remonta, проектно-строительная компания;Ремонт помещений, Строительство административных зданий, Дизайн интерьеров, Строительство дач и коттеджей, Ремонт зданий;проспект Назарбаева, 103;+77784999799;+77784999799;yes;;;instagram:https://instagram.com/panorama_remonta_kz whatsapp:https://wa.me/77784999799;5;4;43.257805;76.945751;70000001089716843_lp79f31578G23H83014GGG0Guks7nD73G6G505A814B81995wpqt54658J1A7G7G2J0J4A6JekBAuv7B884A10133A4H23CHHHGJH0I48777
ремонт квартир;Abylai-Dan Engineering, строительная компания;Ремонт помещений, Строительство административных зданий, Промышленное строительство, Ландшафтный дизайн, Архитектурное проектирование;улица Лисаковская, 23/1;+77717581973 +77717470171;+77717581973;yes;;http://abylai-dan.kz;instagram:https://instagram.com/abylaidan whatsapp:https://wa.me/77717581973;5;5;43.29284;76.974884;70000001030979145_lp79f31578G23H83014GGG0Guks7nD73G6G505A8142A7C25wpqt54658J1A7G7G2J0J4A6JekBAuv7B884A1013356H243HHHGJH0I487e7
ремонт квартир;Yelena design, компания по созданию дизайна интерьеров;Ремонт помещений, Дизайн интерьеров;Утепова улица, 31 блок 3;+77755514808 +77073506257;+77755514808;yes;;;whatsapp:https://wa.me/77755514808;;;43.21935;76.887;70000001094370982_lp79f31578G23H83014GGG0Guks7nD73G6G505A8146473A9wpqt54658J1A7G7G2J0J4A6JekBAuv7B884A10133B3H244HHHGJH0I4878d
ремонт квартир;Modify, дизайн-центр;Ремонт помещений, Дизайн интерьеров, Архитектурное проектирование, Ландшафтный дизайн;проспект Жибек Жолы, 135;+77013404156;+77013404156;yes;;http://modify-interior.com/;facebook:https://facebook.com/modifyinterior vkontakte:https://vk.com/modify_interiors instagram:https://instagram.com/modify_interiors whatsapp:https://wa.me/77013404156;5;6;43.261581;76.928891;70000001052170734_lp79f31578G23H83014GGG0Guks7nD73G6G505A814427384wpqt54658J1A7G7G2J0J4A6JekBAuv7B884A1013375H245HHHGJH0I4878d
ремонт квартир;Металлоцех;Ремонт помещений, Металлоконструкции для строительства, Строительство дач и коттеджей, Быстровозводимые здания, Ремонт зданий;100-я улица, 602;+77010922223 +77273078060;+77010922223;yes;;;whatsapp:https://wa.me/77010922223;;;43.401483;77.029953;9429940000974517_lp79f31578G23HA72AIGG0GGuks7nD73G6G505A814B84828wpqt54658J1A7G7G2JG599G5ekBAuv7B884AA41232H226J1HHGJ1G49733
ремонт квартир;Выездная компания по мелкому ремонту дома;Ремонт помещений, Внутренние системы отопления, водоснабжения, канализации, Электромонтажные работы;;+77712754877;+77712754877;yes;;;whatsapp:https://wa.me/77712754877;;;;;70000001095651113_lp79f31578G23H83014GGG0Guks7nD73G6G505A814775422wpqt54658J1A7G7G2J0J4A6JekBAuv7B884A10133B4H247HHHGJH0I48778
ремонт квартир;Bogatte, проектно-строительная компания;Ремонт помещений, Дизайн интерьеров, Архитектурное проектирование;проспект Суюнбая, 66в;+77013398239;+77013398239;yes;;http://bogatte.kz;instagram:https://instagram.com/bogattearchitects whatsapp:https://wa.me/77013398239;4.8;5;43.281341;76.947375;70000001032348708_lp79f31578G23H83014GGG0Guks7nD73G6G505A814444B81wpqt54658J1A7G7G2J0J4A6JekBAuv7B884A1013359H248HHHGJH0I487d5
ремонт квартир;Gemba, столярный цех;Ремонт помещений, Деревообработка, Лаки и краски, Фасадные работы, Мебельные фасады;проспект Турара Рыскулова, 65/3;+77776666624 +77273118082;+77776666624;;;;instagram:https://instagram.com/gembawood;;;43.284085;76.917349;9429940001577107_lp79f31578G23HA72AIGG0GGuks7nD73G6G505A814787418wpqt54658J1A7G7G2JG599G5ekBAuv7B884AA41233H229J1HHGJ1G49758
ремонт квартир;MaxMod;Ремонт помещений, Дизайн интерьеров, Мебель на заказ, Корпусная мебель, Мягкая мебель;проспект Аль-Фараби, 100;+77472761803;+77472761803;yes;;;instagram:https://instagram.com/maxmod.kz whatsapp:https://wa.me/77472761803;1;1;43.22166;76.936184;70000001105995841_lp79f31578G23H83014GGG0Guks7nD73G6G505A8147A9895wpqt54658J1A7G7G2J0J4A6JekBAuv7B884A1013422H24AHHHGJH0I487g9
ремонт квартир;Алатау Курылыс Сервис, строительная компания;Ремонт помещений, Электромонтажные работы;проспект Достык, 105;+77010689136;+77010689136;;;http://alataukurulus.com;;;;43.225523;76.960986;70000001054935546_lp79f31578G23H83014GGG0Guks7nD73G6G505A8146A3865wpqt54658J1A7G7G2J0J4A6JekBAuv7B884A1013377H24BHHHGJH0I48764
ремонт квартир;AlfaStone, производственно-торговая компания;Ремонт помещений, Отделочные материалы, Облицовочный камень, Дизайн интерьеров, Кирпич, Изделия из камня для помещений, Ландшафтный дизайн, Декоративные отделочные материалы, Фасадные материалы и конструкции, Стеновые панели, Фасадные работы;улица Черепанова, 28а;+77017118764 +77015227864;+77015227864;yes;;;whatsapp:https://wa.me/77015227864 whatsapp:https://wa.me/77017118764;1.7;8;43.208344;76.876839;70000001018919677_lp79f31578G23H83014GGG0Guks7nD73G6G505A814AA1C78wpqt54658J1A7G7G2J0J4A6JekBAuv7B884A1013338H24CHHHGJH0I487g8
ремонт квартир;Adilet Remont, выездная компания по ремонту и отделке помещений;Ремонт помещений;;+77073902009;+77073902009;yes;;http://adiletremont.kz;whatsapp:https://wa.me/77073902009;5;2;;;70000001103437842_lp79f31578G23H83014GGG0Guks7nD73G6G505A814553A95wpqt54658J1A7G7G2J0J4A6JekBAuv7B884A1013423H253HHHGJH0I487eB
ремонт квартир;Premium Remont, ​компания по ремонту и отделке помещений;Ремонт помещений, Ремонт зданий, Строительство дач и коттеджей, Фасадные работы;проспект Назарбаева, 36;+77779016070;+77779016070;yes;;http://premium-remont.kz;instagram:https://instagram.com/premium_remont.almaty whatsapp:https://wa.me/77779016070;5;9;43.269201;76.945261;70000001109508239_lp79f31578G23H83014GGG0Guks7nD73G6G505A814B60B34wpqt54658J1A7G7G2J0J4A6JekBAuv7B884A101342AH254HHHGJH0I48744
ремонт квартир;Barsha.kz, компания по ремонту помещений;Ремонт помещений, Дизайн интерьеров;улица Ырысты, 46/2а;+77085734993;+77085734993;yes;;http://barsha.kz;instagram:https://instagram.com/Barsha.kz whatsapp:https://wa.me/77085734993;5;3;43.261634;76.852796;70000001090427724_lp79f31578G23H83014GGG0Guks7nD73G6G505A814252A83wpqt54658J1A7G7G2J0J4A6JekBAuv7B884A10133B5H255HHHGJH0I48735
ремонт квартир;Mitra Stroy, компания по ремонту квартир;Ремонт помещений;улица Ауэзова, 74;+77473008125;+77473008125;yes;;http://mitrastroy.tilda.ws;whatsapp:https://wa.me/77473008125;5;6;43.326507;76.885678;70000001117169512_lp79f31578G23H83014GGG0Guks7nD73G6G505A814926C62wpqt54658J1A7G7G2J0J4A6JekBAuv7B884A1013433H256HHHGJH0I487AA
ремонт квартир;ASTG, строительная фирма;Ремонт помещений, Строительство бань и саун, Строительство бассейнов и аквапарков, Строительство дач и коттеджей, Товары для бань и саун;Трудовая улица, 42;+77017135899;+77071135899;yes;;http://astg.kz;whatsapp:https://wa.me/77071135899;;;43.231907;76.825196;9429940000785757_lp79f31578G23HA72AIGG0GGuks7nD73G6G505A814995A68wpqt54658J1A7G7G2JG599G5ekBAuv7B884AA41232H237J1HHGJ1G497dd
ремонт квартир;Bauberg, компания по ремонту коммерческих помещений;Ремонт помещений, Архитектурное проектирование, Внутренние системы отопления, водоснабжения, канализации, Ремонт зданий, Дизайн интерьеров;улица Чуланова, 40;+77777500809;+77777500809;yes;;http://bauberg.kz;instagram:https://instagram.com/bauberg_pro whatsapp:https://wa.me/77777500809 telegram:https://t.me/+77777500809;5;1;43.24858;76.827422;70000001018962606_lp79f31578G23H83014GGG0Guks7nD73G6G505A814AA6571wpqt54658J1A7G7G2J0J4A6JekBAuv7B884A1013337H258HHHGJH0I48777
ремонт квартир;Remont Pro, строительная компания;Ремонт помещений, Строительство административных зданий;улица Ырысты, 46/2а;+77070143232 +77002679680;+77070143232;yes;;;instagram:https://instagram.com/Remont_pro.kz whatsapp:https://wa.me/77070143232 whatsapp:https://wa.me/77002679680;;;43.261634;76.852796;70000001109754316_lp79f31578G23H83014GGG0Guks7nD73G6G505A814B85742wpqt54658J1A7G7G2J0J4A6JekBAuv7B884A1013427H259HHHGJH0I4873B
ремонт квартир;Garrant Sтрой Sервис, строительно-ремонтная компания;Ремонт помещений, Электромонтажные работы, Дизайн интерьеров, Ремонт зданий, Фасадные работы;Мустафы Озтюрка улица, 11а;+77081905845;+77081905845;yes;;http://garrant.kz;facebook:https://facebook.com/garrantss whatsapp:https://wa.me/77081905845;5;2;43.23291;76.906182;70000001038265886_lp79f31578G23H83014GGG0Guks7nD73G6G505A814A36899wpqt54658J1A7G7G2J0J4A6JekBAuv7B884A1013357H25AHHHGJH0I48733
ремонт квартир;Roompotolok, компания по производству и профессиональной установке натяжных потолков;Ремонт помещений, Натяжные потолки, Дизайн интерьеров;проспект Райымбека, 251/2;+77475954099;+77475954099;yes;;;instagram:https://instagram.com/room_potolok whatsapp:https://wa.me/77475954099;5;3;43.263122;76.896671;70000001117091655_lp79f31578G23H83014GGG0Guks7nD73G6G505A814919476wpqt54658J1A7G7G2J0J4A6JekBAuv7B884A1013436H25BHHHGJH0I48786
ремонт квартир;InterStroy Techcom, компания;Ремонт помещений, Ремонт зданий, Мебель на заказ;Промзона улица, 45а;+77777140117 +77025131117;+77777140117;yes;;;whatsapp:https://wa.me/77777140117 whatsapp:https://wa.me/77025131117;;;43.414214;77.000137;70000001039138367_lp79f31578G23H83014GGG0Guks7nD73G6G505A814B23B47wpqt54658J1A7G7G2J0J4A6JekBAuv7B884A1013358H25CHHHGJH0I4878B
ремонт квартир;Q-Studio, компания по ремонту и дизайну квартир;Ремонт помещений, Дизайн интерьеров, Архитектурное проектирование, Инжиниринговые услуги, Электромонтажные работы;проспект Сейфуллина, 531;+77085715325 +77058709459;+77058709459;yes;;http://q-studio.kz;instagram:https://instagram.com/q_studio.kz whatsapp:https://wa.me/77058709459 whatsapp:https://wa.me/77085715325;5;16;43.256105;76.932222;70000001074357088_lp79f31578G23H83014GGG0Guks7nD73G6G505A814645A19wpqt54658J1A7G7G2J0J4A6JekBAuv7B884A1013399H263HHHGJH0I4878C
ремонт квартир;Tantay Group, ремонтно-строительная компания;Ремонт помещений, Ремонт зданий, Внутренние системы отопления, водоснабжения, канализации, Электромонтажные работы;улица Керуентау, 2/1;+77017830676;+77017830676;yes;;http://365-remont.kz http://365-service.kz;instagram:https://instagram.com/365_remont whatsapp:https://wa.me/77017830676;5;59;43.197891;76.840236;70000001040035840_lp79f31578G23H83014GGG0Guks7nD73G6G505A814213895wpqt54658J1A7G7G2J0J4A6JekBAuv7B884A1013361H264HHHGJH0I487C7
ремонт квартир;ЕА Империя, компания;Ремонт помещений;улица Ауэзова, 82;+77787770370;+77787770370;yes;;;whatsapp:https://wa.me/77787770370;;;43.238525;76.904546;70000001066959761_lp79f31578G23H83014GGG0Guks7nD73G6G505A8148A5C87wpqt54658J1A7G7G2J0J4A6JekBAuv7B884A1013382H265HHHGJH0I487e6
ремонт квартир;A-santehnik, выездная служба по ремонту сантехники;Ремонт помещений, Внутренние системы отопления, водоснабжения, канализации, Монтаж сантехнического оборудования, Обслуживание замков и дверей;улица Ырысты, 46/5 к3;+77072671757;+77072671757;yes;;http://a-santehnik.kz;whatsapp:https://wa.me/77072671757 whatsapp:https://wa.me/77071671757;4.7;19;43.26494;76.8555;70000001104239636_lp79f31578G23H83014GGG0Guks7nD73G6G505A814633C74wpqt54658J1A7G7G2J0J4A6JekBAuv7B884A1013427H266HHHGJH0I4874C
ремонт квартир;Gos Stroy, строительная компания;Ремонт помещений, Дизайн интерьеров, Архитектурное проектирование, Ремонт зданий;проспект Назарбаева, 223;+77774128389;+77774128389;yes;;;instagram:https://instagram.com/gos_stroy whatsapp:https://wa.me/77774128389;;;43.232783;76.948348;70000001116490960_lp79f31578G23H83014GGG0Guks7nD73G6G505A8148593A7wpqt54658J1A7G7G2J0J4A6JekBAuv7B884A1013431H267HHHGJH0I4876B
ремонт квартир;Decor pro, компания по декору интерьера и декоративных штукатурок;Ремонт помещений, Дизайн интерьеров, Декоративные отделочные материалы;улица Сырым Датулы, 57;+77052072615;+77052072615;yes;;;whatsapp:https://wa.me/77052072615 telegram:https://t.me/decor_pro_tme;5;2;43.364311;77.124873;70000001099176981_lp79f31578G23H83014GGG0Guks7nD73G6G505A814B279A9wpqt54658J1A7G7G2J0J4A6JekBAuv7B884A10133B2H268HHHGJH0I487g7
ремонт квартир;Qami architects, компания;Ремонт помещений, Дизайн интерьеров, Архитектурное проектирование;улица Шевченко, 165Б;+77055550360;+77055550360;yes;;;instagram:https://instagram.com/qami_architects whatsapp:https://wa.me/77055550360;5;7;43.243103;76.892025;70000001080572329_lp79f31578G23H83014GGG0Guks7nD73G6G505A814267543wpqt54658J1A7G7G2J0J4A6JekBAuv7B884A10133AAH269HHHGJH0I4878i
ремонт квартир;Шатком, компания;Ремонт помещений;улица Макатаева, 33;+77273510538;+77273510538;;;;;;;43.265287;76.958987;70000001031170755_lp79f31578G23H83014GGG0Guks7nD73G6G505A814327386wpqt54658J1A7G7G2J0J4A6JekBAuv7B884A1013356H26AHHHGJH0I487hh
ремонт квартир;Jasa group, компания;Ремонт помещений, Дизайн интерьеров;улица Пушкина, 2;+77015400645;+77015400645;yes;;;instagram:https://instagram.com/jasa_group_kz whatsapp:https://wa.me/77015400645;;;43.270548;76.952634;70000001100431549_lp79f31578G23H83014GGG0Guks7nD73G6G505A814253465wpqt54658J1A7G7G2J0J4A6JekBAuv7B884A101342AH26BHHHGJH0I48776
ремонт квартир;Engicon, проектно-строительная компания;Ремонт помещений, Архитектурное проектирование, Инжиниринговые услуги, Строительство административных зданий;улица Кенесары хана, 54/15;+77775777754 +77774994940;+77775777754;yes;;http://engicon.kz;whatsapp:https://wa.me/77775777754 whatsapp:https://wa.me/77774994940;5;3;43.169595;76.871928;70000001043850832_lp79f31578G23H83014GGG0Guks7nD73G6G505A814595394wpqt54658J1A7G7G2J0J4A6JekBAuv7B884A1013363H26CHHHGJH0I487eB
ремонт квартир;Dena stroy Group, строительная компания;Ремонт помещений, Декоративные отделочные материалы, Кровельные материалы, Сухие строительные смеси, Теплоизоляционные материалы;улица Аркалык, 34/1;+77077770254;+77077770254;yes;;;instagram:https://instagram.com/dena_stroy_group whatsapp:https://wa.me/77077770254;4.9;20;43.318706;76.842126;70000001092049115_lp79f31578G23H83014GGG0Guks7nD73G6G505A814414C22wpqt54658J1A7G7G2J0J4A6JekBAuv7B884A10133B6H273HHHGJH0I4875f
ремонт квартир;Lion Pro, компания по ремонту домов;Ремонт помещений;улица Жарокова, 284/3;+77478566315 +77773552044;+77773552044;yes;;;instagram:https://instagram.com/remont_lionpro whatsapp:https://wa.me/77773552044 whatsapp:https://wa.me/77478566315;5;11;43.206137;76.906686;70000001102562667_lp79f31578G23H83014GGG0Guks7nD73G6G505A814466577wpqt54658J1A7G7G2J0J4A6JekBAuv7B884A1013428H274HHHGJH0I487g8
ремонт квартир;Декор Центр Алексея Аксёнова, студия декоративных итальянских штукатурок и красок;Ремонт помещений, Декоративные отделочные материалы, Дизайн интерьеров, Лаки и краски;улица Казыбек би, 68-70;+77017886264;+77017886264;yes;;http://alexdecorschool.online http://taplink.cc/decorcentr_alexey_axenov http://tiktok.com/@decorcentr_alex_axenov;facebook:https://facebook.com/axenov.alex.decor whatsapp:https://wa.me/77017886264;5;2;43.255793;76.936471;70000001028122116_lp79f31578G23H83014GGG0Guks7nD73G6G505A814A22522wpqt54658J1A7G7G2J0J4A6JekBAuv7B884A1013347H275HHHGJH0I487gg
ремонт квартир;Remaro.kz, компания по ремонту и отделке помещений;Ремонт помещений;проспект Назарбаева, 103;+77059938441 +77762167802;+77762167802;yes;;;instagram:https://instagram.com/remaro.kz whatsapp:https://wa.me/77762167802 whatsapp:https://wa.me/77059938441;5;1;43.257805;76.945751;70000001116865068_lp79f31578G23H83014GGG0Guks7nD73G6G505A814896817wpqt54658J1A7G7G2J0J4A6JekBAuv7B884A1013439H276HHHGJH0I4878B
ремонт квартир;Rassulova Design, компания по дизайну интерьеров;Ремонт помещений, Дизайн интерьеров, Согласование перепланировок;8-й микрорайон, 83;+77071112399;+77071112399;yes;;;instagram:https://instagram.com/rassulova__design whatsapp:https://wa.me/77071112399;5;67;43.223386;76.868063;70000001080765060_lp79f31578G23H83014GGG0Guks7nD73G6G505A814286817wpqt54658J1A7G7G2J0J4A6JekBAuv7B884A10133A1H277HHHGJH0I4877h
ремонт квартир;Tr Remont, компания по ремонту помещений;Ремонт помещений, Дизайн интерьеров;11-й микрорайон, 32;+77053333082;+77053333082;yes;;http://tr-remont.kz;instagram:https://instagram.com/trremont.kz whatsapp:https://wa.me/77053333082;5;3;43.220746;76.873631;70000001104239450_lp79f31578G23H83014GGG0Guks7nD73G6G505A814633C56wpqt54658J1A7G7G2J0J4A6JekBAuv7B884A1013421H278HHHGJH0I487h7
ремонт квартир;Space group constructions, ​компания по ремонту и отделке помещений;Ремонт помещений;проспект Абая, 109в;+77013556644;+77013556644;yes;;;instagram:https://instagram.com/spacegroup.almaty whatsapp:https://wa.me/77013556644;4.6;17;43.240255;76.906066;70000001091358458_lp79f31578G23H83014GGG0Guks7nD73G6G505A814345B56wpqt54658J1A7G7G2J0J4A6JekBAuv7B884A10133B9H279HHHGJH0I487g9
ремонт квартир;Зере-сервис, строительная компания;Ремонт помещений, Наружное отопление, водоснабжение, канализация, Ремонт зданий, Инжиниринговые услуги;улица Манаса, 57;+77272756309 +77072921899;+77072921899;yes;;http://zere-s.kz;whatsapp:https://wa.me/77072921899;4.7;3;43.234335;76.908903;70000001033686393_lp79f31578G23H83014GGG0Guks7nD73G6G505A81457894Awpqt54658J1A7G7G2J0J4A6JekBAuv7B884A1013354H27AHHHGJH0I487A6
ремонт квартир;Vavilon, агентство недвижимости;Ремонт помещений, Агентства недвижимости, Помощь в оформлении ипотеки;улица Омаровой, 33;+77778902722;+77778902722;yes;;;whatsapp:https://wa.me/77778902722;5;5;43.212516;76.979231;70000001101446779_lp79f31578G23H83014GGG0Guks7nD73G6G505A814354988wpqt54658J1A7G7G2J0J4A6JekBAuv7B884A101342AH27BHHHGJH0I4877d
ремонт квартир;Alatau Silk Road Engineering, компания;Ремонт помещений, Дизайн интерьеров;Байзакова улица, 280;+77767778889 +77011025463;+77011025463;yes;;http://alatausilkroad.kz;whatsapp:https://wa.me/77011025463 whatsapp:https://wa.me/77767778889;;;43.236821;76.914977;70000001115346155_lp79f31578G23H83014GGG0Guks7nD73G6G505A814744926wpqt54658J1A7G7G2J0J4A6JekBAuv7B884A1013436H27CHHHGJH0I487ih
ремонт квартир;Q-projects, компания по ремонту и отделке коммерческих помещений;Ремонт помещений, Ремонт зданий, Архитектурное проектирование, Дизайн интерьеров, Проектирование инженерных систем;улица Наурызбай батыра, 58;+77058709459;+77058709459;yes;;;instagram:https://instagram.com/qprojects.kz whatsapp:https://wa.me/77058709459;4.4;9;43.25877;76.935918;70000001089037171_eADszw1578G23H83014GGG0Gy7B64y73G6G505A814B13A28wpqt5465AJ1A9G7G3J0J4A6Jdruouv7B884A10133A2H334HHHGJH0I487hf
ремонт квартир;Хан Энерджи, электро-монтажные услуги;Ремонт помещений, Электромонтажные работы;проспект Сейфуллина, 288;+77078051098 +77021224201;+77078051098;yes;;;whatsapp:https://wa.me/77078051098 whatsapp:https://wa.me/77021224201;5;1;43.288265;76.940618;70000001080702310_eADszw1578G23H83014GGG0Gy7B64y73G6G505A814280542wpqt5465AJ1A9G7G3J0J4A6Jdruouv7B884A10133A1H335HHHGJH0I487Af
ремонт квартир;Napryazheniye 380/220 Almaty, выездная сервисная компания;Ремонт помещений, Электромонтажные работы, Монтаж сантехнического оборудования, Сварочные работы;проспект Райымбека, 206;+77772487151;+77772487151;yes;;http://smarthomeelectric.adverton.kz;instagram:https://instagram.com/elektrikalmaty whatsapp:https://wa.me/77772487151;4.1;5;43.264093;76.902577;70000001053127509_eADszw1578G23H83014GGG0Gy7B64y73G6G505A814522A61wpqt5465AJ1A9G7G3J0J4A6Jdruouv7B884A101337AH336HHHGJH0I487e4
ремонт квартир;Progress Group, компания;Ремонт помещений, Ремонт зданий, Архитектурное проектирование, Дизайн интерьеров;улица Наурызбай батыра, 17/1;+77072685608;+77072685608;yes;;;instagram:https://instagram.com/progress_group.almaty whatsapp:https://wa.me/77072685608;5;1;43.264943;76.933251;70000001090847046_eADszw1578G23H83014GGG0Gy7B64y73G6G505A814294A15wpqt5465AJ1A9G7G3J0J4A6Jdruouv7B884A10133B7H337HHHGJH0I487hB
ремонт квартир;Svet.kz Classic, бутик;Ремонт помещений, Светотехника, Электротехника, Дизайн интерьеров;улица Кабдолова, 1/8;+77014280134 +77014608096;+77014280134;yes;;http://svet.kz;instagram:https://instagram.com/svet.kz_abis whatsapp:https://wa.me/77014280134;5;94;43.23681;76.843784;70000001099382570_eADszw1578G23H83014GGG0Gy7B64y73G6G505A814B48568wpqt5465AJ1A9G7G3J0J4A6Jdruouv7B884A10133B1H338HHHGJH0I48797
ремонт квартир;Ui Stroy, компания;Ремонт помещений;Байзакова улица, 222;+77076577557 +77076757557;+77076577557;;;;instagram:https://instagram.com/ui.stroy;5;3;43.246967;76.912678;70000001093454105_eADszw1578G23H83014GGG0Gy7B64y73G6G505A814555721wpqt5465AJ1A9G7G3J0J4A6Jdruouv7B884A10133B6H339HHHGJH0I487C7
ремонт квартир;Темир строй сервис ЛТД, ремонтно-строительная компания;Ремонт помещений, Строительство дач и коттеджей, Проектирование инженерных систем, Укладка напольных покрытий, Строительство АЗС;улица Гоголя, 89а;+77017117471;+77017117471;yes;;http://temirstroy.kz;instagram:https://instagram.com/temirstroy whatsapp:https://wa.me/77017117471;1;1;43.26065;76.941918;9429940001184736_eADszw1578G23HA72AIGG0GGy7B64y73G6G505A814394A47wpqt5465AJ1A9G7G3JG599G5druouv7B884AA41233H31AJ1HHGJ1G4975B
ремонт квартир;pro.remont_kz;Ремонт помещений, Кровельные работы, Электромонтажные работы, Сварочные работы, Заборы и ограждения;улица Пятницкого, 81;+77000332575 +77005000823;+77005000823;yes;;;whatsapp:https://wa.me/77005000823;5;5;43.208163;76.867998;70000001079724895_eADszw1578G23H83014GGG0Gy7B64y73G6G505A814B8279Awpqt5465AJ1A9G7G3J0J4A6Jdruouv7B884A1013396H33BHHHGJH0I48746
ремонт квартир;Идеал Ремонт KZ, выездная компания по ремонту помещений;Ремонт помещений;;+77774209991;+77774209991;;;http://idealremont.kz;;4;4;;;70000001103023772_eADszw1578G23H83014GGG0Gy7B64y73G6G505A814512688wpqt5465AJ1A9G7G3J0J4A6Jdruouv7B884A1013423H33CHHHGJH0I487dg
ремонт квартир;Design by Girich, дизайн студия;Ремонт помещений, Дизайн интерьеров;Бухар жырау бульвар, 27/5а;+77776886526;+77776886526;yes;;;instagram:https://instagram.com/design_by_girich whatsapp:https://wa.me/77776886526;5;2;43.234032;76.923663;70000001089590767_eADszw1578G23H83014GGG0Gy7B64y73G6G505A814B69387wpqt5465AJ1A9G7G3J0J4A6Jdruouv7B884A10133A8H343HHHGJH0I487dh
ремонт квартир;Ruh Construction, компания;Ремонт помещений, Высотные работы, Полимерная порошковая окраска, Антикоррозийная обработка металла;проспект Достык, 40;+77779233331;+77779233331;yes;;http://tiktok.com/@ruh.construction;facebook:https://facebook.com/RUH-Construction instagram:https://instagram.com/ruh.construction whatsapp:https://wa.me/77779233331 telegram:https://t.me/RUHCONSTRUCTION telegram:https://t.me/77779233331;5;20;43.250787;76.956497;70000001048038698_eADszw1578G23H83014GGG0Gy7B64y73G6G505A814A13B7Awpqt5465AJ1A9G7G3J0J4A6Jdruouv7B884A1013369H344HHHGJH0I487Bi
ремонт квартир;Атлас строй, строительная компания;Ремонт помещений;улица Абиша Кекилбайулы, 109;+77077888719 +77718344483;+77718344483;yes;;;whatsapp:https://wa.me/77718344483 whatsapp:https://wa.me/77077888719;;;43.211014;76.885825;70000001104302424_eADszw1578G23H83014GGG0Gy7B64y73G6G505A814640553wpqt5465AJ1A9G7G3J0J4A6Jdruouv7B884A1013425H345HHHGJH0I487BB
ремонт квартир;Aitqali Design, компания по ремонту и дизайну помещений;Ремонт помещений, Дизайн интерьеров;улица Каныша Сатпаева, 133/6;+77772504675;+77772504675;yes;;;instagram:https://instagram.com/aitqali.design whatsapp:https://wa.me/77772504675;;;43.233963;76.872808;70000001102717245_eADszw1578G23H83014GGG0Gy7B64y73G6G505A814481A35wpqt5465AJ1A9G7G3J0J4A6Jdruouv7B884A1013426H346HHHGJH0I487d7
ремонт квартир;RimGroup, компания;Ремонт помещений, Укладка напольных покрытий, Монтаж сантехнического оборудования;проспект Назарбаева, 103;+77775483438;+77775483438;yes;;;instagram:https://instagram.com/rim_group.kz whatsapp:https://wa.me/77775483438;;;43.257805;76.945751;70000001049186961_eADszw1578G23H83014GGG0Gy7B64y73G6G505A814B289A7wpqt5465AJ1A9G7G3J0J4A6Jdruouv7B884A1013362H347HHHGJH0I4876C
ремонт квартир;Vektor-8.kz, компания;Ремонт помещений, Плёнки для стёкол зданий, Тонирование стёкол зданий;2-й микрорайон, 6;+77012516362;+77012516362;yes;;http://vektor-8.kz;whatsapp:https://wa.me/77012516362;2.3;3;43.234459;76.855239;70000001037827815_eADszw1578G23H83014GGG0Gy7B64y73G6G505A814992A92wpqt5465AJ1A9G7G3J0J4A6Jdruouv7B884A1013356H349HHHGJH0I487f3
ремонт квартир;​​Компания по ремонту и отделке помещений;Ремонт помещений, Строительство дач и коттеджей;улица Егизбаева, 5 к4;+77054803222;+77054803222;yes;;;instagram:https://instagram.com/remont.almatystroy whatsapp:https://wa.me/77054803222;5;1;43.232529;76.884073;70000001094799520_eADszw1578G23H83014GGG0Gy7B64y73G6G505A814689C63wpqt5465AJ1A9G7G3J0J4A6Jdruouv7B884A10133B1H34AHHHGJH0I4873C
ремонт квартир;Парасат Строй Сервис, компания по ремонту помещений;Ремонт помещений, Ремонт зданий;проспект Абая, 52в;+77773522200;+77773522200;yes;;http://parasat-stroy.kz/;instagram:https://instagram.com/parasatstroyservis whatsapp:https://wa.me/77773522200;5;11;43.238497;76.914105;70000001093091158_eADszw1578G23H83014GGG0Gy7B64y73G6G505A814519426wpqt5465AJ1A9G7G3J0J4A6Jdruouv7B884A10133B9H34BHHHGJH0I487ge
ремонт квартир;Alcity Stroy, компания;Ремонт помещений, Напольные покрытия, Устройство промышленных и наливных полов, Застройщики;Муканова улица, 223в;+77273131094;+77273131094;;;http://alcity-stroy.kz;;;;43.251865;76.914104;70000001035135837_eADszw1578G23H83014GGG0Gy7B64y73G6G505A814723894wpqt5465AJ1A9G7G3J0J4A6Jdruouv7B884A1013358H34CHHHGJH0I48757
ремонт квартир;Тау курылыс интерпрайзис, компания;Ремонт помещений, Строительство административных зданий, Окна, Входные двери;улица Си Синхая, 17 блок 1;+77052104775 +77772469034;+77052104775;yes;;;whatsapp:https://wa.me/77052104775;;;43.216351;76.90025;70000001029698812_eADszw1578G23H83014GGG0Gy7B64y73G6G505A814B79B92wpqt5465AJ1A9G7G3J0J4A6Jdruouv7B884A1013343H354HHHGJH0I487Cf
ремонт квартир;Design station;Ремонт помещений, Дизайн интерьеров, Ландшафтный дизайн, Архитектурное проектирование;Хусаинова улица, 113;+77072402277;+77072402277;yes;;;whatsapp:https://wa.me/77072402277;;;43.223656;76.890364;70000001063252536_eADszw1578G23H83014GGG0Gy7B64y73G6G505A814535564wpqt5465AJ1A9G7G3J0J4A6Jdruouv7B884A1013387H355HHHGJH0I4878d
ремонт квартир;Альфа Строй, компания;Ремонт помещений, Строительство дач и коттеджей, Строительство бань и саун;улица Келимбетова, 70;+77028767173;+77028767173;yes;;http://alfastroy.kz;whatsapp:https://wa.me/77028767173;5;4;43.191669;76.797542;70000001032466491_eADszw1578G23H83014GGG0Gy7B64y73G6G505A81445695Awpqt5465AJ1A9G7G3J0J4A6Jdruouv7B884A1013352H356HHHGJH0I487dg
ремонт квартир;Toro Stroy, компания;Ремонт помещений;улица Муратбаева, 186;+77272367977;+77272367977;;;;;;;43.245454;76.919953;70000001060058829_eADszw1578G23H83014GGG0Gy7B64y73G6G505A814215B93wpqt5465AJ1A9G7G3J0J4A6Jdruouv7B884A101338AH357HHHGJH0I4875d
ремонт квартир;Выездная компания по ремонту квартир и домов, ИП Bosston Stroi Service;Ремонт помещений;;+77021293543 +77770356567;+77770356567;yes;;;whatsapp:https://wa.me/77770356567 whatsapp:https://wa.me/77021293543;;;;;70000001117112238_eADszw1578G23H83014GGG0Gy7B64y73G6G505A814921534wpqt5465AJ1A9G7G3J0J4A6Jdruouv7B884A1013439H358HHHGJH0I4873C
ремонт квартир;Саргон, строительная компания;Ремонт помещений, Ремонт зданий, Строительство дач и коттеджей, Строительство административных зданий, Строительство бань и саун;проспект Райымбека, 167;+77272330649;+77272330649;;;;;;;43.270036;76.933959;9429940000800118_eADszw1578G23HA72AIGG0GGy7B64y73G6G505A814A10429wpqt5465AJ1A9G7G3JG599G5druouv7B884AA41232H33AJ1HHGJ1G4979h
ремонт квартир;Двор мастеров, компания;Ремонт помещений, Дизайн интерьеров, Строительство административных зданий, Строительство дач и коттеджей, Застройщики;улица Ватутина, 20;+77754297992 +77717180312;+77717180312;yes;;;instagram:https://instagram.com/dvor_masterov whatsapp:https://wa.me/77717180312;;;43.24825;76.967855;70000001081051154_eADszw1578G23H83014GGG0Gy7B64y73G6G505A814315426wpqt5465AJ1A9G7G3J0J4A6Jdruouv7B884A10133A5H35BHHHGJH0I487df
ремонт квартир;Remont Project, выездная-компания;Ремонт помещений;;+77016666041;+77016666041;yes;;;instagram:https://instagram.com/remont_projects whatsapp:https://wa.me/77016666041;5;1;;;70000001081520830_eADszw1578G23H83014GGG0Gy7B64y73G6G505A814362394wpqt5465AJ1A9G7G3J0J4A6Jdruouv7B884A10133A1H35CHHHGJH0I487ee
ремонт квартир;Магазин строительных и отделочных материалов;Ремонт помещений, Декоративные отделочные материалы, Обои;улица Атамекен, 18Б;+77073988223 +77081906839;+77073988223;yes;;;instagram:https://instagram.com/moon_light_almaty_zhidkie_oboi whatsapp:https://wa.me/77073988223 whatsapp:https://wa.me/77081906839;4.7;11;43.17316;76.477662;70000001062121136_eADszw1578G23H83014GGG0Gy7B64y73G6G505A814422424wpqt5465AJ1A9G7G3J0J4A6Jdruouv7B884A1013387H363HHHGJH0I4878i
ремонт квартир;Dinar Home, мебельный магазин;Ремонт помещений, Корпусная мебель, Мягкая мебель, Архитектурное проектирование, Ландшафтный дизайн, Дизайн интерьеров, Офисная мебель, Мебель для кухни, Мебель на заказ, Детская мебель;проспект Жибек Жолы, 135;+77084010101;+77084010101;yes;;;instagram:https://instagram.com/di.kz.furniture whatsapp:https://wa.me/77084010101;5;3;43.261399;76.929177;70000001114355133_eADszw1578G23H83014GGG0Gy7B64y73G6G505A814645824wpqt5465AJ1A9G7G3J0J4A6Jdruouv7B884A1013434H364HHHGJH0I4878i
ремонт квартир;Adn group, строительная компания;Ремонт помещений, Строительство дач и коттеджей, Застройщики, Ремонт зданий;Халиуллина улица, 66;+77074625694 +77479444631;+77479444631;yes;;http://adngroupstroy.kz;instagram:https://instagram.com/adn_qroup_company whatsapp:https://wa.me/77479444631 telegram:https://t.me/+77479444631;3.7;3;43.284127;76.98175;70000001101487696_eADszw1578G23H83014GGG0Gy7B64y73G6G505A814358A7Awpqt5465AJ1A9G7G3J0J4A6Jdruouv7B884A1013427H365HHHGJH0I487BB
ремонт квартир;Кайсар Строй Проект, строительно-сервисная онлайн-компания;Ремонт помещений, Кровельные работы, Натяжные потолки, Строительство железных дорог, Снос зданий;;+77019735472;+77019735472;yes;;;whatsapp:https://wa.me/77019735472;;;;;70000001114425065_eADszw1578G23H83014GGG0Gy7B64y73G6G505A814652817wpqt5465AJ1A9G7G3J0J4A6Jdruouv7B884A1013436H366HHHGJH0I487e7
ремонт квартир;Stroiline, строительно-дизайнерская компания;Ремонт помещений, Строительство дач и коттеджей, Ремонт зданий;улица Ади Шарипова, 38;+77478279471;+77478279471;yes;;;instagram:https://instagram.com/stroiline_almaty whatsapp:https://wa.me/77478279471 telegram:https://t.me/+77478279471;;;43.254404;76.922417;70000001093398470_eADszw1578G23H83014GGG0Gy7B64y73G6G505A814549B58wpqt5465AJ1A9G7G3J0J4A6Jdruouv7B884A10133B1H367HHHGJH0I48793
ремонт квартир;Fine Finish, головной офис;Ремонт помещений;проспект Аль-Фараби, 15 к4в;+77017824647;+77017824647;yes;;;instagram:https://instagram.com/fine_finish.kz whatsapp:https://wa.me/77017824647;;;43.231326;76.945264;70000001062598848_eADszw1578G23H83014GGG0Gy7B64y73G6G505A814469B95wpqt5465AJ1A9G7G3J0J4A6Jdruouv7B884A1013389H368HHHGJH0I487Be
ремонт квартир;Arman stroy, строительная компания;Ремонт помещений;улица Асыл Арман, 16;+77074157565;+77074157565;yes;;;instagram:https://instagram.com/Arman_stroy_ whatsapp:https://wa.me/77074157565;;;43.230411;76.750766;70000001113153112_eADszw1578G23H83014GGG0Gy7B64y73G6G505A814525622wpqt5465AJ1A9G7G3J0J4A6Jdruouv7B884A1013433H369HHHGJH0I487g9
ремонт квартир;Evrenta Stroy, компания;Ремонт помещений, Строительство дач и коттеджей;микрорайон Кайрат, 153/53 блок 10;+77055552048;+77055552048;yes;;;instagram:https://instagram.com/evrentastroy.almaty whatsapp:https://wa.me/77055552048;5;2;43.321335;77.019406;70000001110707428_eADszw1578G23H83014GGG0Gy7B64y73G6G505A814280A53wpqt5465AJ1A9G7G3J0J4A6Jdruouv7B884A1013439H36AHHHGJH0I487f5
ремонт квартир;Chukmassov, онлайн-студия дизайна интерьеров;Ремонт помещений, Дизайн интерьеров;;+77015557769;+77015557769;yes;;http://chukmassov.kz;instagram:https://instagram.com/chukmassov whatsapp:https://wa.me/77015557769;3.1;2;;;70000001055687458_eADszw1578G23H83014GGG0Gy7B64y73G6G505A814778A56wpqt5465AJ1A9G7G3J0J4A6Jdruouv7B884A1013379H36BHHHGJH0I487A8
ремонт квартир;Служба сантехники;Ремонт помещений, Монтаж сантехнического оборудования, Внутренние системы отопления, водоснабжения, канализации, Обслуживание замков и дверей, Ремонт зданий;улица Кажымукана, 86;+77071671757 +77072671757;+77071671757;yes;;http://a-santehnik.kz;whatsapp:https://wa.me/77071671757 whatsapp:https://wa.me/77072671757;5;12;43.222193;76.950012;70000001101017403_eADszw1578G23H83014GGG0Gy7B64y73G6G505A814311A51wpqt5465AJ1A9G7G3J0J4A6Jdruouv7B884A1013424H36CHHHGJH0I48785
ремонт квартир;Строительно-ремонтная компания;Ремонт помещений, Кровельные работы;1-й микрорайон, 80;+77052236064 +77076163349;+77052236064;yes;;;whatsapp:https://wa.me/77052236064;;;43.231939;76.843363;9429940000794693_eADszw1578G23HA72AIGG0GGy7B64y73G6G505A8149A49A4wpqt5465AJ1A9G7G3JG599G5druouv7B884AA41232H353J1HHGJ1G497di
ремонт квартир;Ремонтно-дизайнерская фирма;Ремонт помещений, Дизайн интерьеров;улица Афцинао, 3;+77017298616 +77077298616;+77077298616;yes;;;whatsapp:https://wa.me/77077298616;1.4;1;43.208303;76.835418;9429940001076634_eADszw1578G23HA72AIGG0GGy7B64y73G6G505A814286945wpqt5465AJ1A9G7G3JG599G5druouv7B884AA41233H354J1HHGJ1G497c7
ремонт квартир;Тауекел Курылыс, строительно-ремонтная компания;Ремонт помещений, Строительство дач и коттеджей, Ремонт зданий, Кровельные работы, Фасадные работы;улица Керуентау, 2/1;+77074951087 +77079541058;+77074951087;yes;;;whatsapp:https://wa.me/77074951087 whatsapp:https://wa.me/77079541058;;;43.19896;76.841379;9429940001235392_eADszw1578G23HA72AIGG0GGy7B64y73G6G505A8144456A3wpqt5465AJ1A9G7G3JG599G5druouv7B884AA41233H355J1HHGJ1G497A7
ремонт квартир;Аяла Дар, компания;Ремонт помещений, Электромонтажные работы;улица Казыбаева, 1;+77027770866 +77272762651 +77025215516;+77027770866;yes;;;whatsapp:https://wa.me/77027770866 whatsapp:https://wa.me/77025215516;;;43.278365;76.921032;9429940001399109_eADszw1578G23HA72AIGG0GGy7B64y73G6G505A8145A941Awpqt5465AJ1A9G7G3JG599G5druouv7B884AA41233H356J1HHGJ1G497be
ремонт квартир;Divio;Ремонт помещений, Подвесные потолки, Напольные покрытия, Электромонтажные работы;улица Тимирязева, 42 к23;+77051105170;+77051105170;yes;;http://divio.kz http://falshpoly.kz http://alumplintus.kz;instagram:https://instagram.com/divio.group whatsapp:https://wa.me/77051105170 whatsapp:https://wa.me/77026931009;5;2;43.217865;76.904615;70000001030593055_eADszw1578G23H83014GGG0Gy7B64y73G6G505A814269616wpqt5465AJ1A9G7G3J0J4A6Jdruouv7B884A1013356H377HHHGJH0I48777
ремонт квартир;Студия арт-дизайна Фузеевой;Ремонт помещений, Дизайн интерьеров, Архитектурное проектирование;улица Айша-Биби, 19;+77478091499;+77478091499;yes;;;instagram:https://instagram.com/fuzeyevastudio facebook:https://facebook.com/Fuzeyevastudio-1650584918309784 vkontakte:https://vk.com/id205351943 whatsapp:https://wa.me/77478091499;5;2;43.304173;76.978354;70000001030966480_eADszw1578G23H83014GGG0Gy7B64y73G6G505A8142A6959wpqt5465AJ1A9G7G3J0J4A6Jdruouv7B884A1013351H378HHHGJH0I48789
ремонт квартир;MFz Design, выездная компания по установке натяжных потолков;Ремонт помещений, Натяжные потолки, Электромонтажные работы, Подвесные потолки;;+77071936762;+77071936762;yes;;http://mfz.kz http://jivo.chat/GH6mCQBAiO;instagram:https://instagram.com/mfz.kz whatsapp:https://wa.me/77071936762;5;7;;;70000001031261089_eADszw1578G23H83014GGG0Gy7B64y73G6G505A814336419wpqt5465AJ1A9G7G3J0J4A6Jdruouv7B884A101335AH379HHHGJH0I487B8
ремонт квартир;Decor Panels, компания;Ремонт помещений, Фасадные работы, Фасадные материалы и конструкции, Изделия из камня для помещений, Стеновые панели;улица Масанчи, 23;+77272330325 +77019156632 +77778112002;+77019156632;yes;;http://decorpanels.kz/;instagram:https://instagram.com/decor_panels.kz whatsapp:https://wa.me/77019156632 whatsapp:https://wa.me/77778112002;;;43.260517;76.927779;70000001032248548_eADszw1578G23H83014GGG0Gy7B64y73G6G505A814434B65wpqt5465AJ1A9G7G3J0J4A6Jdruouv7B884A1013359H37AHHHGJH0I487B7
ремонт квартир;Ovas.Club, строительная компания;Ремонт помещений, Строительство дач и коттеджей, Фасадные работы, Кровельные работы, Строительство бань и саун;улица Байсултанова, 3;+77471104025 +77472775577;+77473299899;yes;;http://ovas.kz;instagram:https://instagram.com/ovas.club vkontakte:https://vk.com/ovasclub facebook:https://facebook.com/ovasclub whatsapp:https://wa.me/77473299899 whatsapp:https://wa.me/77471104025 telegram:https://t.me/ovasclub;;;43.191009;76.806041;70000001034120857_eADszw1578G23H83014GGG0Gy7B64y73G6G505A814622396wpqt5465AJ1A9G7G3J0J4A6Jdruouv7B884A1013358H37BHHHGJH0I487Ah
ремонт квартир;Империя Ремонта, компания;Ремонт помещений, Металлоизделия, Дизайн интерьеров, Ремонт зданий;улица Ырысты, 46/2а;+77775211471 +77084597781;+77775211471;yes;;http://imperiyaremonta.kz;facebook:https://facebook.com/imperiya.remonta whatsapp:https://wa.me/77775211471 whatsapp:https://wa.me/77084597781;3.3;4;43.261634;76.852796;70000001037066915_eADszw1578G23H83014GGG0Gy7B64y73G6G505A8149169A2wpqt5465AJ1A9G7G3J0J4A6Jdruouv7B884A1013356H37CHHHGJH0I48768
ремонт квартир;VA solutions, компания;Ремонт помещений, Фасадные работы, Высотные работы;улица Тимирязева, 42 к15/109;+77017453388 +77762228770;+77762228770;yes;;;whatsapp:https://wa.me/77762228770;;;43.217187;76.90519;70000001044755797_Adgw3h1578G23H83014GGG0Grpcncj73G6G505A81568588Awpqt54661J1A0G7G4J0J4A6JcnDpuv7B884A1013368H433HHHGJH0I487Bg
ремонт квартир;Студия дизайна интерьера Динары Елебаевой;Ремонт помещений, Дизайн интерьеров;9-й квартал, 283а;+77471632715 +77772560821;+77471632715;yes;;;instagram:https://instagram.com/dinara.studio whatsapp:https://wa.me/77471632715 whatsapp:https://wa.me/77077060821;3.8;5;43.265589;76.776418;70000001045107022_Adgw3h1578G23H83014GGG0Grpcncj73G6G505A815720A13wpqt54661J1A0G7G4J0J4A6JcnDpuv7B884A1013363H434HHHGJH0I487dh
ремонт квартир;Выездная служба;Ремонт помещений, Клининг;;+77475252909;+77475252909;;;;;;;;;70000001045343716_Adgw3h1578G23H83014GGG0Grpcncj73G6G505A815744682wpqt54661J1A0G7G4J0J4A6JcnDpuv7B884A1013367H435HHHGJH0I48779
ремонт квартир;Rim_interiors, онлайн-студия дизайна;Ремонт помещений, Дизайн интерьеров;;+77789222229;+77789222229;yes;;;instagram:https://instagram.com/rim_interiors whatsapp:https://wa.me/77789222229;;;;;70000001048413823_Adgw3h1578G23H83014GGG0Grpcncj73G6G505A815A51693wpqt54661J1A0G7G4J0J4A6JcnDpuv7B884A1013364H436HHHGJH0I48774
ремонт квартир;Город мастеров, компания;Ремонт помещений;улица Фёдорова, 12/2;+77473737730;+77473737730;yes;;;instagram:https://instagram.com/gorod_masterov2002 whatsapp:https://wa.me/77473737730;5;1;43.269375;76.897162;70000001062080096_Adgw3h1578G23H83014GGG0Grpcncj73G6G505A81541831Awpqt54661J1A0G7G4J0J4A6JcnDpuv7B884A1013387H437HHHGJH0I487i5
ремонт квартир;Monsterpaint, компания;Ремонт помещений;Е. Брусиловского улица, 23;+77771162100;+77771162100;yes;;;whatsapp:https://wa.me/77771162100;;;43.250889;76.875198;70000001062355114_Adgw3h1578G23H83014GGG0Grpcncj73G6G505A815445822wpqt54661J1A0G7G4J0J4A6JcnDpuv7B884A1013385H438HHHGJH0I487B9
ремонт квартир;Эконом ремонт, компания;Ремонт помещений, Строительство административных зданий;улица Керуентау, 2/1;+77770237771 +77025514376;+77025514376;yes;;;instagram:https://instagram.com/ekoremont.kz whatsapp:https://wa.me/77025514376 whatsapp:https://wa.me/77770237771;;;43.197767;76.841075;70000001063742013_Adgw3h1578G23H83014GGG0Grpcncj73G6G505A815584512wpqt54661J1A0G7G4J0J4A6JcnDpuv7B884A1013384H439HHHGJH0I4875i
ремонт квартир;Nurly Stroy KZ, строительная компания;Ремонт помещений, Строительство объектов связи, Дизайн интерьеров, Архитектурное проектирование;улица Кунаева, 26;+77005807080;+77005807080;yes;;;instagram:https://instagram.com/nurly_stroykz whatsapp:https://wa.me/77005807080;;;43.301341;77.24691;70000001069463513_Adgw3h1578G23H83014GGG0Grpcncj73G6G505A815B56662wpqt54661J1A0G7G4J0J4A6JcnDpuv7B884A1013384H43AHHHGJH0I487i5
ремонт квартир;Айгера, услуги мастера;Ремонт помещений;улица Кожамкулова, 19;+77072445763;+77072445763;yes;;;whatsapp:https://wa.me/77072445763;1.7;3;43.266197;76.915038;70000001074408693_Adgw3h1578G23H83014GGG0Grpcncj73G6G505A815650B7Awpqt54661J1A0G7G4J0J4A6JcnDpuv7B884A1013394H43BHHHGJH0I4874h
ремонт квартир;Выездная компания, ИП Садыков;Ремонт помещений, Натяжные потолки;улица Ертис, 19;+77782437491;+77782437491;yes;;;whatsapp:https://wa.me/77782437491;3.7;3;43.189641;76.397201;70000001074533838_Adgw3h1578G23H83014GGG0Grpcncj73G6G505A815663694wpqt54661J1A0G7G4J0J4A6JcnDpuv7B884A1013399H43CHHHGJH0I48795
ремонт квартир;Baiz Design, онлайн-студия дизайна интерьеров;Ремонт помещений, Дизайн интерьеров, Архитектурное проектирование;;+77767119393;+77767119393;yes;;;instagram:https://instagram.com/baiz_design whatsapp:https://wa.me/77767119393;;;;;70000001084556314_Adgw3h1578G23H83014GGG0Grpcncj73G6G505A815665942wpqt54661J1A0G7G4J0J4A6JcnDpuv7B884A10133A5H443HHHGJH0I48768
ремонт квартир;RKGroupkz, компания;Ремонт помещений, Дизайн интерьеров;улица Саттарова, 3;+77074806191;+77074806191;yes;;;instagram:https://instagram.com/rkgroupkz whatsapp:https://wa.me/77074806191;5;1;43.274278;76.98704;70000001089117898_Adgw3h1578G23H83014GGG0Grpcncj73G6G505A815B21A9Awpqt54661J1A0G7G4J0J4A6JcnDpuv7B884A10133A9H444HHHGJH0I487BB
ремонт квартир;Служба выездного ремонта квартир, ИП Жулбасенова;Ремонт помещений;;+77775900363;+77775900363;;;;;;;;;70000001090700890_Adgw3h1578G23H83014GGG0Grpcncj73G6G505A81528039Awpqt54661J1A0G7G4J0J4A6JcnDpuv7B884A10133B1H445HHHGJH0I4876g
ремонт квартир;Rusinov.pro, компания;Ремонт помещений, Дизайн интерьеров;проспект Жибек Жолы, 135;+77778085000;+77778085000;yes;;;whatsapp:https://wa.me/77778085000;;;43.2619;76.929541;70000001095715100_Adgw3h1578G23H83014GGG0Grpcncj73G6G505A815781821wpqt54661J1A0G7G4J0J4A6JcnDpuv7B884A10133B1H446HHHGJH0I48785
ремонт квартир;Veritas Stroy KZ, выездная компания;Ремонт помещений;;+77078783877;+77078783877;yes;;;whatsapp:https://wa.me/77078783877;;;;;70000001096408420_Adgw3h1578G23H83014GGG0Grpcncj73G6G505A815850B53wpqt54661J1A0G7G4J0J4A6JcnDpuv7B884A10133B1H447HHHGJH0I48747
ремонт квартир;Комфорт Потолок, выездная компания;Ремонт помещений, Натяжные потолки, Подвесные потолки, Дизайн интерьеров;;+77052549981;+77479122066;yes;;;instagram:https://instagram.com/comfort_potolok whatsapp:https://wa.me/77479122066 telegram:https://t.me/+77479122066;;;;;70000001096877127_Adgw3h1578G23H83014GGG0Grpcncj73G6G505A815897A23wpqt54661J1A0G7G4J0J4A6JcnDpuv7B884A10133B8H448HHHGJH0I487Be
ремонт квартир;Laureen design interior, компания по дизайну интерьера и отделке помещений;Ремонт помещений, Дизайн интерьеров, Мебель на заказ, Декоративные отделочные материалы, Строительство дач и коттеджей, Ландшафтный дизайн, Корпусная мебель;проспект Серкебаева, 31;+77054700601 +77479912890;+77479912890;yes;;;instagram:https://instagram.com/laureen_design whatsapp:https://wa.me/77479912890;;;43.221185;76.896732;70000001097168766_Adgw3h1578G23H83014GGG0Grpcncj73G6G505A815926B87wpqt54661J1A0G7G4J0J4A6JcnDpuv7B884A10133B7H449HHHGJH0I4873B
ремонт квартир;Строительная компания, ИП Ramazan;Ремонт помещений;улица Устирт, 5/3;+77475560086 +77785560086;+77475560086;;;;;;;43.249614;76.791219;70000001100389590_Adgw3h1578G23H83014GGG0Grpcncj73G6G505A815248C6Awpqt54661J1A0G7G4J0J4A6JcnDpuv7B884A1013421H44AHHHGJH0I4874i
ремонт квартир;Eurostyle, компания;Ремонт помещений, Дизайн интерьеров;улица Пушкина, 2/76;+77715635949;+77715635949;yes;;;instagram:https://instagram.com/euro_stylekz whatsapp:https://wa.me/77715635949;5;10;43.270548;76.952634;70000001100521348_Adgw3h1578G23H83014GGG0Grpcncj73G6G505A815262445wpqt54661J1A0G7G4J0J4A6JcnDpuv7B884A1013429H44BHHHGJH0I487Bh
ремонт квартир;Almaty Contractor, компания по ремонту и дизайну помещений;Ремонт помещений, Дизайн интерьеров, Архитектурное проектирование, Строительство дач и коттеджей, Ремонт зданий;проспект Назарбаева, 301;+77773877771;+77773877771;yes;;http://contractor.kz/ru;instagram:https://instagram.com/almaty_contractor facebook:https://facebook.com/almaty.contractor whatsapp:https://wa.me/77773877771 telegram:https://t.me/berikmurzabekov;;;43.223;76.952813;70000001100677292_Adgw3h1578G23H83014GGG0Grpcncj73G6G505A815277A3Awpqt54661J1A0G7G4J0J4A6JcnDpuv7B884A1013423H44CHHHGJH0I4878C
ремонт квартир;Выездная компания по малярным работам;Ремонт помещений;;+77755691959;+77755691959;yes;;;instagram:https://instagram.com/po.kraska whatsapp:https://wa.me/77755691959;;;;;70000001100842166_Adgw3h1578G23H83014GGG0Grpcncj73G6G505A815294527wpqt54661J1A0G7G4J0J4A6JcnDpuv7B884A1013427H453HHHGJH0I487g7
ремонт квартир;Rembaza. kz, выездная компания;Ремонт помещений;;+77053066812;+77053066812;yes;;;instagram:https://instagram.com/Rembaza.kz whatsapp:https://wa.me/77053066812;5;1;;;70000001101488532_Adgw3h1578G23H83014GGG0Grpcncj73G6G505A815358B64wpqt54661J1A0G7G4J0J4A6JcnDpuv7B884A1013423H454HHHGJH0I487f5
ремонт квартир;Bianco Nero Studio, дизайн-студия;Ремонт помещений, Дизайн интерьеров, Архитектурное проектирование, Строительство дач и коттеджей;улица Егизбаева, 52/1а;+77052044040;+77052044040;yes;;;facebook:https://facebook.com/BiancoNeroStudio whatsapp:https://wa.me/77052044040;;;43.232117;76.886512;70000001101962059_Adgw3h1578G23H83014GGG0Grpcncj73G6G505A8153A6516wpqt54661J1A0G7G4J0J4A6JcnDpuv7B884A101342AH455HHHGJH0I4875B
ремонт квартир;Выездная служба по ремонту квартир;Ремонт помещений;;+77003180848;+77003180848;yes;;;whatsapp:https://wa.me/77003180848;;;;;70000001109500307_Adgw3h1578G23H83014GGG0Grpcncj73G6G505A815B60341wpqt54661J1A0G7G4J0J4A6JcnDpuv7B884A1013428H456HHHGJH0I487A9
ремонт квартир;Promaler.kz, центр малярного мастерства;Ремонт помещений, Обучение рабочим профессиям;улица Тимирязева, 82;+77477957298;+77477957298;yes;;;instagram:https://instagram.com/promaler.kz whatsapp:https://wa.me/77477957298;5;2;43.224462;76.888014;70000001110104375_Adgw3h1578G23H83014GGG0Grpcncj73G6G505A815220748wpqt54661J1A0G7G4J0J4A6JcnDpuv7B884A1013436H457HHHGJH0I48745
ремонт квартир;Kda group, компания;Ремонт помещений, Мебель на заказ, Корпусная мебель;улица Толе би, 155;+77055167304 +77058199147;+77058199147;yes;;;whatsapp:https://wa.me/77058199147 whatsapp:https://wa.me/77055167304;;;43.25316;76.911986;70000001110437320_Adgw3h1578G23H83014GGG0Grpcncj73G6G505A815253A43wpqt54661J1A0G7G4J0J4A6JcnDpuv7B884A1013431H458HHHGJH0I487B4
ремонт квартир;Хорезм Строй, строительная компания;Ремонт помещений, Строительство дач и коттеджей, Строительство бань и саун, Ремонт зданий;улица Титова, 28;+77780047778 +77054787778;+77054787778;yes;;;whatsapp:https://wa.me/77054787778 whatsapp:https://wa.me/77780047778;;;43.424587;77.02106;70000001110621381_Adgw3h1578G23H83014GGG0Grpcncj73G6G505A815272449wpqt54661J1A0G7G4J0J4A6JcnDpuv7B884A1013432H459HHHGJH0I487df
ремонт квартир;Qurylys Group, строительная компания;Ремонт помещений, Строительство дач и коттеджей, Ремонт зданий;проспект Аль-Фараби, 21 блок 4;+77715232312;+77715232312;yes;;http://qurylys-group.nuxt.dev;instagram:https://instagram.com/qurylys_groupkz whatsapp:https://wa.me/77715232312;;;43.22948;76.942573;70000001110771552_Adgw3h1578G23H83014GGG0Grpcncj73G6G505A815287466wpqt54661J1A0G7G4J0J4A6JcnDpuv7B884A1013433H45AHHHGJH0I487Bd
ремонт квартир;Smart Sapa Systems, компания;Ремонт помещений, Автоматизация инженерных систем;Утепова улица, 31 блок 8;+77078870156;+77078870156;yes;;;instagram:https://instagram.com/smartsapasystems whatsapp:https://wa.me/77078870156;;;43.220135;76.886079;70000001112461927_Adgw3h1578G23H83014GGG0Grpcncj73G6G505A8154564A3wpqt54661J1A0G7G4J0J4A6JcnDpuv7B884A1013438H45CHHHGJH0I487dB
ремонт квартир;Finish Group, ​выездная компания по ремонту помещений;Ремонт помещений;;+77471945039;+77471945039;yes;;http://finish-group.kz;whatsapp:https://wa.me/77471945039;;;;;70000001112674520_Adgw3h1578G23H83014GGG0Grpcncj73G6G505A815477763wpqt54661J1A0G7G4J0J4A6JcnDpuv7B884A1013431H463HHHGJH0I487i5
ремонт квартир;​Строительно-ремонтная компания;Ремонт помещений, Строительство дач и коттеджей;улица Титова, 20;+77073338039;+77073338039;yes;;;whatsapp:https://wa.me/77073338039;;;43.420802;77.019432;70000001113088181_Adgw3h1578G23H83014GGG0Grpcncj73G6G505A815518B29wpqt54661J1A0G7G4J0J4A6JcnDpuv7B884A1013432H464HHHGJH0I487C6
ремонт квартир;Bamo Remont, проектно-торговая компания;Ремонт помещений, Дизайн интерьеров;улица Васнецова, 29в;+77017649439;+77017649439;yes;;;instagram:https://instagram.com/bamo_kz whatsapp:https://wa.me/77017649439;;;43.248983;76.877734;70000001113191132_Adgw3h1578G23H83014GGG0Grpcncj73G6G505A815529424wpqt54661J1A0G7G4J0J4A6JcnDpuv7B884A1013433H465HHHGJH0I48739
ремонт квартир;Kabilet Stroy, строительная онлайн-компания;Ремонт помещений, Строительство административных зданий, Гидротехническое строительство, Инжиниринговые услуги;;+77054137657 +77012132257;+77012132257;yes;;;whatsapp:https://wa.me/77012132257 whatsapp:https://wa.me/77054137657 telegram:https://t.me/+77012132257;;;;;70000001114419943_Adgw3h1578G23H83014GGG0Grpcncj73G6G505A815651CA5wpqt54661J1A0G7G4J0J4A6JcnDpuv7B884A1013434H466HHHGJH0I487f9
ремонт квартир;Выездная сервисная компания;Ремонт помещений, Электромонтажные работы, Монтаж сантехнического оборудования, Монтаж климатических систем, Монтаж систем освещения;;+77760036447;+77760036447;yes;;;whatsapp:https://wa.me/77760036447;;;;;70000001115111224_Adgw3h1578G23H83014GGG0Grpcncj73G6G505A815721433wpqt54661J1A0G7G4J0J4A6JcnDpuv7B884A1013435H467HHHGJH0I4874f
ремонт квартир;Masaf Stroy, компания по ремонту помещений;Ремонт помещений;проспект Суюнбая, 43/3;+77052224331;+77052224331;yes;;;instagram:https://instagram.com/masaf.kz whatsapp:https://wa.me/77052224331;;;43.279119;76.949819;70000001115202939_Adgw3h1578G23H83014GGG0Grpcncj73G6G505A8157305A4wpqt54661J1A0G7G4J0J4A6JcnDpuv7B884A101343AH468HHHGJH0I4874f
ремонт квартир;Premium Service, ​выездная компания по ремонту помещений;Ремонт помещений, Внутренние системы отопления, водоснабжения, канализации, Обслуживание замков и дверей, Монтаж сантехнического оборудования;Муканова улица, 235;+77473907841;+77473907841;yes;;;whatsapp:https://wa.me/77473907841;5;1;43.246458;76.915347;70000001115261076_Adgw3h1578G23H83014GGG0Grpcncj73G6G505A815736418wpqt54661J1A0G7G4J0J4A6JcnDpuv7B884A1013437H469HHHGJH0I487ig
ремонт квартир;Выездная сервисная служба;Ремонт помещений, Монтаж сантехнического оборудования, Электромонтажные работы;;+77471797078;+77471797078;yes;;;whatsapp:https://wa.me/77471797078;;;;;70000001115932992_Adgw3h1578G23H83014GGG0Grpcncj73G6G505A8157A35AAwpqt54661J1A0G7G4J0J4A6JcnDpuv7B884A1013433H46CHHHGJH0I487g7
ремонт квартир;Выездная сервисная компания;Ремонт помещений, Сборка мебели;;+77083434960;+77083434960;;;;instagram:https://instagram.com/master_1_almaty_kz;;;;;70000001117169070_Adgw3h1578G23H83014GGG0Grpcncj73G6G505A815926C18wpqt54661J1A0G7G4J0J4A6JcnDpuv7B884A1013431H474HHHGJH0I48747
ремонт квартир;Prosvetov_service_almaty, выездная сервисная служба;Ремонт помещений, Монтаж сантехнического оборудования, Электромонтажные работы, Сборка мебели;;+77771152564;+77771152564;yes;;http://tiktok.com/@prosvetov_service_almaty;instagram:https://instagram.com/prosvetov_service_almaty whatsapp:https://wa.me/77771152564;;;;;70000001117255894_Adgw3h1578G23H83014GGG0Grpcncj73G6G505A81593589Awpqt54661J1A0G7G4J0J4A6JcnDpuv7B884A1013435H475HHHGJH0I487AC
ремонт квартир;Remont-Kvartir.kz, компания по ремонту помещений;Ремонт помещений;улица Ырысты, 46/2;+77477887572;+77477887572;yes;;http://Remont-kvartir.kz;whatsapp:https://wa.me/77477887572;;;43.262388;76.855043;70000001117314350_Adgw3h1578G23H83014GGG0Grpcncj73G6G505A815941746wpqt54661J1A0G7G4J0J4A6JcnDpuv7B884A1013431H476HHHGJH0I487ff
ремонт квартир;Met-Stroy Kazakhstan;Ремонт помещений;улица Ади Шарипова, 145 к2;+77470620200;+77470620200;;;;;;;43.243855;76.923254;70000001117393107_Adgw3h1578G23H83014GGG0Grpcncj73G6G505A815949621wpqt54661J1A0G7G4J0J4A6JcnDpuv7B884A1013438H477HHHGJH0I48774
клининг;Chisto, выездная клининговая служба;Клининг;улица Байтурсынова, 187а;+77754908476;+77754908476;yes;;;instagram:https://instagram.com/chisto_almaty1 whatsapp:https://wa.me/77754908476;5;121;43.228594;76.936643;70000001114226223_eAngdj1578G23H8301IG0GGGzwpo5573G6G505A815632933wpqt54664J1A3G7G1J73BJ2J2mh5uv7B884A1013434H1J4HHHG4H72B6e
клининг;ICLEAN, клининговая компания;Клининг, Подбор домашнего персонала, Высотные работы;улица Тургут Озала, 129Б;+77778090033 +77273178033;+77778090033;yes;info@iclean.kz;http://www.iclean.kz;vkontakte:https://vk.com/icleankz instagram:https://instagram.com/iclean.kz whatsapp:https://wa.me/77778090033;4.9;605;43.24657;76.880762;70000001029770306_eAngdj1578G23H8301IG0GGGzwpo5573G6G505A815B87341wpqt54664J1A3G7G1J73BJ2J2mh5uv7B884A1013347H2J4HHHG4H72B7e
клининг;Уберём, выездная клининговая служба;Клининг;проспект Аль-Фараби, 77/2;+77072420778 +77762697555;+77072420778;yes;uberem.com.kz@gmail.com;;instagram:https://instagram.com/uberem.com.kz whatsapp:https://wa.me/77072420778 telegram:https://t.me/+77072420778;5;330;43.220393;76.928478;70000001107332073_eAngdj1578G23H8301IG0GGGzwpo5573G6G505A815943518wpqt54664J1A3G7G1J73BJ2J2mh5uv7B884A1013424H3J4HHHG4H72B61
клининг;Zolushka, клининговая компания;Клининг;улица Шакшак Жанибек, 47а;+77003541172;+77003541172;yes;info@zolushka.kz;http://zolushka.kz;instagram:https://instagram.com/zolushka.home whatsapp:https://wa.me/77003541172;5;118;43.273855;76.974906;9429940001541406_eAngdj1578G23HA72AI0GGGGzwpo5573G6G505A815751717wpqt54664J1A3G7G1J0CI5GJ2mh5uv7B884AA41233H4H4J8HH1J80B29
клининг;Smart Cleaning, выездная химчистка мягкой мебели и ковров;Клининг;улица Прокофьева, 144;+77077897777;+77077897777;yes;;;instagram:https://instagram.com/smartcleaning.kz whatsapp:https://wa.me/77077897777;4.9;226;43.243597;76.875991;70000001068592519_eAngdj1578G23H8301IG0GGGzwpo5573G6G505A815A69562wpqt54664J1A3G7G1J73BJ2J2mh5uv7B884A101338AH5J4HHHG4H72B6d
клининг;BRILLIANCE CLEANING, клининговая компания;Клининг;Муканова улица, 227;+77019303335;+77019303335;yes;;;instagram:https://instagram.com/brilliance_cleaning_almaty whatsapp:https://wa.me/77019303335;4.9;150;43.250456;76.914901;70000001062791641_eAngdj1578G23H8301IG0GGGzwpo5573G6G505A815489475wpqt54664J1A3G7G1J73BJ2J2mh5uv7B884A1013382H6J4HHHG4H72Bcb
клининг;Эко Чистка, центр химчистки ковров, штор и мягкой мебели;Клининг, Чистка ковров, Химчистки одежды и текстиля, Уход за пухо-перьевыми изделиями, Прачечные;Ораза Жандосова улица, 29е;+77077002805 +77470947410 +77470947411 +77470947412 +77470947414;+77077002805;yes;ekochistka61@gmail.com;http://eko-chistka.kz;instagram:https://instagram.com/eko_chistka_almaty whatsapp:https://wa.me/77077002805;4.6;800;43.222292;76.883714;70000001025111051_eAngdj1578G23H8301IG0GGGzwpo5573G6G505A815721416wpqt54664J1A3G7G1J73BJ2J2mh5uv7B884A1013342H7J4HHHG4H72B85
клининг;Clean home Almaty, выездная клининговая компания;Клининг;улица Парковая, 70;+77475011980;+77475011980;yes;cleanhomealmaty@yandex.kz;;instagram:https://instagram.com/clean.home.almaty whatsapp:https://wa.me/77475011980 telegram:https://t.me/+77078698121;4.2;117;43.28838;76.955474;70000001039029809_eAngdj1578G23H8301IG0GGGzwpo5573G6G505A815B12C91wpqt54664J1A3G7G1J73BJ2J2mh5uv7B884A101335AH8J4HHHG4H72Be1
клининг;Bg Cleaning, клининговая компания;Клининг;;+77472434724;+77472434724;yes;;;instagram:https://instagram.com/bg_cleaning_talgar whatsapp:https://wa.me/77472434724;5;11;;;70000001115624665_eAngdj1578G23H8301IG0GGGzwpo5573G6G505A815772777wpqt54664J1A3G7G1J73BJ2J2mh5uv7B884A1013436H9J4HHHG4H72B57
клининг;CleanLady ​, клининговая компания;Клининг;8-й микрорайон, 83;+77064279705;+77064279705;yes;;http://cleanlady.kz/?utm_source=2giz&utm_medium=banner&utm_campaign=2giz;instagram:https://instagram.com/cleanlady.kz whatsapp:https://wa.me/77064279705;4.8;111;43.223386;76.868063;70000001090083125_eAngdj1578G23H8301IGG0GGzwpo5573G6G505A815218623wpqt54664J1A3G7G1JGA2CG52mh5uv7B884A10133B6H23J2HHGJ2G92Ae4
клининг;ПрофСанЭксперт, служба дезинсекции;Клининг, Дезинфекция, дератизация, дезинсекция, Прочистка дымоходов;улица Утеген батыра, 76а;+77712707557 +78000042697 +77008244310;+77712707557;yes;info@profsanexpert.kz;http://profsanexpert.kz/;instagram:https://instagram.com/profsanexpert.kz whatsapp:https://wa.me/77712707557 whatsapp:https://wa.me/77008244310;4.9;211;43.242722;76.859693;70000001093454373_eAngdj1578G23H8301IGG0GGzwpo5573G6G505A815555748wpqt54664J1A3G7G1JGA2CG52mh5uv7B884A10133B4H24J2HHGJ2G92AgA
клининг;Clean Up, центр химчистки и клининга;Клининг, Химчистки одежды и текстиля, Химчистки обуви, Прачечные;2-й микрорайон, 4;+77077278514;+77077278514;yes;cleanhim2023@gmail.com;;instagram:https://instagram.com/clean_up_almaty_kz whatsapp:https://wa.me/77077278514;2.6;4;43.234418;76.853884;70000001082863644_eAngdj1578G23H8301IGG0GGzwpo5573G6G505A815496675wpqt54664J1A3G7G1JGA2CG52mh5uv7B884A10133A5H25J2HHGJ2G92A9d
клининг;TUMAR CLEANING, центр клининга и чистки ковров;Клининг, Чистка ковров;улица Даулеткерея, 1/22;+77025661799 +77471231403;+77471231403;yes;;;instagram:https://instagram.com/tumar_clean whatsapp:https://wa.me/77471231403;4.7;260;43.178427;76.804965;70000001114691854_eAngdj1578G23H8301IGG0GGzwpo5573G6G505A815679496wpqt54664J1A3G7G1JGA2CG52mh5uv7B884A1013435H26J2HHGJ2G92Af8
клининг;Dara Clean, центр чистки ковров, мебели и домашнего текстиля;Клининг, Чистка ковров, Прачечные;улица Сайрам, 2;+77028093636;+77028093636;yes;;http://Daraclean.kz;instagram:https://instagram.com/daracleankz whatsapp:https://wa.me/77028093636 instagram:https://instagram.com/daraclean.kz;4.9;181;43.293644;77.024545;70000001061069704_eAngdj1578G23H8301IGG0GGzwpo5573G6G505A815316C81wpqt54664J1A3G7G1JGA2CG52mh5uv7B884A1013385H27J2HHGJ2G92Ad3
клининг;Blesk clean, выездная компания по химчистке мягкой мебели и штор;Клининг, Чистка ковров, Химчистки одежды и текстиля;улица Папанина, 66;+77073177490;+77073177490;yes;meruertseralieva@inbox.ru;;whatsapp:https://wa.me/77073177490 instagram:https://instagram.com/bleskclean_almaty telegram:https://t.me/+77073177490;4.9;92;43.301928;76.956183;70000001101390669_eAngdj1578G23H8301IGG0GGzwpo5573G6G505A815349377wpqt54664J1A3G7G1JGA2CG52mh5uv7B884A101342AH28J2HHGJ2G92Ab3
клининг;Коврочисты, фабрика чистки ковров;Клининг, Чистка ковров, Химчистки одежды и текстиля, Уход за пухо-перьевыми изделиями;улица Иссыкская, 23;+77781698780 +77029779001;+77029779001;yes;;http://www.kovrochisty.kz;instagram:https://instagram.com/kovrochisty whatsapp:https://wa.me/77029779001 whatsapp:https://wa.me/77781698780;4.8;525;43.272236;76.956493;9429940000946488_eAngdj1578G23HA72AIG0GGGzwpo5573G6G505A815B56799wpqt54664J1A3G7G1J73BJ2J2mh5uv7B884AA41232H28J3HHHG3H72B4A
клининг;TazaLux, центр чистки ковров и мебели;Клининг, Чистка ковров, Прачечные, Пуховые изделия;микрорайон Аксай-2, 73а;+77473770909;+77473770909;yes;;;instagram:https://instagram.com/tazalux whatsapp:https://wa.me/77473770909;4.6;232;43.234738;76.837516;9429940001639213_eAngdj1578G23HA72AIG0GGGzwpo5573G6G505A815849524wpqt54664J1A3G7G1J73BJ2J2mh5uv7B884AA41233H29J3HHHG3H72B18
клининг;Ковролюкс, клининговая компания;Клининг, Чистка ковров, Химчистки одежды и текстиля, Прачечные, Химчистки обуви;Халиуллина улица, 32/1;+77009780707;+77066919677;yes;;;instagram:https://instagram.com/kovrolux_almaty whatsapp:https://wa.me/77066919677 telegram:https://t.me/+77009780707;4.8;1260;43.286757;76.97566;70000001031630540_eAngdj1578G23H8301IGG0GGzwpo5573G6G505A815373365wpqt54664J1A3G7G1JGA2CG52mh5uv7B884A1013351H2CJ1HHGJ1G92Aci
клининг;top.kz, клининговая компания;Клининг, Высотные работы, Чистка ковров;улица Шевченко, 144;+77003018405 +77750074162;+77750074156;yes;;http://top.kz/?utm_source=2gis&utm_medium=cpm&utm_campaign=profile_link_site http://jivo.chat/eVEKkbF0Us;facebook:https://facebook.com/thetopkz instagram:https://instagram.com/top.kz whatsapp:https://wa.me/77750074156 whatsapp:https://wa.me/77778370000;5;154;43.244316;76.919674;70000001021055352_eAngdj1578G23H8301IGG0GGzwpo5573G6G505A815315846wpqt54664J1A3G7G1JGA2CG52mh5uv7B884A1013343H33J1HHGJ1G92Aff
клининг;Clean Tech, магазин профессиональной химии и оборудования для уборки;Клининг, Бытовая химия, Профессиональная химия, Оборудование для химчисток;улица Макатаева, 127/11 блок 2;+77477153435;+77477153435;yes;;http://clean-market-almaty.kz/;instagram:https://instagram.com/clean_tech_kz whatsapp:https://wa.me/77477153435;4.1;27;43.262836;76.921336;70000001063458893_eAngdj1578G23H8301IGG0GGzwpo5573G6G505A815555B9Awpqt54664J1A3G7G1JGA2CG52mh5uv7B884A1013384H34J1HHGJ1G92A64
клининг;StirKov.kz, центр чистки ковров;Клининг, Чистка ковров, Химчистки одежды и текстиля, Высотные работы;улица Аймауытова, 56/1а;+77085070758;+77085070758;yes;;http://chistka-kovrov.kz/;vkontakte:https://vk.com/stirkovkz telegram:https://t.me/+77085070758 instagram:https://instagram.com/stirkov.kz facebook:https://facebook.com/StirKov whatsapp:https://wa.me/77085070758;5;185;43.331513;76.940877;70000001036547359_eAngdj1578G23H8301IGG0GGzwpo5573G6G505A815864A46wpqt54664J1A3G7G1JGA2CG52mh5uv7B884A101335AH36J1HHGJ1G92A4C
клининг;Grand clean, химчистка;Клининг, Химчистки одежды и текстиля, Прачечные, Чистка ковров, Уход за пухо-перьевыми изделиями;микрорайон Кокжиек, 15;+77051000535 +77762131116;+77051000535;yes;;http://grandclean.kz;instagram:https://instagram.com/grand.clean whatsapp:https://wa.me/77051000535;4.9;1158;43.357417;76.919942;70000001029381305_eAngdj1578G23H8301IGG0GGzwpo5573G6G505A815B48441wpqt54664J1A3G7G1JGA2CG52mh5uv7B884A1013346H37J1HHGJ1G92AdB
клининг;Taza Line, выездная клининговая компания;Клининг;;+77471031339;+77471031339;yes;;;instagram:https://instagram.com/taza_line_24 whatsapp:https://wa.me/77471031339;5;1;;;70000001110732271_eAngdj1578G23H8301IGG0GGzwpo5573G6G505A815283538wpqt54664J1A3G7G1JGA2CG52mh5uv7B884A1013432H38J1HHGJ1G92A7e
клининг;IС line, клининговое агентство;Клининг;8-й микрорайон, 55а;+77717656353;+77717656353;yes;;http://ic-group.kz;instagram:https://instagram.com/icgroup.kz whatsapp:https://wa.me/77717656353;4.9;1;43.226215;76.871716;70000001110176828_eAngdj1578G23H8301IGG0GGzwpo5573G6G505A815227993wpqt54664J1A3G7G1JGA2CG52mh5uv7B884A1013439H39J1HHGJ1G92A1d
клининг;Щётка, фабрика химчистки ковров и мебели;Клининг, Чистка ковров;улица Айналмалы, 17а;+77077002282;+77077002282;yes;;;instagram:https://instagram.com/shetka.kz whatsapp:https://wa.me/77077002282;4.9;155;43.241004;76.790589;70000001031818155_eAngdj1578G23H8301IGG0GGzwpo5573G6G505A815391B26wpqt54664J1A3G7G1JGA2CG52mh5uv7B884A1013356H3AJ1HHGJ1G92A2B
клининг;Magic Clean, клининговая компания;Клининг;улица Болтирик Шешен, 53а;+77075288004;+77075288004;yes;;http://m-clean.kz;instagram:https://instagram.com/magic_clean.kz vkontakte:https://vk.com/magic_clean.almaty facebook:https://facebook.com/magic.clean.almaty whatsapp:https://wa.me/77075288004 telegram:https://t.me/magiccleankz;5;17;43.277285;76.960297;70000001068037779_eAngdj1578G23H8301IGG0GGzwpo5573G6G505A815A13A88wpqt54664J1A3G7G1JGA2CG52mh5uv7B884A101338AH3BJ1HHGJ1G92AAd
клининг;Pro_cleaning_02, выездная клининговая служба;Клининг;;+77788068686;+77788068686;yes;;;instagram:https://instagram.com/pro_cleaning_02 whatsapp:https://wa.me/77788068686;3.5;394;;;70000001040346373_eAngdj1578G23H8301IGG0GGzwpo5573G6G505A815244948wpqt54664J1A3G7G1JGA2CG52mh5uv7B884A1013364H3CJ1HHGJ1G92Ade
клининг;Piko.cleaning, выездная клининговая служба;Клининг;улица Асыл Арман, 18;+77781323442;+77781323442;yes;;;instagram:https://instagram.com/piko.cleaning whatsapp:https://wa.me/77781323442;5;3;43.230373;76.750221;70000001093439779_eAngdj1578G23H8301IGG0GGzwpo5573G6G505A815553C88wpqt54664J1A3G7G1JGA2CG52mh5uv7B884A10133BAH43J1HHGJ1G92A95
клининг;Tazabek, компания по чистке ковров;Клининг, Чистка ковров, Прачечные;улица Наурыз, 159/1;+77075000421 +77477777563;+77075000421;yes;;http://tiktok.com/@tazabek.kzz;whatsapp:https://wa.me/77075000421 instagram:https://instagram.com/tazabek.kz whatsapp:https://wa.me/77477777563;4.9;222;43.181429;76.755371;70000001076597078_eAngdj1578G23H8301IGG0GGzwpo5573G6G505A815869A18wpqt54664J1A3G7G1JGA2CG52mh5uv7B884A1013399H44J1HHGJ1G92A6B
клининг;Alma Clean, клининговая компания;Клининг;улица Бекхожина, 4;+77778310808;+77778310808;yes;;http://almaclean.kz;vkontakte:https://vk.com/almaclean_kz facebook:https://facebook.com/almacleankz instagram:https://instagram.com/almaclean.kz whatsapp:https://wa.me/77778310808;4.7;158;43.246961;76.960238;70000001053490464_eAngdj1578G23H8301IGG0GGzwpo5573G6G505A815559357wpqt54664J1A3G7G1JGA2CG52mh5uv7B884A1013375H45J1HHGJ1G92A6g
клининг;Metrolux Service Almaty, клининговая компания;Клининг;проспект Сейфуллина, 404/67;+77711040004 +77017959774;+77711040004;yes;;http://www.metrolux.kz;instagram:https://instagram.com/metrolux.kz whatsapp:https://wa.me/77711040004;5;6;43.267449;76.932502;70000001089598102_eAngdj1578G23H8301IGG0GGzwpo5573G6G505A815B69B21wpqt54664J1A3G7G1JGA2CG52mh5uv7B884A10133A3H46J1HHGJ1G92AcB
клининг;Cleaning-Almaty, выездная клининговая компания;Клининг, Чистка ковров, Высотные работы, Фасадные работы;;+77473331774;+77473331774;yes;;http://cleaning-almaty.kz;instagram:https://instagram.com/cleaning_almaty_bm whatsapp:https://wa.me/77473331774;4.8;217;;;70000001074386813_eAngdj1578G23H8301IGG0GGzwpo5573G6G505A815648992wpqt54664J1A3G7G1JGA2CG52mh5uv7B884A1013394H47J1HHGJ1G92Ae6
клининг;Disal Group, клининговая компания;Клининг;улица Айтматова, 13а;+77750072414 +77013091121;+77013182543;yes;;http://disal-group.kz;whatsapp:https://wa.me/77013182543 whatsapp:https://wa.me/77013091121;5;7;43.194066;76.820565;70000001047077553_eAngdj1578G23H8301IGG0GGzwpo5573G6G505A815917A66wpqt54664J1A3G7G1JGA2CG52mh5uv7B884A1013364H49J1HHGJ1G92Ag7
клининг;Izi clean, клининговая компания;Клининг;улица Бериктас, 52/1;+77078788844;+77078788844;yes;;;instagram:https://instagram.com/izi_clean whatsapp:https://wa.me/77078788844;5;16;43.18719;76.897753;70000001075140423_eAngdj1578G23H8301IGG0GGzwpo5573G6G505A815724353wpqt54664J1A3G7G1JGA2CG52mh5uv7B884A1013394H4AJ1HHGJ1G92AAd
клининг;Aqua Sheber, компания по чистке ковров;Клининг, Чистка ковров;улица Рыскулова, 21;+77070415263;+77070415263;yes;;;instagram:https://instagram.com/aquasheber whatsapp:https://wa.me/77070415263;4.9;242;43.178273;76.763131;70000001083399830_eAngdj1578G23H8301IGG0GGzwpo5573G6G505A815549C94wpqt54664J1A3G7G1JGA2CG52mh5uv7B884A10133A1H4BJ1HHGJ1G92A97
клининг;Top Service Group, клининговая компания;Клининг, Высотные работы, Дезинфекция, дератизация, дезинсекция;улица Балбырауын, 2;+77713008826;+77713008826;yes;;http://topsg.kz;instagram:https://instagram.com/top_service_group whatsapp:https://wa.me/77713008826 whatsapp:https://wa.me/77771300882 whatsapp:https://wa.me/77717130027;4.9;12;43.185651;76.838662;9429940000790681_eAngdj1578G23HA72AIG0GGGzwpo5573G6G505A8159A0992wpqt54664J1A3G7G1J73BJ2J2mh5uv7B884AA41232H4AJ3HHHG3H72B45
клининг;EXPERTY.KZ, фабрика по чистке ковров, штор и мягкой мебели;Клининг, Чистка ковров;улица Бокейханова, 185;+77077760101 +77472710101;+77472710101;yes;;;instagram:https://instagram.com/experty.kz whatsapp:https://wa.me/77472710101 whatsapp:https://wa.me/77077760101;4.7;124;43.294502;76.900099;70000001051209445_eAngdj1578G23H8301IGG0GGzwpo5573G6G505A815330C55wpqt54664J1A3G7G1JGA2CG52mh5uv7B884A1013376H53J1HHGJ1G92Abe
клининг;Eco-Service, клининговая компания;Клининг;;+77760280379;+77760280379;;;http://eco-service.kz/cleaning/;;4.9;46;;;70000001112609627_eAngdj1578G23H8301IGG0GGzwpo5573G6G505A815470C73wpqt54664J1A3G7G1JGA2CG52mh5uv7B884A1013438H54J1HHGJ1G92A7C
клининг;Мастер чистоты, химчистка мягкой мебели, ковров и штор;Клининг, Чистка ковров, Прачечные;улица Сокпакбаева, 25;+77074346339;+77074346339;yes;;;whatsapp:https://wa.me/77074346339;5;3;43.2623;76.882752;70000001116105105_eAngdj1578G23H8301IGG0GGzwpo5573G6G505A815820821wpqt54664J1A3G7G1JGA2CG52mh5uv7B884A1013436H55J1HHGJ1G92A64
клининг;Айтан эко, выездная служба;Клининг, Дезинфекция, дератизация, дезинсекция, Средства защиты растений и удобрения;улица Шекспира, 52;+77777731251 +77475745020;+77475745020;yes;;;instagram:https://instagram.com/dezinfection_almaty whatsapp:https://wa.me/77475745020 whatsapp:https://wa.me/77777731251 telegram:https://t.me/+77777731251;4.9;412;43.357687;76.933649;70000001054388662_eAngdj1578G23H8301IGG0GGzwpo5573G6G505A815648B77wpqt54664J1A3G7G1JGA2CG52mh5uv7B884A1013373H56J1HHGJ1G92Ae5
клининг;Qlean, химчистка мягкой мебели и ковролина;Клининг, Чистка ковров, Химчистки одежды и текстиля;11-й микрорайон, 29;+77775119797;+77775119797;yes;;http://qlean.kz;instagram:https://instagram.com/qlean.kz facebook:https://facebook.com/qlean.kz whatsapp:https://wa.me/77775119797;4.9;321;43.219924;76.874769;70000001053490604_eAngdj1578G23H8301IGG0GGzwpo5573G6G505A815559371wpqt54664J1A3G7G1JGA2CG52mh5uv7B884A1013375H57J1HHGJ1G92Ae9
клининг;Like+, выездная клининговая компания;Клининг;улица Акниет, 4;+77079364257 +77779364257;+77079364257;yes;;;whatsapp:https://wa.me/77079364257 whatsapp:https://wa.me/77779364257;4.1;2;43.255666;76.800101;70000001099100920_eAngdj1578G23H8301IGG0GGzwpo5573G6G505A815B203A3wpqt54664J1A3G7G1JGA2CG52mh5uv7B884A10133B1H5AJ1HHGJ1G92Adi
клининг;Cleaning service, ​клининговая компания;Клининг;улица Жамбыла, 124/126;+77477088880;+77477088880;yes;;http://cleaning-service.kz;whatsapp:https://wa.me/77477088880;3.3;8;43.246221;76.922112;70000001084524238_eAngdj1578G23H8301IGG0GGzwpo5573G6G505A815662734wpqt54664J1A3G7G1JGA2CG52mh5uv7B884A10133A9H5BJ1HHGJ1G92A55
клининг;Tap-taza Cleaning, клининговая компания;Клининг, Чистка ковров;улица Рыскулова, 86а;+77762003222;+77762003222;yes;;;whatsapp:https://wa.me/77762003222;5;6;43.189051;76.82952;70000001095755517_dlkwAu1578G23H83014GGG0G233kdl73G6G505A815785862wpqt54665J1A4G7G2J0J939Jbtv6uv7B884A10133B8H234HHHGJH0I91A55
клининг;727 cleaning, выездная клининговая компания;Клининг;микрорайон Самал-2, 86;+77071022032 +77013541103;+77013541103;yes;;;instagram:https://instagram.com/727cleaning whatsapp:https://wa.me/77013541103 whatsapp:https://wa.me/77071022032;4.7;130;43.232448;76.953917;70000001081225010_dlkwAu1578G23H83014GGG0G233kdl73G6G505A815332812wpqt54665J1A4G7G2J0J939Jbtv6uv7B884A10133A1H236HHHGJH0I91A3e
клининг;Компания по чистке ковров и мягкой мебели;Клининг, Чистка ковров;улица Кыдырбекова, 72/3;+77770257753;+77770257753;yes;;;instagram:https://instagram.com/kikaclean.kz whatsapp:https://wa.me/77770257753;5;1;43.218215;76.804081;70000001115135813_dlkwAu1578G23H83014GGG0G233kdl73G6G505A815723892wpqt54665J1A4G7G2J0J939Jbtv6uv7B884A1013434H238HHHGJH0I91A9B
клининг;Спасибо, клининговая компания;Клининг;улица Монгольская, 44;+77775216333 +77474717641;+77775216333;yes;;http://spasibo.com.kz;whatsapp:https://wa.me/77775216333 whatsapp:https://wa.me/77474717641;4.3;11;43.263139;76.91441;70000001028823295_dlkwAu1578G23H83014GGG0G233kdl73G6G505A815A9263Awpqt54665J1A4G7G2J0J939Jbtv6uv7B884A1013346H239HHHGJH0I91A34
клининг;Santrade, клининговая компания;Клининг;проспект Жибек Жолы, 188;+77272536301 +77272536300 +77012256729;+77012256729;yes;;;whatsapp:https://wa.me/77012256729;2.6;8;43.260012;76.91815;9429940000973698_dlkwAu1578G23HA72AIGG0GG233kdl73G6G505A815B839A9wpqt54665J1A4G7G2JGA2CG5btv6uv7B884AA41232H21AJ1HHGJ1G92Ac9
клининг;Эксперт Клининг, клининговая компания;Клининг;Кульджинский тракт, 16/3 блок 23;+77075924040;+77075924040;yes;;http://expert-cleaning.com;vkontakte:https://vk.com/expertklining whatsapp:https://wa.me/77075924040 telegram:https://t.me/+77077579373;4.5;44;43.288506;76.987143;70000001034461117_dlkwAu1578G23H83014GGG0G233kdl73G6G505A815656422wpqt54665J1A4G7G2J0J939Jbtv6uv7B884A1013358H23BHHHGJH0I91A88
клининг;Aqua Sheber, компания по чистке ковров;Клининг, Чистка ковров;улица Каныша Сатпаева, 101а;+77075750720;+77075750720;yes;;;instagram:https://instagram.com/aquasheber whatsapp:https://wa.me/77075750720;4.9;136;43.234639;76.885449;70000001101018012_dlkwAu1578G23H83014GGG0G233kdl73G6G505A815311B12wpqt54665J1A4G7G2J0J939Jbtv6uv7B884A1013423H23CHHHGJH0I91A3f
клининг;Crystal House, выездная клининговая компания;Клининг;;+77024170782;+77024170782;yes;;;instagram:https://instagram.com/Crystal.house.kz whatsapp:https://wa.me/77024170782;4.8;16;;;70000001115181245_dlkwAu1578G23H83014GGG0G233kdl73G6G505A815728435wpqt54665J1A4G7G2J0J939Jbtv6uv7B884A1013436H245HHHGJH0I91A4e
клининг;Just-clean.kz, выездная компания по химчистке мебели;Клининг;улица Котельникова, 50/5;+77066639765;+77066639765;yes;;http://just-clean.kz http://tiktok.com/@just.clean.almaty;instagram:https://instagram.com/just.clean.kz whatsapp:https://wa.me/77066639765;5;63;43.308574;76.934062;70000001069623591_dlkwAu1578G23H83014GGG0G233kdl73G6G505A815B7266Awpqt54665J1A4G7G2J0J939Jbtv6uv7B884A1013382H246HHHGJH0I91A8d
клининг;4 Сезона, ​химчистка;Клининг, Чистка ковров;улица Муратбаева, 54;+77471246976;+77471246976;yes;;http://4sezona.kz/new_application;instagram:https://instagram.com/4sezona_kz whatsapp:https://wa.me/77471246976;3.9;22;43.317636;77.228377;70000001105615205_dlkwAu1578G23H83014GGG0G233kdl73G6G505A815771831wpqt54665J1A4G7G2J0J939Jbtv6uv7B884A1013426H247HHHGJH0I91ACh
клининг;Центр Клининг, клининговая компания;Клининг;улица Толе би, 286/1;+77071279058 +77057407583;+77071279058;yes;;;instagram:https://instagram.com/cleaning___almaty whatsapp:https://wa.me/77071279058 whatsapp:https://wa.me/77057407583;4.8;53;43.247366;76.869465;70000001033560089_dlkwAu1578G23H83014GGG0G233kdl73G6G505A815566319wpqt54665J1A4G7G2J0J939Jbtv6uv7B884A101335AH249HHHGJH0I91A46
клининг;Oskar Clining, выездная клининговая компания;Клининг;Северное Кольцо шоссе, 36;+77082961457;+77082961457;yes;;;instagram:https://instagram.com/oskar_clining whatsapp:https://wa.me/77082961457;5;10;43.321962;76.904711;70000001075838314_dlkwAu1578G23H83014GGG0G233kdl73G6G505A815793B42wpqt54665J1A4G7G2J0J939Jbtv6uv7B884A1013395H24AHHHGJH0I91A36
клининг;BrightOn Cleaning, клининговая компания;Клининг;Бухар жырау бульвар, 35;+77713777790 +77078018565;+77078018565;yes;;;instagram:https://instagram.com/bright_on_cleaning whatsapp:https://wa.me/77078018565;5;49;43.233736;76.921458;70000001104641194_dlkwAu1578G23H83014GGG0G233kdl73G6G505A81567442Awpqt54665J1A4G7G2J0J939Jbtv6uv7B884A1013425H24CHHHGJH0I91Adf
клининг;Руки, клининговая компания;Клининг;;+77756012073 +77006888950;+77756012073;;;;instagram:https://instagram.com/ruki.cleaning_;5;52;;;70000001094090476_dlkwAu1578G23H83014GGG0G233kdl73G6G505A815619358wpqt54665J1A4G7G2J0J939Jbtv6uv7B884A10133B7H253HHHGJH0I91AC6
клининг;Masal Cleaning, клининговая компания;Клининг;улица Ислама Каримова, 87а;+77768254886;+77768254886;yes;;http://tiktok.com/@Masal_cleaning;instagram:https://instagram.com/masal_cleaning_ whatsapp:https://wa.me/77768254886;4.9;32;43.250035;76.881936;70000001112985871_dlkwAu1578G23H83014GGG0G233kdl73G6G505A8154A8898wpqt54665J1A4G7G2J0J939Jbtv6uv7B884A1013432H254HHHGJH0I91A97
клининг;Клининг Люкс, компания;Клининг;проспект Сейфуллина, 402;+77477189464 +77784256188;+77477189464;yes;;;instagram:https://instagram.com/cleaning_lux.almaty whatsapp:https://wa.me/77477189464 whatsapp:https://wa.me/77784256188;4.8;21;43.269054;76.931243;70000001076640523_dlkwAu1578G23H83014GGG0G233kdl73G6G505A815874363wpqt54665J1A4G7G2J0J939Jbtv6uv7B884A1013394H255HHHGJH0I91A3B
клининг;ИП Клининг центр TAS;Клининг;улица Майлина, 54;+77053074242;+77053074242;yes;;;instagram:https://instagram.com/uborka_clean_tas whatsapp:https://wa.me/77053074242 telegram:https://t.me/+77053074242;4.9;29;43.342529;76.993766;70000001110666043_dlkwAu1578G23H83014GGG0G233kdl73G6G505A815276915wpqt54665J1A4G7G2J0J939Jbtv6uv7B884A1013434H256HHHGJH0I91A5e
клининг;Saya-Home, клининговая компания;Клининг;Ораза Жандосова улица, 150а;+77478181810;+77478181810;yes;;;instagram:https://instagram.com/uborka_himchistka_almaty whatsapp:https://wa.me/77478181810;4.8;138;43.21363;76.872457;70000001062160264_dlkwAu1578G23H83014GGG0G233kdl73G6G505A815426337wpqt54665J1A4G7G2J0J939Jbtv6uv7B884A1013385H257HHHGJH0I91AC8
клининг;Выездная клининговая компания, ИП ProCleaning.kz;Клининг;;+77772931519;+77772931519;yes;;;instagram:https://instagram.com/procleaning.kz whatsapp:https://wa.me/77772931519;5;1;;;70000001110991352_dlkwAu1578G23H83014GGG0G233kdl73G6G505A8152A9446wpqt54665J1A4G7G2J0J939Jbtv6uv7B884A1013433H258HHHGJH0I91Afh
клининг;Tazaflex, выездной клининговый сервис;Клининг;;+77017253663 +77776683698;+77017253663;yes;;;instagram:https://instagram.com/tazaflex whatsapp:https://wa.me/77017253663;4.7;31;;;70000001103176437_dlkwAu1578G23H83014GGG0G233kdl73G6G505A815527954wpqt54665J1A4G7G2J0J939Jbtv6uv7B884A1013428H25AHHHGJH0I91AdB
клининг;Happy cleaning, выездная клининговая компания;Клининг;микрорайон Дарабоз, 25;+77077085506;+77077085506;yes;;http://ecoclining.kz;whatsapp:https://wa.me/77077085506;4.9;98;43.266701;76.819984;70000001087554241_dlkwAu1578G23H83014GGG0G233kdl73G6G505A815965735wpqt54665J1A4G7G2J0J939Jbtv6uv7B884A10133A2H25BHHHGJH0I91Aii
клининг;Cleantech.almaty, выездная клининговая компания;Клининг;микрорайон Гажайып, 11/1 блок 5;+77077128166 +77773584866;+77077128166;yes;;http://tiktok.com/@cleantech.almaty;instagram:https://instagram.com/cleantech.almaty whatsapp:https://wa.me/77077128166 whatsapp:https://wa.me/77773584866;4.9;83;43.276041;76.816219;70000001062622436_dlkwAu1578G23H83014GGG0G233kdl73G6G505A815472554wpqt54665J1A4G7G2J0J939Jbtv6uv7B884A1013387H25CHHHGJH0I91Aii
клининг;Alasha, центр чистки ковров и мебели;Клининг, Чистка ковров;улица Достык, 29;+77072821787;+77072821787;yes;;;whatsapp:https://wa.me/77072821787;4.9;92;43.435942;77.040827;70000001047853903_dlkwAu1578G23H83014GGG0G233kdl73G6G505A8159956A1wpqt54665J1A4G7G2J0J939Jbtv6uv7B884A1013364H263HHHGJH0I91AA7
клининг;kovro.clean, центр чистки ковров;Клининг, Чистка ковров;улица Набережная, 31/1;+77075057007;+77075057007;yes;;http://kovroclean.kz/;instagram:https://instagram.com/kovro.clean whatsapp:https://wa.me/77075057007 telegram:https://t.me/+77070404994;4.9;36;43.270641;76.850683;70000001046116303_dlkwAu1578G23H83014GGG0G233kdl73G6G505A815821941wpqt54665J1A4G7G2J0J939Jbtv6uv7B884A1013364H264HHHGJH0I91A5g
клининг;GMG Management, управляющая компания;Клининг, Высотные работы, Внутренние системы отопления, водоснабжения, канализации, Фасадные работы;проспект Достык, 134;+77273572424115 +77019898595;+77019898595;yes;;http://gmg-management.kz;whatsapp:https://wa.me/77019898595;;;43.236131;76.959764;9429940001665056_dlkwAu1578G23HA72AIGG0GG233kdl73G6G505A815875367wpqt54665J1A4G7G2JGA2CG5btv6uv7B884AA41233H245J1HHGJ1G92A4A
клининг;EcoHim, химчистка мебели;Клининг;улица Макатаева, 24;+77066418550;+77066418550;yes;;;instagram:https://instagram.com/ecohim_kaskelen whatsapp:https://wa.me/77066418550;5;23;43.181758;76.619805;70000001103187413_dlkwAu1578G23H83014GGG0G233kdl73G6G505A815528A52wpqt54665J1A4G7G2J0J939Jbtv6uv7B884A1013424H266HHHGJH0I91A3i
клининг;Bee_Cleaning, выездная клининговая служба;Клининг;;+77471209291;+77471209291;yes;;http://tiktok.com/@bee_cleaning0;instagram:https://instagram.com/cleanbeealmaty whatsapp:https://wa.me/77471209291;4.9;229;;;70000001097242971_dlkwAu1578G23H83014GGG0G233kdl73G6G505A8159345A8wpqt54665J1A4G7G2J0J939Jbtv6uv7B884A10133B2H269HHHGJH0I91A3B
клининг;Arve Cleaning, выездная клининговая служба;Клининг;улица Кабдолова, 16/1;+77075333063;+77075333063;yes;;;instagram:https://instagram.com/arve_cleaning whatsapp:https://wa.me/77075333063;5;13;43.236488;76.852027;70000001115038699_dlkwAu1578G23H83014GGG0G233kdl73G6G505A815713B7Awpqt54665J1A4G7G2J0J939Jbtv6uv7B884A101343AH26BHHHGJH0I91AC5
клининг;AlmaCleaning, выездная клининговая компания;Клининг, Чистка ковров, Химчистки одежды и текстиля, Устранение запахов сухим туманом и озонированием;улица Наурызбай батыра, 16;+77478858220 +77712399770;+77478858220;yes;;http://almacleaning.kz;instagram:https://instagram.com/almatacleaning facebook:https://facebook.com/profile.php?id=61576407873373 whatsapp:https://wa.me/77478858220 whatsapp:https://wa.me/77712399770 telegram:https://t.me/almacleaning;3.9;217;43.266265;76.935033;70000001101327665_dlkwAu1578G23H83014GGG0G233kdl73G6G505A815342A77wpqt54665J1A4G7G2J0J939Jbtv6uv7B884A1013426H26CHHHGJH0I91A6h
клининг;asar_cleaning, ​клининговая компания;Клининг;улица Аманжол, 12а/1;+77075859992;+77075859992;yes;;;whatsapp:https://wa.me/77075859992;4.7;104;43.209927;76.845231;70000001067876029_dlkwAu1578G23H83014GGG0G233kdl73G6G505A815997913wpqt54665J1A4G7G2J0J939Jbtv6uv7B884A101338AH273HHHGJH0I91A5i
клининг;Crystall cleaning, клиниговая компания;Клининг;улица Брюсова, 4;+77777222282;+77777222282;;;;;;;43.262097;76.891996;70000001117212029_dlkwAu1578G23H83014GGG0G233kdl73G6G505A815931513wpqt54665J1A4G7G2J0J939Jbtv6uv7B884A101343AH274HHHGJH0I91Aid
клининг;Корпорация чистоты, центр химчистки и клининга;Клининг, Прачечные;улица Бериктас, 52/1;+77071117752;+77071117752;yes;;http://him-1.kz;instagram:https://instagram.com/him_almaty whatsapp:https://wa.me/77071117752;5;33;43.187039;76.897785;70000001105834784_dlkwAu1578G23H83014GGG0G233kdl73G6G505A815793789wpqt54665J1A4G7G2J0J939Jbtv6uv7B884A1013425H275HHHGJH0I91A4h
клининг;Prosto_Chisto_Talgar, химчистка мягкой мебели;Клининг, Детейлинг;улица Стрельникова, 8;+77077620835;+77077620835;yes;;;instagram:https://instagram.com/prosto_chisto_talgar whatsapp:https://wa.me/77077620835 telegram:https://t.me/+77077620835;5;3;43.337731;77.254772;70000001081832753_dlkwAu1578G23H83014GGG0G233kdl73G6G505A815393586wpqt54665J1A4G7G2J0J939Jbtv6uv7B884A10133A4H276HHHGJH0I91Ahd
клининг;AlmatyCleanService, центр чистки ковров, штор и уборки дома;Клининг, Чистка ковров;улица Зимняя, 1Б;+77077635474;+77077635474;yes;;http://almatycleanservice.2gis.biz/;instagram:https://instagram.com/astanacleanservice whatsapp:https://wa.me/77077635474 telegram:https://t.me/+77077635474;5;13;43.353836;76.989406;70000001110628292_dlkwAu1578G23H83014GGG0G233kdl73G6G505A815272B3Awpqt54665J1A4G7G2J0J939Jbtv6uv7B884A1013433H277HHHGJH0I91ABe
клининг;Tаза болады, клининговая компания;Клининг;улица Зенкова, 22;+77770271135;+77770271135;yes;;http://tazabolady.kz;instagram:https://instagram.com/taza_bolady.kz whatsapp:https://wa.me/77770271135 whatsapp:https://wa.me/77758674565;4.9;11;43.260105;76.957002;70000001114260010_dlkwAu1578G23H83014GGG0G233kdl73G6G505A815636312wpqt54665J1A4G7G2J0J939Jbtv6uv7B884A1013431H27AHHHGJH0I91A37
клининг;Getcom, клининговая компания;Клининг;улица Ислама Каримова, 56;+77067080057 +77273541530 +77273286755;+77067080057;yes;;;whatsapp:https://wa.me/77067080057;1.2;27;43.251696;76.884058;70000001035693824_7prfqn1578G23H83014GGG0Gkz6dos73G6G505A815779693wpqt54667J1A6G7G3J0J939Jqveiuv7B884A1013355H333HHHGJH0I91A55
клининг;LBA Service, компания;Клининг;Байзакова улица, 125;+77779500004;+77779500004;yes;;;whatsapp:https://wa.me/77779500004;;;43.256369;76.910744;70000001046571713_7prfqn1578G23H83014GGG0Gkz6dos73G6G505A815867482wpqt54667J1A6G7G3J0J939Jqveiuv7B884A1013364H334HHHGJH0I91Ae9
клининг;Lavaseco, выездная компания по химчистке мебели;Клининг, Чистка ковров, Химчистки одежды и текстиля;улица Иссыкская, 29;+77022297755;+77022297755;yes;;;instagram:https://instagram.com/lavaseco_almaty whatsapp:https://wa.me/77022297755;4.5;65;43.272222;76.957705;70000001066561718_7prfqn1578G23H83014GGG0Gkz6dos73G6G505A815866482wpqt54667J1A6G7G3J0J939Jqveiuv7B884A1013389H335HHHGJH0I91ABf
клининг;Stella Cleaning;Клининг;улица Иссыкская, 29;+77077990934;+77077990934;yes;;http://taplink.cc/stella.cleaning;instagram:https://instagram.com/stella.cleaning whatsapp:https://wa.me/77077990934;5;30;43.272222;76.957705;70000001111842874_7prfqn1578G23H83014GGG0Gkz6dos73G6G505A815394598wpqt54667J1A6G7G3J0J939Jqveiuv7B884A1013435H338HHHGJH0I91Ah6
клининг;Elite Clean, клининговая служба;Клининг;проспект Аль-Фараби, 116/29;+77475002210;+77475002210;yes;;;instagram:https://instagram.com/elitecleankz whatsapp:https://wa.me/77475002210;5;12;43.214106;76.939418;70000001104650361_7prfqn1578G23H83014GGG0Gkz6dos73G6G505A815675347wpqt54667J1A6G7G3J0J939Jqveiuv7B884A1013422H33AHHHGJH0I91Ag7
клининг;Clearon.kz, выездная клининговая компания;Клининг;;+77473150324;+77473150324;yes;;;instagram:https://instagram.com/clearon.kz whatsapp:https://wa.me/77473150324;5;39;;;70000001105074057_7prfqn1578G23H83014GGG0Gkz6dos73G6G505A815717716wpqt54667J1A6G7G3J0J939Jqveiuv7B884A1013428H33BHHHGJH0I91Ahf
клининг;Naz cleaning24, выездная клининговая компания;Клининг;;+77083663187;+77083663187;yes;;;whatsapp:https://wa.me/77083663187;1;5;;;70000001092880058_7prfqn1578G23H83014GGG0Gkz6dos73G6G505A815498316wpqt54667J1A6G7G3J0J939Jqveiuv7B884A10133B9H33CHHHGJH0I91A5f
клининг;AlpinPro, компания промышленного альпинизма;Клининг, Высотные работы, Кровельные работы, Антикоррозийная обработка металла, Фасадные работы;улица Тимирязева, 42 к15/107;+77051174010 +77272458814;+77051174010;yes;;http://taplink.cc/alpinpro.kz http://alpinpro.kz;instagram:https://instagram.com/alpinpro_kz facebook:https://facebook.com/alpinpro.kz whatsapp:https://wa.me/77051174010 telegram:https://t.me/+77051174010;5;135;43.217443;76.905881;70000001064899286_7prfqn1578G23H83014GGG0Gkz6dos73G6G505A815699C39wpqt54667J1A6G7G3J0J939Jqveiuv7B884A1013387H343HHHGJH0I91A8h
клининг;TazaHome, офис;Клининг, Чистка ковров, Благоустройство улиц;улица Каппарова, 185;+77750632308 +77780524348;+77750632308;yes;;;whatsapp:https://wa.me/77750632308 whatsapp:https://wa.me/77780524348 instagram:https://instagram.com/tazahome.kz;4.9;27;43.214734;76.928816;70000001113635141_7prfqn1578G23H83014GGG0Gkz6dos73G6G505A815573825wpqt54667J1A6G7G3J0J939Jqveiuv7B884A1013432H344HHHGJH0I91Ag6
клининг;Modern City, выездная компания;Клининг, Дезинфекция, дератизация, дезинсекция, Высотные работы, Благоустройство улиц;;+77781220440;+77781220440;yes;;http://moderncity.nethouse.ru http://generalnayauborka.ru;whatsapp:https://wa.me/77781220440;4;3;;;70000001032681706_7prfqn1578G23H83014GGG0Gkz6dos73G6G505A815478481wpqt54667J1A6G7G3J0J939Jqveiuv7B884A1013357H345HHHGJH0I91Ag4
клининг;KassClean, клиниговая компания;Клининг;улица Жарокова, 124;+77789595896;+77770377716;yes;;;whatsapp:https://wa.me/77770377716 instagram:https://instagram.com/kassclean whatsapp:https://wa.me/77789595896;4.9;19;43.238482;76.899938;70000001113933987_7prfqn1578G23H83014GGG0Gkz6dos73G6G505A8155A36A9wpqt54667J1A6G7G3J0J939Jqveiuv7B884A1013438H346HHHGJH0I91Af4
клининг;Клининговая компания;Клининг;микрорайон Кулагер, 42;+77026221417;+77026221417;yes;;;whatsapp:https://wa.me/77026221417;4.9;175;43.304928;76.921636;70000001081047094_7prfqn1578G23H83014GGG0Gkz6dos73G6G505A815314A1Awpqt54667J1A6G7G3J0J939Jqveiuv7B884A10133A5H347HHHGJH0I91A4g
клининг;CleanLine_Almaty, выездная химчистка мягкой мебели;Клининг;;+77071509342;+77071509342;;;;instagram:https://instagram.com/cleanline_almaty;5;8;;;70000001115443445_7prfqn1578G23H83014GGG0Gkz6dos73G6G505A815754655wpqt54667J1A6G7G3J0J939Jqveiuv7B884A1013436H354HHHGJH0I91A5h
клининг;Kelin Clean, клининговая компания;Клининг;улица Заманбека Батталханова, 7в;+77776463333;+77776463333;yes;;;instagram:https://instagram.com/kelin_clean.kz whatsapp:https://wa.me/77776463333;4.4;32;43.416672;77.014907;70000001075533898_7prfqn1578G23H83014GGG0Gkz6dos73G6G505A81576369Awpqt54667J1A6G7G3J0J939Jqveiuv7B884A1013399H355HHHGJH0I91A59
клининг;Clean home, компания по чистке ковров;Клининг, Чистка ковров;улица Олжаса Кулжабекова, 53/2;+77475998880;+77475998880;;;;;5;2;45.032849;78.34845;70000001092797935_7prfqn1578G23H83014GGG0Gkz6dos73G6G505A815489AA4wpqt54667J1A6G7G3J0J939Jqveiuv7B884A10133B6H356HHHGJH0I91Aid
клининг;Facility Service-Kazakhstan, клининговая компания;Клининг;улица Муратбаева, 75;+77771669968;+77771669968;yes;;;whatsapp:https://wa.me/77771669968;5;1;43.261292;76.916737;70000001087690859_7prfqn1578G23H83014GGG0Gkz6dos73G6G505A815979396wpqt54667J1A6G7G3J0J939Jqveiuv7B884A10133AAH357HHHGJH0I91A5g
клининг;BaiMax. cleaning, клининговая компания;Клининг;улица Жунисова, 4/12;+77771750503;+77474410383;yes;;;instagram:https://instagram.com/baimax.cleaning whatsapp:https://wa.me/77474410383;4.2;17;43.225073;76.783845;70000001074585475_7prfqn1578G23H83014GGG0Gkz6dos73G6G505A815668858wpqt54667J1A6G7G3J0J939Jqveiuv7B884A1013396H358HHHGJH0I91A43
клининг;Prime Clean, клининговая компания;Клининг;микрорайон Орбита-1, 27;+77714304696 +77767208035;+77714304696;yes;;http://prime-clean.kz;instagram:https://instagram.com/prime_clean_expert whatsapp:https://wa.me/77714304696;5;83;43.201441;76.880502;70000001103094665_7prfqn1578G23H83014GGG0Gkz6dos73G6G505A815519777wpqt54667J1A6G7G3J0J939Jqveiuv7B884A1013426H359HHHGJH0I91AdC
клининг;Капителсервис.KZ, компания;Клининг, Дезинфекция, дератизация, дезинсекция;проспект Турара Рыскулова, 276а;+77008880887;+77008880887;yes;;;whatsapp:https://wa.me/77008880887;;;43.252899;76.839756;70000001089639196_7prfqn1578G23H83014GGG0Gkz6dos73G6G505A815B73C2Awpqt54667J1A6G7G3J0J939Jqveiuv7B884A10133A7H35BHHHGJH0I91Af6
клининг;1133cleaning, клининговая компания;Клининг;проспект Гагарина, 230а;+77775681133;+77775681133;yes;1133cleaning@gmail.com;;instagram:https://instagram.com/1133cleaning.kz whatsapp:https://wa.me/77775681133;5;14;43.215596;76.897861;70000001081683899_7prfqn1578G23H83014GGG0Gkz6dos73G6G505A81537869Awpqt54667J1A6G7G3J0J939Jqveiuv7B884A10133AAH35CHHHGJH0I91ACA
клининг;Love Clean, клининговая служба;Клининг;микрорайон Аксай-3Б, 7;+77071109320;+77071109320;yes;;;whatsapp:https://wa.me/77071109320;;;43.236084;76.823092;70000001109960359_7prfqn1578G23H83014GGG0Gkz6dos73G6G505A815BA6346wpqt54667J1A6G7G3J0J939Jqveiuv7B884A101342AH363HHHGJH0I91Ad6
клининг;Alau cleaning, ​клининговая компания;Клининг;микрорайон Шугыла, 340/4;+77075826077;+77075826077;yes;;;instagram:https://instagram.com/alau_cleaning_ whatsapp:https://wa.me/77075826077;5;8;43.208279;76.790341;70000001112768181_7prfqn1578G23H83014GGG0Gkz6dos73G6G505A815486B29wpqt54667J1A6G7G3J0J939Jqveiuv7B884A1013432H364HHHGJH0I91A4i
клининг;clean_penguin.kz, клининговая компания;Клининг, Чистка ковров, Уход за пухо-перьевыми изделиями;проспект Аль-Фараби, 81;+77027595928 +77475770242;+77475770242;yes;;;instagram:https://instagram.com/clean_penguin.kz whatsapp:https://wa.me/77475770242 whatsapp:https://wa.me/77027595928;5;1;43.210913;76.91583;70000001101157371_7prfqn1578G23H83014GGG0Gkz6dos73G6G505A815325A48wpqt54667J1A6G7G3J0J939Jqveiuv7B884A1013422H366HHHGJH0I91A6A
клининг;ARTcleaning, клининговая компания;Клининг, Высотные работы;улица Айтеке би, 123;+77773777570 +77076077040;+77773777570;yes;;http://art-cl.kz/;instagram:https://instagram.com/artcleaning_kz whatsapp:https://wa.me/77773777570 whatsapp:https://wa.me/77076077040 telegram:https://t.me/+77076077040;1;1;43.257175;76.924073;70000001060959831_7prfqn1578G23H83014GGG0Gkz6dos73G6G505A8152A5C94wpqt54667J1A6G7G3J0J939Jqveiuv7B884A1013382H367HHHGJH0I91AfC
клининг;BeClean.kz, выездная клининговая компания;Клининг;;+77777333322;+77777333322;yes;;;instagram:https://instagram.com/beclean.kz whatsapp:https://wa.me/77777333322;5;5;;;70000001115172170_7prfqn1578G23H83014GGG0Gkz6dos73G6G505A815727528wpqt54667J1A6G7G3J0J939Jqveiuv7B884A1013431H368HHHGJH0I91AC4
клининг;Acleaning, клининговая компания;Клининг;Стасова улица, 5;+77025095559;+77025095559;yes;;http://acleaning.kz http://acleanings.kz;instagram:https://instagram.com/acleaning.alm whatsapp:https://wa.me/77025095559 telegram:https://t.me/+77025095559;5;20;43.332212;76.95669;70000001103457242_7prfqn1578G23H83014GGG0Gkz6dos73G6G505A815555A35wpqt54667J1A6G7G3J0J939Jqveiuv7B884A1013423H369HHHGJH0I91A89
клининг;Чисто Lux, клининговая компания;Клининг, Чистка ковров;улица Кунаева, 21а;+77004274430 +77017658392;+77017658392;yes;;;whatsapp:https://wa.me/77017658392 whatsapp:https://wa.me/77004274430;3.2;13;44.996038;78.37122;70000001097473539_7prfqn1578G23H83014GGG0Gkz6dos73G6G505A815957664wpqt54667J1A6G7G3J0J939Jqveiuv7B884A10133BAH36AHHHGJH0I91Af7
клининг;TapTaza, центр чистки ковров;Клининг, Чистка ковров;Атамекен улица, 11;+77054707043;+77054707043;yes;;;instagram:https://instagram.com/taptaza whatsapp:https://wa.me/77054707043;3.5;17;43.406591;77.258388;70000001068037747_7prfqn1578G23H83014GGG0Gkz6dos73G6G505A815A13A85wpqt54667J1A6G7G3J0J939Jqveiuv7B884A1013388H373HHHGJH0I91AhA
клининг;Clean Force, клининговая компания;Клининг;микрорайон Орбита-4, 32;+77007213053;+77007213053;yes;;;whatsapp:https://wa.me/77007213053 whatsapp:https://wa.me/77078547767;5;15;43.197511;76.876081;70000001115418320_7prfqn1578G23H83014GGG0Gkz6dos73G6G505A815751B43wpqt54667J1A6G7G3J0J939Jqveiuv7B884A1013431H376HHHGJH0I91A99
клининг;GMG Development, компания;Клининг, Высотные работы, Внутренние системы отопления, водоснабжения, канализации, Фасадные работы;проспект Достык, 134;+77769898595 +77774447767;+77769898595;yes;;http://gmg-management.kz;whatsapp:https://wa.me/77769898595 whatsapp:https://wa.me/77774447767;;;43.236131;76.959764;70000001081874096_7prfqn1578G23H83014GGG0Gkz6dos73G6G505A81539771Awpqt54667J1A6G7G3J0J939Jqveiuv7B884A10133A7H378HHHGJH0I91A7h
клининг;Dez-Kazahstan, выездная компания по дезинфекции, дезинсекции и дератизации квартир;Клининг, Дезинфекция, дератизация, дезинсекция;улица Айманова, 140 блок Б2;+77055072235 +77055082558 +77085546861;+77055072235;yes;;http://dez-kazahstan.kz;instagram:https://instagram.com/dez_kazahstan vkontakte:https://vk.com/id625516290 whatsapp:https://wa.me/77055072235 telegram:https://t.me/dez_kazahstan;4.2;10;43.235426;76.897874;70000001030152409_7prfqn1578G23H83014GGG0Gkz6dos73G6G505A815225551wpqt54667J1A6G7G3J0J939Jqveiuv7B884A101335AH37AHHHGJH0I91A9C
клининг;Royal Clean, клининговая компания;Клининг, Чистка ковров;улица Потанина, 111;+77477459131;+77477459131;yes;;;instagram:https://instagram.com/royal_clean_almaty whatsapp:https://wa.me/77477459131;4.8;34;43.280176;76.95519;70000001090850054_7prfqn1578G23H83014GGG0Gkz6dos73G6G505A815295316wpqt54667J1A6G7G3J0J939Jqveiuv7B884A10133B5H37CHHHGJH0I91ACA
клининг;Stella, химчистка;Клининг, Химчистки одежды и текстиля;улица Иссыкская, 23;+77783805560;+77783805560;yes;;;instagram:https://instagram.com/stella.almaty whatsapp:https://wa.me/77783805560;;;43.272236;76.956493;70000001110906240_4AAy4n1578G23H83014GGG0GAppn1A73G6G505A8152A0935wpqt54669J1A8G7G4J0J939Jm4cEuv7B884A1013431H434HHHGJH0I91AeB
клининг;almatycleanservic.kz, выездная клининговая компания;Клининг, Чистка ковров;;+77784058097;+77784058097;yes;;http://almatycleanservic.kz/ http://elite-clean-service-n.clients.site/;instagram:https://instagram.com/almatycleanservic.kz whatsapp:https://wa.me/77784058097 telegram:https://t.me/+77781455193;5;19;;;70000001110456258_4AAy4n1578G23H83014GGG0GAppn1A73G6G505A815255936wpqt54669J1A8G7G4J0J939Jm4cEuv7B884A1013439H436HHHGJH0I91AhC
клининг;TopClean, компания по выездной химчистке мебели;Клининг;;+77776660217;+77776660217;yes;;;instagram:https://instagram.com/himchistka_topclean_almaty whatsapp:https://wa.me/77776660217;5;24;;;70000001075871421_4AAy4n1578G23H83014GGG0GAppn1A73G6G505A815797453wpqt54669J1A8G7G4J0J939Jm4cEuv7B884A1013392H437HHHGJH0I91A3d
клининг;Jeti Services, выездная сервисная компания;Клининг, Электромонтажные работы, Монтаж сантехнического оборудования;;+77010532777;+77010532777;yes;;http://services.jeti7.kz;instagram:https://instagram.com/jeti.services whatsapp:https://wa.me/77010532777;5;26;;;70000001111579086_4AAy4n1578G23H83014GGG0GAppn1A73G6G505A815367C19wpqt54669J1A8G7G4J0J939Jm4cEuv7B884A1013437H439HHHGJH0I91A4i
клининг;Cleaning 911, клининговая компания;Клининг;микрорайон Акбулак, 8;+77479094393 +77058066064;+77058066064;yes;;http://cleaning911-almaty.kz;whatsapp:https://wa.me/77058066064 whatsapp:https://wa.me/77479094393;4.9;20;43.243391;76.817365;70000001115145669_4AAy4n1578G23H83014GGG0GAppn1A73G6G505A815724877wpqt54669J1A8G7G4J0J939Jm4cEuv7B884A101343AH43AHHHGJH0I91A7e
клининг;Taza-office.kz, клининговая компания;Клининг;улица Кулешова, 32;+77012221798;+77012221798;yes;;http://taza-office.kz/;instagram:https://instagram.com/tazaoffice whatsapp:https://wa.me/77012221798 telegram:https://t.me/+77077351704 telegram:https://t.me/+77012221798;4.8;15;43.210827;76.895085;70000001074578893_4AAy4n1578G23H83014GGG0GAppn1A73G6G505A815667B9Awpqt54669J1A8G7G4J0J939Jm4cEuv7B884A1013394H43BHHHGJH0I91Aid
клининг;Aura clean, клининговая компания;Клининг;;+77071305072;+77058357264;yes;;http://tiktok.com/@aura_clean_kz;instagram:https://instagram.com/aura_clean_kz whatsapp:https://wa.me/77058357264 telegram:https://t.me/AuraClean;;;;;70000001113896739_4AAy4n1578G23H83014GGG0GAppn1A73G6G505A815599984wpqt54669J1A8G7G4J0J939Jm4cEuv7B884A101343AH43CHHHGJH0I91Afd
клининг;QueenClean, клининговая компания;Клининг;улица Навои, 39 блок 11;+77073222575 +77051172740;+77073222575;yes;;http://queenclean.kz;instagram:https://instagram.com/queenclean.kz whatsapp:https://wa.me/77073222575 whatsapp:https://wa.me/77051172740;4.5;8;43.215903;76.880329;70000001093397881_4AAy4n1578G23H83014GGG0GAppn1A73G6G505A815549A99wpqt54669J1A8G7G4J0J939Jm4cEuv7B884A10133B2H443HHHGJH0I91AhA
клининг;Complex Building Service, компания по обслуживанию жилых комплексов;Клининг, Озеленение помещений, Услуги охраны, Жилищно-коммунальные услуги, Монтаж охранно-пожарных систем;улица Майлина, 109;+77001000656;+77001000656;yes;;http://cb-service.kz;instagram:https://instagram.com/cbs.kz whatsapp:https://wa.me/77001000656;5;4;43.328342;76.975257;70000001104303583_4AAy4n1578G23H83014GGG0GAppn1A73G6G505A815640669wpqt54669J1A8G7G4J0J939Jm4cEuv7B884A1013424H444HHHGJH0I91A7h
клининг;CleanLab_alm, выездная клининговая служба;Клининг;;+77054738948;+77054738948;;;;instagram:https://instagram.com/cleanlab_alm;3.2;2;;;70000001103447675_4AAy4n1578G23H83014GGG0GAppn1A73G6G505A815554A78wpqt54669J1A8G7G4J0J939Jm4cEuv7B884A1013426H445HHHGJH0I91Ah8
клининг;Tazayim cleaning, ​выездная клининговая компания;Клининг;;+77778348383;+77778348383;yes;;;instagram:https://instagram.com/tazaiym.cleaning whatsapp:https://wa.me/77778348383;4.5;23;;;70000001109753498_4AAy4n1578G23H83014GGG0GAppn1A73G6G505A815B8565Awpqt54669J1A8G7G4J0J939Jm4cEuv7B884A1013429H446HHHGJH0I91Aie
клининг;BioClean Kz, клининговая компания;Клининг;улица Станкевича, 29;+77479658113;+77479658113;yes;;http://bioclean.clients.site/;instagram:https://instagram.com/bio.clean_kz whatsapp:https://wa.me/77479658113 whatsapp:https://wa.me/77079616891;3.9;12;43.328896;76.952697;70000001110704189_4AAy4n1578G23H83014GGG0GAppn1A73G6G505A815280729wpqt54669J1A8G7G4J0J939Jm4cEuv7B884A101343AH447HHHGJH0I91Ai8
клининг;Cleanstar, клининговая компания;Клининг;проспект Достык, 55;+77472498242 +77717498242;+77472498242;yes;;;instagram:https://instagram.com/cleanstar_almaty whatsapp:https://wa.me/77472498242 whatsapp:https://wa.me/77717498242;5;7;43.249038;76.955932;70000001114072244_4AAy4n1578G23H83014GGG0GAppn1A73G6G505A815617535wpqt54669J1A8G7G4J0J939Jm4cEuv7B884A1013435H448HHHGJH0I91ABi
клининг;Klin, клининговая компания;Клининг;улица Каныша Сатпаева, 133/6;+77786909007;+77786909007;yes;;http://www.klin.kz;instagram:https://instagram.com/klin.kz whatsapp:https://wa.me/77786909007;5;8;43.2339;76.873009;70000001104649637_4AAy4n1578G23H83014GGG0GAppn1A73G6G505A815674C74wpqt54669J1A8G7G4J0J939Jm4cEuv7B884A1013428H449HHHGJH0I91Afd
клининг;Refreshclean.kz, химчистка мягкой мебели;Клининг;проспект Достык, 128;+77777727776;+77777727776;yes;;http://realwayclean.kz;instagram:https://instagram.com/realwayclean.kz whatsapp:https://wa.me/77777727776;;;43.237089;76.960275;9429940001678414_4AAy4n1578G23HA72AIGG0GGAppn1A73G6G505A815888725wpqt54669J1A8G7G4JGA2CG5m4cEuv7B884AA41233H42AJ1HHGJ1G92Aed
клининг;Таза шаңырақ, клининговая компания;Клининг;;+77471424396;+77471424396;yes;;;whatsapp:https://wa.me/77471424396;5;3;;;70000001102336326_4AAy4n1578G23H83014GGG0GAppn1A73G6G505A815443943wpqt54669J1A8G7G4J0J939Jm4cEuv7B884A1013427H44BHHHGJH0I91Ahf
клининг;Quality, клининговая компания;Клининг;;+77779527961;+77779527961;yes;;;whatsapp:https://wa.me/77779527961;;;;;70000001114836889_4AAy4n1578G23H83014GGG0GAppn1A73G6G505A815693999wpqt54669J1A8G7G4J0J939Jm4cEuv7B884A101343AH44CHHHGJH0I91A47
клининг;Himchistka_mebel_almaty, выездная сервисная компания;Клининг;;+77072266010;+77072266010;yes;;;instagram:https://instagram.com/himchistka_mebel_almaty whatsapp:https://wa.me/77072266010;;;;;70000001115110046_4AAy4n1578G23H83014GGG0GAppn1A73G6G505A815721315wpqt54669J1A8G7G4J0J939Jm4cEuv7B884A1013437H453HHHGJH0I91AdB
клининг;Клининговая компания;Клининг;микрорайон Жетысу-2, 71в;+77001708588;+77001708588;yes;;;whatsapp:https://wa.me/77001708588;;;43.219058;76.846608;70000001110380729_4AAy4n1578G23H83014GGG0GAppn1A73G6G505A815248383wpqt54669J1A8G7G4J0J939Jm4cEuv7B884A101343AH455HHHGJH0I91AAh
клининг;Azura, клининговая компания;Клининг;улица Казыбек би, 50;+77772030444;+77772030444;yes;;;whatsapp:https://wa.me/77772030444;;;43.256435;76.945535;9429940000785895_4AAy4n1578G23HA72AIGG0GGAppn1A73G6G505A815995BA6wpqt54669J1A8G7G4JGA2CG5m4cEuv7B884AA41232H436J1HHGJ1G92AA8
клининг;Eco Breeze clining, клининговая компания;Клининг, Чистка ковров;;+77475190456 +77064501214;+77475190456;yes;;;whatsapp:https://wa.me/77475190456;1;1;;;70000001104501848_4AAy4n1578G23H83014GGG0GAppn1A73G6G505A815660495wpqt54669J1A8G7G4J0J939Jm4cEuv7B884A1013429H457HHHGJH0I91A3e
клининг;Выездная клининговая служба;Клининг;;+77762885169 +77072166196;+77762885169;yes;;;whatsapp:https://wa.me/77762885169;5;1;;;70000001098204978_4AAy4n1578G23H83014GGG0GAppn1A73G6G505A815A307A8wpqt54669J1A8G7G4J0J939Jm4cEuv7B884A10133B9H458HHHGJH0I91AC8
клининг;Cleaner, клининговая компания;Клининг;улица Толе би, 273/5;+77758926865;+77758926865;yes;;;instagram:https://instagram.com/cleaner.24_7 whatsapp:https://wa.me/77758926865;5;1;43.248129;76.865116;70000001116803456_4AAy4n1578G23H83014GGG0GAppn1A73G6G505A815890656wpqt54669J1A8G7G4J0J939Jm4cEuv7B884A1013437H459HHHGJH0I91Afe
клининг;Тап-таза, выездная клининговая компания;Клининг;микрорайон Алтын ауыл, 8/1;+77014782220;+77014782220;yes;;;whatsapp:https://wa.me/77014782220;5;1;43.203286;76.661167;70000001114821271_4AAy4n1578G23H83014GGG0GAppn1A73G6G505A815692438wpqt54669J1A8G7G4J0J939Jm4cEuv7B884A1013432H45AHHHGJH0I91AgC
клининг;Grand_chistca, центр чистки ковров;Клининг, Чистка ковров;Бауыржан Момышулы улица, 67;+77751081566 +77073160503;+77751081566;yes;;;whatsapp:https://wa.me/77751081566 whatsapp:https://wa.me/77073160503;5;1;43.390677;76.941313;70000001102350156_4AAy4n1578G23H83014GGG0GAppn1A73G6G505A815445326wpqt54669J1A8G7G4J0J939Jm4cEuv7B884A1013427H45BHHHGJH0I91A9e
клининг;Chistyidom.kz, клининговая компания;Клининг;микрорайон Самал-1, 6;+77057235245 +77770306588;+77057235245;yes;;;instagram:https://instagram.com/chistyi.domkz whatsapp:https://wa.me/77057235245 whatsapp:https://wa.me/77770306588;5;1;43.234811;76.957543;70000001057718980_4AAy4n1578G23H83014GGG0GAppn1A73G6G505A815981BA9wpqt54669J1A8G7G4J0J939Jm4cEuv7B884A1013371H45CHHHGJH0I91Ahd
клининг;Cleaninghome, клининговая компания;Клининг;улица Ашимова, 92;+77021119102 +77077779416;+77021119102;yes;;http://cleaninghome.kz;whatsapp:https://wa.me/77021119102 whatsapp:https://wa.me/77077779416;5;42;43.217518;76.808124;70000001046770041_4AAy4n1578G23H83014GGG0GAppn1A73G6G505A815887315wpqt54669J1A8G7G4J0J939Jm4cEuv7B884A1013362H463HHHGJH0I91AB7
клининг;Бак-ш cleaning, компания;Клининг, Снос зданий, Благоустройство улиц, Земляные работы;проспект Райымбека, 241Б;+77757694601 +77017996288;+77757694601;yes;;;whatsapp:https://wa.me/77757694601 whatsapp:https://wa.me/77017996288;4.6;11;43.266024;76.901484;9429940001467592_4AAy4n1578G23HA72AIGG0GGAppn1A73G6G505A8156778A3wpqt54669J1A8G7G4JGA2CG5m4cEuv7B884AA41233H444J1HHGJ1G92A8i
клининг;San & Din, клининговая компания;Клининг;улица Жазылбека, 20;+77089152378;+77089152378;yes;;http://Sandin.kz;whatsapp:https://wa.me/77089152378;;;43.203941;76.866018;70000001020468420_4AAy4n1578G23H83014GGG0GAppn1A73G6G505A815256B53wpqt54669J1A8G7G4J0J939Jm4cEuv7B884A1013341H465HHHGJH0I91Af5
клининг;Clean-Life, клининговая компания;Клининг;улица Шевченко, 162/7;+77012040665;+77012040665;yes;;http://cleanlife.kz;whatsapp:https://wa.me/77012040665;;;43.24352;76.909242;70000001021135261_4AAy4n1578G23H83014GGG0GAppn1A73G6G505A815323837wpqt54669J1A8G7G4J0J939Jm4cEuv7B884A1013342H466HHHGJH0I91A9i
клининг;Master Clean, клининговая компания для юридических лиц;Клининг, Фасадные работы, Высотные работы;11-й микрорайон, 28;+77022150402;+77022150402;yes;;;instagram:https://instagram.com/master_clean77 whatsapp:https://wa.me/77022150402;4;4;43.219012;76.874296;70000001029881896_4AAy4n1578G23H83014GGG0GAppn1A73G6G505A815B9849Awpqt54669J1A8G7G4J0J939Jm4cEuv7B884A1013347H467HHHGJH0I91A7A
клининг;Clean Town Comfort, клининговая компания;Клининг;улица Коперника, 124в;+77479367104 +77479367103;+77479367104;yes;;;whatsapp:https://wa.me/77479367104 whatsapp:https://wa.me/77479367103;;;43.268512;76.968177;70000001034239016_4AAy4n1578G23H83014GGG0GAppn1A73G6G505A815633C12wpqt54669J1A8G7G4J0J939Jm4cEuv7B884A1013357H468HHHGJH0I91A7h
клининг;Euroblesk, выездная клининговая компания;Клининг;;+77771131161;+77771131161;yes;;;instagram:https://instagram.com/euroblesk whatsapp:https://wa.me/77771131161;5;29;;;70000001035208045_4AAy4n1578G23H83014GGG0GAppn1A73G6G505A815730B15wpqt54669J1A8G7G4J0J939Jm4cEuv7B884A1013356H469HHHGJH0I91A3B
клининг;Е2, клининговая компания;Клининг;;+77474994931;+77474994931;yes;;;instagram:https://instagram.com/clean_e2 whatsapp:https://wa.me/77474994931;1;1;;;70000001044808370_4AAy4n1578G23H83014GGG0GAppn1A73G6G505A815690B48wpqt54669J1A8G7G4J0J939Jm4cEuv7B884A1013361H46AHHHGJH0I91A4h
клининг;Clean and fast, клининговая компания;Клининг;улица Кенесары хана, 54/36;+77077790106 +77477738543;+77477738543;yes;;;whatsapp:https://wa.me/77477738543;4.6;84;43.169195;76.872642;70000001062015717_4AAy4n1578G23H83014GGG0GAppn1A73G6G505A815411882wpqt54669J1A8G7G4J0J939Jm4cEuv7B884A1013388H46CHHHGJH0I91ACi
клининг;Medyaclean.kz;Клининг;микрорайон Саялы, 111;+77478366321;+77478366321;;;http://medyaclean.kz;;5;12;43.303898;76.838111;70000001065419416_4AAy4n1578G23H83014GGG0GAppn1A73G6G505A815751C52wpqt54669J1A8G7G4J0J939Jm4cEuv7B884A1013387H473HHHGJH0I91Agf
клининг;Delikat, выездная химчистка мягкой мебели;Клининг;Жангельдина улица, 10;+77086308215 +77770550693;+77086308215;yes;;;instagram:https://instagram.com/delikat_almaty whatsapp:https://wa.me/77086308215 whatsapp:https://wa.me/77770550693;5;3;43.287811;76.838906;70000001065988645_4AAy4n1578G23H83014GGG0GAppn1A73G6G505A8157A8B75wpqt54669J1A8G7G4J0J939Jm4cEuv7B884A1013386H474HHHGJH0I91Ad6
клининг;Выездная клининговая компания;Клининг;2-й микрорайон, 5;+77075305123;+77075305123;yes;;;whatsapp:https://wa.me/77075305123;5;113;43.234942;76.854602;70000001067121106_4AAy4n1578G23H83014GGG0GAppn1A73G6G505A815922421wpqt54669J1A8G7G4J0J939Jm4cEuv7B884A1013387H475HHHGJH0I91A4i
клининг;Просто чисто, ​выездная химчистка мягкой мебели;Клининг, Чистка ковров;микрорайон Саялы, 42;+77003336805;+77003336805;yes;;;instagram:https://instagram.com/prosto_chisto_kz whatsapp:https://wa.me/77003336805;3.2;11;43.306714;76.840365;70000001069379283_4AAy4n1578G23H83014GGG0GAppn1A73G6G505A815B47C39wpqt54669J1A8G7G4J0J939Jm4cEuv7B884A1013384H479HHHGJH0I91AA4
клининг;agm_pro_cleaning, компания по мойке окон;Клининг;улица Жангельдина, 191/16;+77054878078;+77054878078;yes;;http://moykaokon.kz;whatsapp:https://wa.me/77054878078;5;15;43.291425;76.955046;70000001069508308_4AAy4n1578G23H83014GGG0GAppn1A73G6G505A815B60B41wpqt54669J1A8G7G4J0J939Jm4cEuv7B884A1013389H47AHHHGJH0I91A8f
клининг;Chi100cleaning, выездная клининговая компания;Клининг;;+77477120307;+77477120307;yes;;;instagram:https://instagram.com/chi100_cleaning.kz whatsapp:https://wa.me/77477120307;5;1;;;70000001075549340_4AAy4n1578G23H83014GGG0GAppn1A73G6G505A815764C45wpqt54669J1A8G7G4J0J939Jm4cEuv7B884A1013391H47BHHHGJH0I91Agf
клининг;Clean Service, выездная клининговая компания;Клининг;микрорайон Самал-2, 18;+77012222644;+77012222644;yes;;http://cleanservice.kz;instagram:https://instagram.com/clean.service_almaty whatsapp:https://wa.me/77012222644;;;43.229515;76.957465;70000001076462541_4AAy4n1578G23H83014GGG0GAppn1A73G6G505A815856565wpqt54669J1A8G7G4J0J939Jm4cEuv7B884A1013392H47CHHHGJH0I91Ag9
клининг;Ocean_cleaning, выездная химчистка мебели;Клининг;;+77478846807 +77774747404;+77478846807;yes;;http://ocean-cleaning.kz;instagram:https://instagram.com/ocean_cleeaning whatsapp:https://wa.me/77478846807 whatsapp:https://wa.me/77774747404;1;4;;;70000001077762224_8w29kn1578G23H83014GGG0GouEf5173G6G505A815986533wpqt5466AJ1A9G7G5J0J939Jkhczuv7B884A1013395H533HHHGJH0I91A5g
клининг;Fastclean Almaty, клининговая компания;Клининг;проспект Абая, 31;+77472510412;+77472510412;yes;;;instagram:https://instagram.com/fastclean_almaty facebook:https://facebook.com/fastclean_almaty whatsapp:https://wa.me/77472510412;4;12;43.243082;76.949432;70000001082605511_8w29kn1578G23H83014GGG0GouEf5173G6G505A815470862wpqt5466AJ1A9G7G5J0J939Jkhczuv7B884A10133A2H537HHHGJH0I91AeB
клининг;Prof clean away, выездная клининговая компания;Клининг;проспект Суюнбая, 669;+77058283579 +77474996652;+77474996652;yes;;;instagram:https://instagram.com/prof_clean_away whatsapp:https://wa.me/77474996652 whatsapp:https://wa.me/77058283579 telegram:https://t.me/+77058283579;5;6;43.392293;77.005451;70000001083447100_8w29kn1578G23H83014GGG0GouEf5173G6G505A815554A21wpqt5466AJ1A9G7G5J0J939Jkhczuv7B884A10133A1H538HHHGJH0I91A59
клининг;Выездная клининговая компания;Клининг, Химчистки одежды и текстиля;;+77078581699;+77078581699;yes;;http://clean-house.taplink.ws/;instagram:https://instagram.com/uborka_clean_house whatsapp:https://wa.me/77078581699;;;;;70000001083584035_8w29kn1578G23H83014GGG0GouEf5173G6G505A815568714wpqt5466AJ1A9G7G5J0J939Jkhczuv7B884A10133A6H539HHHGJH0I91AeC
клининг;Cleanstart, клининговая компания;Клининг;улица Асыл Арман, 13;+77053447167;+77053447167;yes;;http://www.tiktok.com/@cleanstart.kz;instagram:https://instagram.com/Cleanstart_kz whatsapp:https://wa.me/77053447167;4.9;26;43.230214;76.750563;70000001084118386_8w29kn1578G23H83014GGG0GouEf5173G6G505A815621B49wpqt5466AJ1A9G7G5J0J939Jkhczuv7B884A10133A7H53AHHHGJH0I91Ade
клининг;ProfiClean, компания по химчистке мягкой мебели;Клининг;улица Еспаева, 79;+77072330340;+77072330340;yes;;http://taplink.cc/proficlean;instagram:https://instagram.com/proficlean_almaty whatsapp:https://wa.me/77072330340;4.9;46;43.254079;76.829073;70000001085619645_8w29kn1578G23H83014GGG0GouEf5173G6G505A815771C75wpqt5466AJ1A9G7G5J0J939Jkhczuv7B884A10133A6H53BHHHGJH0I91Aee
клининг;Чистое решение, клининговая компания;Клининг;5-й микрорайон, 38;+77471651883;+77471651883;yes;;;instagram:https://instagram.com/chistoe_reshenie_qonaev whatsapp:https://wa.me/77471651883;5;11;43.845732;77.051038;70000001087663757_8w29kn1578G23H83014GGG0GouEf5173G6G505A815976686wpqt5466AJ1A9G7G5J0J939Jkhczuv7B884A10133A8H544HHHGJH0I91Ah3
клининг;Rio Cleaning, ​клининговая компания;Клининг;улица Бальзака, 8 лит А;+77019716661;+77019716661;yes;;;whatsapp:https://wa.me/77019716661;;;43.224849;76.933636;70000001088166622_8w29kn1578G23H83014GGG0GouEf5173G6G505A815A26973wpqt5466AJ1A9G7G5J0J939Jkhczuv7B884A10133A3H545HHHGJH0I91A4B
клининг;Aigul_cleaning, выездная клининговая компания;Клининг;;+77771305093;+77771305093;yes;;;instagram:https://instagram.com/aigulcleaning whatsapp:https://wa.me/77771305093;3;1;;;70000001089211696_8w29kn1578G23H83014GGG0GouEf5173G6G505A815B3147Awpqt5466AJ1A9G7G5J0J939Jkhczuv7B884A10133A7H546HHHGJH0I91A3i
клининг;komfort.clean_kz, клининговая компания;Клининг, Устранение запахов сухим туманом и озонированием;микрорайон Самал-2, 24;+77054603439;+77054603439;yes;;;whatsapp:https://wa.me/77054603439;5;1;43.229208;76.956103;70000001089675553_8w29kn1578G23H83014GGG0GouEf5173G6G505A815B77866wpqt5466AJ1A9G7G5J0J939Jkhczuv7B884A10133A4H547HHHGJH0I91Ad6
клининг;Jaclean, выездная клининговая компания;Клининг;;+77781722803;+77781722803;yes;;;instagram:https://instagram.com/jaclean_uborka.konaev whatsapp:https://wa.me/77781722803;5;11;;;70000001089761145_8w29kn1578G23H83014GGG0GouEf5173G6G505A815B86425wpqt5466AJ1A9G7G5J0J939Jkhczuv7B884A10133A6H548HHHGJH0I91A83
клининг;Mclean, выездная клининговая компания по химчистке мягкой мебели;Клининг, Чистка ковров;;+77470677015;+77712368542;yes;;;instagram:https://instagram.com/almaty.mclean whatsapp:https://wa.me/77712368542;5;9;;;70000001091450469_8w29kn1578G23H83014GGG0GouEf5173G6G505A815355357wpqt5466AJ1A9G7G5J0J939Jkhczuv7B884A10133BAH54CHHHGJH0I91AAe
клининг;Crystal cleaning, клининговая компания;Клининг;улица Коктерек, 139 к14;+77473582628;+77473582628;yes;;;instagram:https://instagram.com/crystal_cleaning_02 whatsapp:https://wa.me/77473582628;4.9;24;43.21163;76.793809;70000001093663806_8w29kn1578G23H83014GGG0GouEf5173G6G505A815576691wpqt5466AJ1A9G7G5J0J939Jkhczuv7B884A10133B7H554HHHGJH0I91Ai9
клининг;Amanat clean, выездная компания;Клининг;;+77786343072;+77786343072;yes;;;instagram:https://instagram.com/amanat.clean whatsapp:https://wa.me/77786343072;;;;;70000001094201142_8w29kn1578G23H83014GGG0GouEf5173G6G505A815630425wpqt5466AJ1A9G7G5J0J939Jkhczuv7B884A10133B3H556HHHGJH0I91Af6
клининг;Diamond clean, центр чистки мебели;Клининг;улица Пушкина, 225;+77757228909;+77757228909;yes;;http://chistkover.kz;instagram:https://instagram.com/diamond_cleaan whatsapp:https://wa.me/77757228909 whatsapp:https://wa.me/77766301773;4.5;4;43.322168;77.085265;70000001094275831_8w29kn1578G23H83014GGG0GouEf5173G6G505A815637894wpqt5466AJ1A9G7G5J0J939Jkhczuv7B884A10133B2H557HHHGJH0I91Ad3
клининг;Easy likee, клининговая компания;Клининг;проспект Жибек Жолы, 54;+77077816763;+77077816763;yes;;;instagram:https://instagram.com/easy_like.e whatsapp:https://wa.me/77077816763;3.1;2;43.26197;76.953154;70000001094513885_8w29kn1578G23H83014GGG0GouEf5173G6G505A815661699wpqt5466AJ1A9G7G5J0J939Jkhczuv7B884A10133B6H55AHHHGJH0I91AAA
клининг;Cat-Cleaning, клининговая компания;Клининг;микрорайон Жетысу-4, 25;+77476517556;+77476517556;yes;;http://catcleaning.kz/;instagram:https://instagram.com/cat_cleaning_ whatsapp:https://wa.me/77476517556;4.8;10;43.218278;76.8366;70000001095150073_8w29kn1578G23H83014GGG0GouEf5173G6G505A815725318wpqt5466AJ1A9G7G5J0J939Jkhczuv7B884A10133B4H55CHHHGJH0I91ABB
клининг;Сleanlike, ​выездная клининговая компания;Клининг, Чистка ковров;;+77471094701;+77471094701;yes;;;instagram:https://instagram.com/cleanlike_service_ whatsapp:https://wa.me/77471094701;5;1;;;70000001096793998_8w29kn1578G23H83014GGG0GouEf5173G6G505A8158896AAwpqt5466AJ1A9G7G5J0J939Jkhczuv7B884A10133B9H563HHHGJH0I91Aif
клининг;Himchistkamebeli, выездная компания по химчистке мягкой мебели;Клининг;;+77473835289;+77473835289;yes;;http://himhistkamebel.kz;whatsapp:https://wa.me/77473835289;4.6;11;;;70000001096797912_8w29kn1578G23H83014GGG0GouEf5173G6G505A815889AA2wpqt5466AJ1A9G7G5J0J939Jkhczuv7B884A10133B3H564HHHGJH0I91AgA
клининг;Пчёлка, клининговая компания;Клининг;;+77072973298;+77072973298;;;;instagram:https://instagram.com/uborkapchelka.kz;1.4;1;;;70000001098047245_8w29kn1578G23H83014GGG0GouEf5173G6G505A815A14A35wpqt5466AJ1A9G7G5J0J939Jkhczuv7B884A10133B6H565HHHGJH0I91AAg
клининг;Aya Home, выездная клининговая компания;Клининг;;+77770368215 +77052688827;+77052688827;yes;;;whatsapp:https://wa.me/77052688827;5;5;;;70000001098082602_8w29kn1578G23H83014GGG0GouEf5173G6G505A815A18571wpqt5466AJ1A9G7G5J0J939Jkhczuv7B884A10133B3H566HHHGJH0I91A7B
клининг;Adal Tazalyk, выездная компания по химчистке мебели;Клининг;;+77775499286 +77772025702;+77772025702;yes;;;instagram:https://instagram.com/him_chistkadivana whatsapp:https://wa.me/77772025702 whatsapp:https://wa.me/77775499286 telegram:https://t.me/him_chistkadivana;;;;;70000001099174823_8w29kn1578G23H83014GGG0GouEf5173G6G505A815B27793wpqt5466AJ1A9G7G5J0J939Jkhczuv7B884A10133B4H568HHHGJH0I91Ahh
клининг;Наш Cleaning, выездная клининговая компания;Клининг;;+77077003865;+77077003865;yes;;;instagram:https://instagram.com/nash_cleaning_almaty whatsapp:https://wa.me/77077003865;5;9;;;70000001099446390_8w29kn1578G23H83014GGG0GouEf5173G6G505A815B5494Awpqt5466AJ1A9G7G5J0J939Jkhczuv7B884A10133B1H569HHHGJH0I91A4A
клининг;Выездная клининговая компания;Клининг;;+77089450743;+77089450743;yes;;;whatsapp:https://wa.me/77089450743 whatsapp:https://wa.me/77472307782;;;;;70000001099670961_8w29kn1578G23H83014GGG0GouEf5173G6G505A815B773A7wpqt5466AJ1A9G7G5J0J939Jkhczuv7B884A10133B2H56AHHHGJH0I91A6i
клининг;Выездная компания по химчистке мебели;Клининг, Чистка ковров;;+77057127581 +77054818542;+77057127581;yes;;;whatsapp:https://wa.me/77057127581 whatsapp:https://wa.me/77054818542;5;13;;;70000001099744599_8w29kn1578G23H83014GGG0GouEf5173G6G505A815B8476Awpqt5466AJ1A9G7G5J0J939Jkhczuv7B884A10133BAH56BHHHGJH0I91ABg
клининг;Выездная клининговая компания;Клининг;;+77079777356;+77079777356;yes;;;instagram:https://instagram.com/uborka.time_ whatsapp:https://wa.me/77079777356;;;;;70000001099930333_8w29kn1578G23H83014GGG0GouEf5173G6G505A815BA3344wpqt5466AJ1A9G7G5J0J939Jkhczuv7B884A10133B4H56CHHHGJH0I91Af8
клининг;taptaza_cleaning_service, выездная клининговая компания;Клининг;;+77079099108;+77029071881;yes;;;instagram:https://instagram.com/taptaza_cleaning_service whatsapp:https://wa.me/77029071881;4.9;16;;;70000001100038126_8w29kn1578G23H83014GGG0GouEf5173G6G505A815213B23wpqt5466AJ1A9G7G5J0J939Jkhczuv7B884A1013427H573HHHGJH0I91A6d
клининг;Tazalike service, ​выездная клининговая служба;Клининг;;+77084760414 +77015188493;+77084760414;;;;;;;;;70000001100140903_8w29kn1578G23H83014GGG0GouEf5173G6G505A8152243A1wpqt5466AJ1A9G7G5J0J939Jkhczuv7B884A1013424H574HHHGJH0I91Aef
клининг;Clean Ray, клининговая компания;Клининг;улица Туркебаева, 53а;+77075117057 +77778123477;+77778123477;yes;;;instagram:https://instagram.com/cleanray_service whatsapp:https://wa.me/77778123477;5;10;43.25629;76.877372;70000001100178982_8w29kn1578G23H83014GGG0GouEf5173G6G505A815227BA9wpqt5466AJ1A9G7G5J0J939Jkhczuv7B884A1013423H575HHHGJH0I91A7g
клининг;Mako Clening, клининговая компания;Клининг;;+77771256660;+77771256660;yes;;http://mako.cleaning;whatsapp:https://wa.me/77771256660;;;;;70000001100341629_8w29kn1578G23H83014GGG0GouEf5173G6G505A815244473wpqt5466AJ1A9G7G5J0J939Jkhczuv7B884A101342AH576HHHGJH0I91Ade
клининг;ideal_cleaning_almaty, ​выездная клининговая служба;Клининг;;+77712136640 +77712135540;+77712136640;yes;;;instagram:https://instagram.com/Ideal_cleaning_almaty whatsapp:https://wa.me/77712136640 whatsapp:https://wa.me/77712135540;4.7;12;;;70000001100708558_8w29kn1578G23H83014GGG0GouEf5173G6G505A815280B66wpqt5466AJ1A9G7G5J0J939Jkhczuv7B884A1013429H577HHHGJH0I91A4d
клининг;Express, выездная клининговая компания;Клининг;;+77761899000 +77078459000;+77761899000;yes;;;instagram:https://instagram.com/express_kilem whatsapp:https://wa.me/77761899000 whatsapp:https://wa.me/77078459000;;;;;70000001100790291_8w29kn1578G23H83014GGG0GouEf5173G6G505A81528933Awpqt5466AJ1A9G7G5J0J939Jkhczuv7B884A1013422H578HHHGJH0I91AB4
клининг;Чисто Lux, ​выездная клининговая компания;Клининг;;+77475241239;+77475241239;yes;;;instagram:https://instagram.com/chisto.lux.almaty whatsapp:https://wa.me/77475241239;;;;;70000001100860863_8w29kn1578G23H83014GGG0GouEf5173G6G505A815296397wpqt5466AJ1A9G7G5J0J939Jkhczuv7B884A1013424H579HHHGJH0I91AiB
клининг;Выездная компания по химчистке мягкой мебели;Клининг;;+77026855965 +77076855965;+77026855965;yes;;;instagram:https://instagram.com/himchistka_kasym whatsapp:https://wa.me/77026855965 whatsapp:https://wa.me/77076855965;;;;;70000001101775454_8w29kn1578G23H83014GGG0GouEf5173G6G505A815387856wpqt5466AJ1A9G7G5J0J939Jkhczuv7B884A1013425H57AHHHGJH0I91AAg
клининг;Freshly Almaty, выездная компания по химчистке мебели;Клининг;;+77081179366 +77078376827;+77081179366;yes;;http://freshly.kz;whatsapp:https://wa.me/77081179366 whatsapp:https://wa.me/77078376827;5;3;;;70000001103021392_8w29kn1578G23H83014GGG0GouEf5173G6G505A81551244Awpqt5466AJ1A9G7G5J0J939Jkhczuv7B884A1013423H57CHHHGJH0I91A96
клининг;Чисто как дома, клининговая компания;Клининг;;+77756475021 +77072774030;+77756475021;yes;;;whatsapp:https://wa.me/77756475021 whatsapp:https://wa.me/77072774030;;;;;70000001103092904_et5yy71578G23H83014GGG0Gk16nr973G6G505A8165195A1wpqt54672J1A1G7G6J0J939Jiei4uv7B884A1013425H633HHHGJH0I91A6e
клининг;Salta clean almaty, выездная клининговая компания;Клининг;;+77475633667;+77475633667;yes;;;instagram:https://instagram.com/salta.clean.almaty whatsapp:https://wa.me/77475633667;5;3;;;70000001103199454_et5yy71578G23H83014GGG0Gk16nr973G6G505A816529C56wpqt54672J1A1G7G6J0J939Jiei4uv7B884A1013425H634HHHGJH0I91AB8
клининг;Выездная клининговая компания;Клининг;;+77474089085;+77474089085;yes;;;whatsapp:https://wa.me/77474089085;;;;;70000001103323496_et5yy71578G23H83014GGG0Gk16nr973G6G505A81654265Awpqt54672J1A1G7G6J0J939Jiei4uv7B884A1013427H635HHHGJH0I91Ad8
клининг;Pro Clean, выездная клининговая служба;Клининг;;+77055458874;+77055458874;yes;;;instagram:https://instagram.com/proclean_almaty whatsapp:https://wa.me/77055458874;5;1;;;70000001103538845_et5yy71578G23H83014GGG0Gk16nr973G6G505A816563B95wpqt54672J1A1G7G6J0J939Jiei4uv7B884A1013426H636HHHGJH0I91A46
клининг;Almaz_clean.almaty, клининговая компания;Клининг;;+77715806573;+77715806573;yes;;;instagram:https://instagram.com/almaz_cleaning.almaty whatsapp:https://wa.me/77715806573;2.4;8;;;70000001103688165_et5yy71578G23H83014GGG0Gk16nr973G6G505A816578B27wpqt54672J1A1G7G6J0J939Jiei4uv7B884A1013426H637HHHGJH0I91Ad3
клининг;Prime cleaning, выездная клининговая компания;Клининг, Чистка ковров;;+77712160088;+77712160088;;;;instagram:https://instagram.com/prime.cleaning.almaty;1;3;;;70000001104068052_et5yy71578G23H83014GGG0Gk16nr973G6G505A816616B16wpqt54672J1A1G7G6J0J939Jiei4uv7B884A1013423H638HHHGJH0I91A47
клининг;Лучисто, клининговая компания;Клининг;проспект Райымбека, 512;+77088008173;+77088008173;yes;;http://luchisto.kz;instagram:https://instagram.com/luchisto.kz whatsapp:https://wa.me/77088008173;;;43.245366;76.838184;70000001104199593_et5yy71578G23H83014GGG0Gk16nr973G6G505A816629C6Awpqt54672J1A1G7G6J0J939Jiei4uv7B884A1013424H639HHHGJH0I91Ai5
клининг;Tazalyk Service, выездная компания;Клининг;;+77474507959;+77474507959;yes;;http://alisher3336.github.io/tazalyk.com.kz/;whatsapp:https://wa.me/77474507959;;;;;70000001105610527_et5yy71578G23H83014GGG0Gk16nr973G6G505A816771363wpqt54672J1A1G7G6J0J939Jiei4uv7B884A1013428H63AHHHGJH0I91AAd
клининг;Zhansaya Сleaning, клининговая компания;Клининг;;+77754132289;+77754132289;;;;instagram:https://instagram.com/zhansaya_cleaning24;4.9;20;;;70000001105683501_et5yy71578G23H83014GGG0Gk16nr973G6G505A816778661wpqt54672J1A1G7G6J0J939Jiei4uv7B884A1013422H63BHHHGJH0I91Aei
клининг;Clean Point, клининговая служба;Клининг, Чистка ковров;Чокина улица, 187;+77759928655;+77759928655;yes;;;whatsapp:https://wa.me/77759928655;5;13;43.251609;76.909314;70000001105869475_et5yy71578G23H83014GGG0Gk16nr973G6G505A816796C58wpqt54672J1A1G7G6J0J939Jiei4uv7B884A1013426H63CHHHGJH0I91A4i
клининг;Idealclean house, выездной центр чистки мебели;Клининг;;+77471575739;+77471575739;yes;;;instagram:https://instagram.com/idealclean_house.kz whatsapp:https://wa.me/77471575739;;;;;70000001106038167_et5yy71578G23H83014GGG0Gk16nr973G6G505A816813B27wpqt54672J1A1G7G6J0J939Jiei4uv7B884A1013428H643HHHGJH0I91Af5
клининг;Comfort-Cleaning;Клининг;;+77011773572;+77011773572;;;http://comfort-cleaning.kz;instagram:https://instagram.com/comfort_cleaning.kz;;;;;70000001109726079_et5yy71578G23H83014GGG0Gk16nr973G6G505A816B82918wpqt54672J1A1G7G6J0J939Jiei4uv7B884A101342AH646HHHGJH0I91A33
клининг;Выездная клининговая компания;Клининг;;+77768472270;+77768472270;;;;instagram:https://instagram.com/klining_.almaty;;;;;70000001109859714_et5yy71578G23H83014GGG0Gk16nr973G6G505A816B95C82wpqt54672J1A1G7G6J0J939Jiei4uv7B884A1013425H647HHHGJH0I91Ae8
клининг;Чистый дом, офис;Клининг, Чистка ковров;улица Аркалык, 113;+77775810077 +77754180777;+77754180777;yes;k.kompaniya-chistyidom@mail.ru;http://chistyidom.kz/;whatsapp:https://wa.me/77754180777 whatsapp:https://wa.me/77775810077;5;97;43.323217;76.840146;70000001109890694_et5yy71578G23H83014GGG0Gk16nr973G6G505A816B9937Awpqt54672J1A1G7G6J0J939Jiei4uv7B884A1013425H648HHHGJH0I91AB6
клининг;Выездная клининговая служба;Клининг;;+77056439979;+77056439979;yes;;;whatsapp:https://wa.me/77056439979;;;;;70000001109973594_et5yy71578G23H83014GGG0Gk16nr973G6G505A816BA766Awpqt54672J1A1G7G6J0J939Jiei4uv7B884A1013425H649HHHGJH0I91A97
клининг;Выездная клининговая компания;Клининг;;+77056581677;+77056581677;yes;;;whatsapp:https://wa.me/77056581677;;;;;70000001110144460_et5yy71578G23H83014GGG0Gk16nr973G6G505A816224757wpqt54672J1A1G7G6J0J939Jiei4uv7B884A1013431H64AHHHGJH0I91AA3
клининг;Octo Cleaning, клининговая компания;Клининг;проспект Турара Рыскулова, 61Б;+77003004504;+77003004504;yes;;http://octocleaning.kz/;instagram:https://instagram.com/octo.cleaning whatsapp:https://wa.me/77003004504;5;15;43.287824;76.918201;70000001110510764_et5yy71578G23H83014GGG0Gk16nr973G6G505A816261387wpqt54672J1A1G7G6J0J939Jiei4uv7B884A1013435H64BHHHGJH0I91Ad9
клининг;Bez pyaten, химчистка мягкой мебели;Клининг;микрорайон Кокжиек, 27;+77066411475;+77066411475;yes;;http://tiktok.com/@bez_pyaten_kz;instagram:https://instagram.com/bez_pyaten_kz whatsapp:https://wa.me/77066411475;5;5;43.358664;76.92283;70000001110667033_et5yy71578G23H83014GGG0Gk16nr973G6G505A816276A14wpqt54672J1A1G7G6J0J939Jiei4uv7B884A1013434H64CHHHGJH0I91AA5
клининг;Ainaday, клининговая компания;Клининг;;+77752255555;+77752255555;yes;;;whatsapp:https://wa.me/77752255555;5;5;;;70000001110713034_et5yy71578G23H83014GGG0Gk16nr973G6G505A816281614wpqt54672J1A1G7G6J0J939Jiei4uv7B884A1013435H653HHHGJH0I91AgB
клининг;TazaLait, выездная клининговая компания;Клининг;;+77087150089;+77087150089;yes;;;instagram:https://instagram.com/tazalait whatsapp:https://wa.me/77087150089;3;2;;;70000001111154015_et5yy71578G23H83014GGG0Gk16nr973G6G505A816325712wpqt54672J1A1G7G6J0J939Jiei4uv7B884A1013436H654HHHGJH0I91A6C
клининг;Академия Клининга;Клининг;улица Саина, 12а/1;+77052441539;+77052441539;;;;;;;43.243875;76.839658;70000001111764036_et5yy71578G23H83014GGG0Gk16nr973G6G505A816386714wpqt54672J1A1G7G6J0J939Jiei4uv7B884A1013437H656HHHGJH0I91A85
клининг;Taza one;Клининг;Закарпатская улица, 17;+77079728984;+77079728984;;;;instagram:https://instagram.com/tazaone.kz;;;43.348602;77.006935;70000001111768731_et5yy71578G23H83014GGG0Gk16nr973G6G505A816386B84wpqt54672J1A1G7G6J0J939Jiei4uv7B884A1013432H657HHHGJH0I91A38
клининг;Выездная химчистка мягкой мебели;Клининг;;+77078398480 +77770298976;+77078398480;yes;;;whatsapp:https://wa.me/77078398480 whatsapp:https://wa.me/77770298976;;;;;70000001112327763_et5yy71578G23H83014GGG0Gk16nr973G6G505A816442A87wpqt54672J1A1G7G6J0J939Jiei4uv7B884A1013434H658HHHGJH0I91AAe
клининг;Cleaning Service, выездная компания химчистки мягкой мебели;Клининг;улица Жуалы, 177;+77768474165 +77770447131;+77768474165;yes;;;whatsapp:https://wa.me/77768474165 whatsapp:https://wa.me/77770447131 instagram:https://instagram.com/adil_sofa_cleaning;4.8;11;43.220308;76.796774;70000001112421672_et5yy71578G23H83014GGG0Gk16nr973G6G505A816452478wpqt54672J1A1G7G6J0J939Jiei4uv7B884A1013433H659HHHGJH0I91Ae9
клининг;Premiumblesk Almaty, выездная клининговая компания;Клининг;;+77003075778;+77003075778;yes;;;whatsapp:https://wa.me/77003075778;;;;;70000001112437500_et5yy71578G23H83014GGG0Gk16nr973G6G505A816453A61wpqt54672J1A1G7G6J0J939Jiei4uv7B884A1013431H65AHHHGJH0I91Ai9
клининг;Eco Crystall Almaty, офис;Клининг;проспект Райымбека, 208а;+77714660669;+77714660669;yes;;;whatsapp:https://wa.me/77714660669;;;43.26135;76.89536;70000001112475102_et5yy71578G23H83014GGG0Gk16nr973G6G505A816457821wpqt54672J1A1G7G6J0J939Jiei4uv7B884A1013433H65BHHHGJH0I91ACf
клининг;Brutal cleaning, выездная компания по химчистке мебели;Клининг;;+77786155055 +77057200279;+77786155055;yes;;;instagram:https://instagram.com/brutal_cleaning_almaty whatsapp:https://wa.me/77786155055 whatsapp:https://wa.me/77057200279;5;1;;;70000001112605385_et5yy71578G23H83014GGG0Gk16nr973G6G505A816470849wpqt54672J1A1G7G6J0J939Jiei4uv7B884A1013436H65CHHHGJH0I91Aih
клининг;Resq Cleaning Service, выездная клининговая компания;Клининг;;+77771809020;+77771809020;yes;;;instagram:https://instagram.com/resq.cleaning whatsapp:https://wa.me/77771809020;5;10;;;70000001112622032_et5yy71578G23H83014GGG0Gk16nr973G6G505A816472514wpqt54672J1A1G7G6J0J939Jiei4uv7B884A1013433H663HHHGJH0I91A8f
клининг;BultCleaning.kz, выездная клининговая компания;Клининг;;+77072295940;+77072295940;yes;;;instagram:https://instagram.com/bultcleaning.kz whatsapp:https://wa.me/77072295940;5;3;;;70000001112676220_et5yy71578G23H83014GGG0Gk16nr973G6G505A816477933wpqt54672J1A1G7G6J0J939Jiei4uv7B884A1013431H664HHHGJH0I91A74
клининг;Выездная клининговая компания;Клининг;;+77069080898;+77069080898;yes;;;whatsapp:https://wa.me/77069080898;;;;;70000001112810537_et5yy71578G23H83014GGG0Gk16nr973G6G505A816491364wpqt54672J1A1G7G6J0J939Jiei4uv7B884A1013438H665HHHGJH0I91A9A
клининг;​Выездная клининговая компания;Клининг;;+77471830785;+77471830785;yes;;;instagram:https://instagram.com/zakaz_clean whatsapp:https://wa.me/77471830785;;;;;70000001112999209_et5yy71578G23H83014GGG0Gk16nr973G6G505A8164A9C31wpqt54672J1A1G7G6J0J939Jiei4uv7B884A101343AH666HHHGJH0I91Ahd
клининг;Выездная химчистка мягкой мебели;Клининг;;+77052505554;+77052505554;yes;;;instagram:https://instagram.com/Clean_Almaty_pro whatsapp:https://wa.me/77052505554;;;;;70000001113230753_et5yy71578G23H83014GGG0Gk16nr973G6G505A816533386wpqt54672J1A1G7G6J0J939Jiei4uv7B884A1013434H667HHHGJH0I91A59
клининг;Aiya Cleaning, выездная клининговая компания;Клининг;;+77471397086;+77471397086;yes;;;instagram:https://instagram.com/aiya_cleaning_kz whatsapp:https://wa.me/77471397086;;;;;70000001113278530_et5yy71578G23H83014GGG0Gk16nr973G6G505A816537B64wpqt54672J1A1G7G6J0J939Jiei4uv7B884A1013431H668HHHGJH0I91AB7
клининг;Выездная клининговая компания;Клининг;улица Медицинская, 16;+77011727170 +77471700369;+77471700369;yes;;;whatsapp:https://wa.me/77471700369 whatsapp:https://wa.me/77011727170 telegram:https://t.me/dikosha_77;5;5;43.205725;76.780337;70000001113372168_et5yy71578G23H83014GGG0Gk16nr973G6G505A816547527wpqt54672J1A1G7G6J0J939Jiei4uv7B884A1013439H669HHHGJH0I91Ahf
клининг;saficlean_almaty, выездная клининговая служба;Клининг;;+77008678839;+77008678839;yes;;;instagram:https://instagram.com/saficlean_almaty whatsapp:https://wa.me/77008678839;;;;;70000001113427629_et5yy71578G23H83014GGG0Gk16nr973G6G505A816552A73wpqt54672J1A1G7G6J0J939Jiei4uv7B884A101343AH66AHHHGJH0I91ACe
клининг;Nurly.cleaning, клининговая компания;Клининг;;+77073431259;+77073431259;yes;;;instagram:https://instagram.com/nurly.cleaning whatsapp:https://wa.me/77073431259;;;;;70000001113613135_et5yy71578G23H83014GGG0Gk16nr973G6G505A816571624wpqt54672J1A1G7G6J0J939Jiei4uv7B884A1013436H66CHHHGJH0I91AAd
клининг;Bg cleaning, выездной клининг;Клининг;;+77774422392;+77774422392;yes;;;instagram:https://instagram.com/bg_cleaning_zharkent whatsapp:https://wa.me/77774422392;;;;;70000001113630740_et5yy71578G23H83014GGG0Gk16nr973G6G505A816573385wpqt54672J1A1G7G6J0J939Jiei4uv7B884A1013431H673HHHGJH0I91Ag5
клининг;Tazalyq cleaning;Клининг;;+77073258810;+77711330925;yes;;;whatsapp:https://wa.me/77711330925 whatsapp:https://wa.me/77073258810;5;7;;;70000001113867124_et5yy71578G23H83014GGG0Gk16nr973G6G505A816596A23wpqt54672J1A1G7G6J0J939Jiei4uv7B884A1013435H676HHHGJH0I91A68
клининг;Clean expert, клининговая компания;Клининг;;+77010534000;+77010534000;yes;;;instagram:https://instagram.com/clean_expertkz whatsapp:https://wa.me/77010534000;;;;;70000001114088610_et5yy71578G23H83014GGG0Gk16nr973G6G505A816618B72wpqt54672J1A1G7G6J0J939Jiei4uv7B884A1013431H678HHHGJH0I91Ahh
клининг;Aierom cleaning, клининговая компания;Клининг;улица Кенбаева, 10;+77076085488;+77076085488;yes;;;whatsapp:https://wa.me/77076085488;;;43.200554;76.822478;70000001114186717_et5yy71578G23H83014GGG0Gk16nr973G6G505A816628982wpqt54672J1A1G7G6J0J939Jiei4uv7B884A1013438H679HHHGJH0I91ABh
клининг;Мастер Химчистки, выездная клининговая компания;Клининг, Уход за пухо-перьевыми изделиями;;+77080144584;+77080144584;yes;;;whatsapp:https://wa.me/77080144584;;;;;70000001114417039_et5yy71578G23H83014GGG0Gk16nr973G6G505A816651A14wpqt54672J1A1G7G6J0J939Jiei4uv7B884A101343AH67AHHHGJH0I91A4h
клининг;TazaHome, выездная компания;Клининг, Чистка ковров, Обслуживание бассейнов;микрорайон Самал-1, 1а;+77780524348 +77750632308;+77780524348;yes;;;instagram:https://instagram.com/tazahome.kz whatsapp:https://wa.me/77780524348 whatsapp:https://wa.me/77750632308;5;4;43.237931;76.955889;70000001114419781_et5yy71578G23H83014GGG0Gk16nr973G6G505A816651C89wpqt54672J1A1G7G6J0J939Jiei4uv7B884A1013432H67BHHHGJH0I91A4e
клининг;Unity Cleaning, выездная клининговая компания;Клининг, Уход за пухо-перьевыми изделиями;микрорайон Мушелтой, 17;+77083976378;+77083976378;yes;;;instagram:https://instagram.com/unity_clean_kz whatsapp:https://wa.me/77083976378;;;45.000996;78.35544;70000001114423897_et5yy71578G23H83014GGG0Gk16nr973G6G505A81665269Awpqt54672J1A1G7G6J0J939Jiei4uv7B884A1013438H67CHHHGJH0I91Ah7
фитнес клуб;БАНЗАЙ Fitness, сеть фитнес-клубов;Фитнес-клубы, Тренажёрные залы, Велнес-залы, Спортивное питание;проспект Турара Рыскулова, 143в;+77272474546 +77078000569;+77078000569;yes;banzai4info@gmail.com;http://banzai.kz;instagram:https://instagram.com/banzai4me facebook:https://facebook.com/banzai4me vkontakte:https://vk.com/banzai4me telegram:https://t.me/banzai4me instagram:https://instagram.com/banzai_gym_domillion whatsapp:https://wa.me/77078000569;4.9;528;43.254066;76.838796;9429940000826270_djyfEb1578G23HA72AI0GGGG8u62td73G6G505A816A36581wpqt54673J1A2G7G1J6BI5GJ1gAluv7B884AA41232H1H4J3HH1J36Ac5
фитнес клуб;Adrenaline, фитнес-центр;Фитнес-клубы, Тренажёрные залы, Обучение танцам, Спортивное питание, Обучение фитнес-инструкторов;проспект Жибек Жолы, 66;+77714473737;+77714473737;yes;sales@adrenaline.kz;http://www.adrenaline.kz;instagram:https://instagram.com/adrenaline_kz facebook:https://facebook.com/Adrenaline-Kz-529339027243967 whatsapp:https://wa.me/77714473737;4.9;635;43.262209;76.949666;70000001019179509_djyfEb1578G23H8301IG0GGG8u62td73G6G505A816B27C61wpqt54673J1A2G7G1J29AJ2J1gAluv7B884A101333AH2J4HHHG4H28Aeb
фитнес клуб;K1 Fitness;Фитнес-клубы, Тренажёрные залы;улица Каныша Сатпаева, 90;+77273102816;+77273102816;;;http://k1fitness.kz;instagram:https://instagram.com/k1fitness_kz;4.6;40;43.232667;76.877795;70000001114890673_djyfEb1578G23H8301IG0GGG8u62td73G6G505A816699378wpqt54673J1A2G7G1J29AJ2J1gAluv7B884A1013434H3J4HHHG4H28A4d
фитнес клуб;YA., фитнес-студия;Фитнес-клубы, Центры йоги, Обучение танцам, Спортивные секции;проспект Достык, 116;+77006133013 +77003080014 +77072093893;+77006133013;;ya.fitalmaty@gmail.com;http://yafitness.kz;instagram:https://instagram.com/ya.fitstudio;4.8;202;43.239756;76.95809;70000001103022307_djyfEb1578G23H8301IG0GGG8u62td73G6G505A816512541wpqt54673J1A2G7G1J29AJ2J1gAluv7B884A1013428H4J4HHHG4H28Adf
фитнес клуб;Underground Big, фитнес-клуб;Фитнес-клубы, Тренажёрные залы;проспект Абая, 150;+77478417725;+77478417725;yes;;;whatsapp:https://wa.me/77478417725;4.8;448;43.237742;76.884008;70000001110164519_djyfEb1578G23H8301IG0GGG8u62td73G6G505A816226762wpqt54673J1A2G7G1J29AJ2J1gAluv7B884A101343AH5J4HHHG4H28A6g
фитнес клуб;Uniflex, спортивно-оздоровительный комплекс;Фитнес-клубы, Бассейны, Аквааэробика, Тренажёрные залы, Спортивные секции, Обучение танцам, Центры йоги;микрорайон Жетысу-2, 2а;+77273731919 +77756606679 +77081708476;+77756606679;yes;uniflex-07@mail.ru;http://www.uniflex.kz;facebook:https://facebook.com/uniflex.sport.fitness instagram:https://instagram.com/uniflex_sport_fitness whatsapp:https://wa.me/77756606679;4.8;1364;43.224281;76.842081;9429940000790843_djyfEb1578G23HA72AI0GGGG8u62td73G6G505A8169A0B54wpqt54673J1A2G7G1J6BI5GJ1gAluv7B884AA41232H6H4J3HH1J36Ad8
фитнес клуб;Budokan Sports & Arts, центр спорта и искусств;Фитнес-клубы, Бассейны, Тренажёрные залы, Центры йоги, Спортивные секции;улица Сагадат Нурмагамбетов, 150;+77470953333;+77470953333;yes;info@budokan.kz;;instagram:https://instagram.com/budokan_hta whatsapp:https://wa.me/77470953333;4.9;238;43.263556;76.982631;70000001051268778_djyfEb1578G23H8301IG0GGG8u62td73G6G505A816336B88wpqt54673J1A2G7G1J29AJ2J1gAluv7B884A1013379H7J4HHHG4H28A62
фитнес клуб;Forme, женская фитнес-студия;Фитнес-клубы, Тренажёрные залы;проспект Аль-Фараби, 41/7 блок 8;+77022222566;+77022222566;yes;;http://forme.kz;instagram:https://instagram.com/forme.women whatsapp:https://wa.me/77022222566;5;16;43.227949;76.937587;70000001105983335_djyfEb1578G23H8301IG0GGG8u62td73G6G505A8167A8644wpqt54673J1A2G7G1J29AJ2J1gAluv7B884A1013426H8J4HHHG4H28A6f
фитнес клуб;Gym arena;Фитнес-клубы, Тренажёрные залы, Спортивные секции;проспект Суюнбая, 261а;+77781110305;+77781110305;yes;;http://70000001089018799.2gis.biz/;instagram:https://instagram.com/gymarena_almaty whatsapp:https://wa.me/77781110305;4.9;229;43.325669;76.961051;70000001040163036_djyfEb1578G23H8301IG0GGG8u62td73G6G505A816226614wpqt54673J1A2G7G1J29AJ2J1gAluv7B884A1013367H9J4HHHG4H28AfA
фитнес клуб;Progym, фитнес-клуб;Фитнес-клубы, Тренажёрные залы;улица Калдаякова, 17;+77089354880 +77476504624;+77089354880;yes;;;instagram:https://instagram.com/progymkz whatsapp:https://wa.me/77089354880;4.9;407;43.261481;76.956487;70000001019509665_djyfEb1578G23H8301IG0GGG8u62td73G6G505A816B60C77wpqt54673J1A2G7G1J29AJ2J1gAluv7B884A1013336HAJ4HHHG4H28A44
фитнес клуб;Q Fitness, фитнес-клуб;Фитнес-клубы, Тренажёрные залы, Спортивные секции;Республики площадь, 15;+77018042211;+77018042211;yes;info.qaharmanfit@gmail.com;;instagram:https://instagram.com/qfitness.kz whatsapp:https://wa.me/77018042211;4.9;379;43.238636;76.942344;70000001038640677_djyfEb1578G23H8301IGG0GG8u62td73G6G505A816A74378wpqt54673J1A2G7G1JG58BG51gAluv7B884A1013358H23J2HHGJ2G489Ae
фитнес клуб;Formula fitness & sport studio, центр здорового образа жизни;Фитнес-клубы, Спортивные секции, Центры йоги, Обучение танцам, Массажист;1-й квартал, 12а;+77082000542;+77066020542;yes;;;instagram:https://instagram.com/formula_fitness_sport whatsapp:https://wa.me/77066020542;4.8;19;43.173386;76.784236;70000001094582730_djyfEb1578G23H8301IGG0GG8u62td73G6G505A816668584wpqt54673J1A2G7G1JG58BG51gAluv7B884A10133B1H24J2HHGJ2G4894f
фитнес клуб;Zip Fit, фитнес-клуб;Фитнес-клубы, Тренажёрные залы;улица Бальзака, 8 лит В;+77002101002;+77002101002;yes;zip.fit@mail.ru;http://zipfit.tilda.ws/;instagram:https://instagram.com/zipfit.almaty whatsapp:https://wa.me/77002101002;5;101;43.22561;76.933418;70000001094800009_djyfEb1578G23H8301IGG0GG8u62td73G6G505A816690311wpqt54673J1A2G7G1JG58BG51gAluv7B884A10133BAH25J2HHGJ2G4895C
фитнес клуб;Mind Of Body, фитнес-клуб;Фитнес-клубы, Тренажёрные залы;улица Наурызбай батыра, 10а;+77772000272 +77272793774;+77772000272;yes;mindofbody_almaty@mail.ru;;instagram:https://instagram.com/mindofbody.almaty whatsapp:https://wa.me/77772000272;4.9;434;43.267635;76.934804;70000001026899084_djyfEb1578G23H8301IGG0GG8u62td73G6G505A816899C19wpqt54673J1A2G7G1JG58BG51gAluv7B884A1013345H26J2HHGJ2G4891i
фитнес клуб;BossTangym, фитнес-клуб;Фитнес-клубы, Тренажёрные залы, Центры йоги, Спортивные секции;улица Маметовой, 67;+77075552277;+77075552277;yes;bosstangym67@gmail.com;;instagram:https://instagram.com/bosstangym whatsapp:https://wa.me/77075552277 telegram:https://t.me/+77075552277;4.9;354;43.267266;76.933289;70000001065624470_djyfEb1578G23H8301IGG0GG8u62td73G6G505A816772758wpqt54673J1A2G7G1JG58BG51gAluv7B884A1013381H27J2HHGJ2G489f3
фитнес клуб;Tamos Family Club, спортивный комплекс;Фитнес-клубы, Бассейны, Спортивные секции, Тренажёрные залы, Курсы творчества для детей;улица Какимбека Салыкова, 50/1;+77475700705;+77475700705;yes;tamosfamilyfit@gmail.com;;instagram:https://instagram.com/tamosfamilyclub whatsapp:https://wa.me/77475700705;4.9;259;43.167538;76.909644;70000001032641677_djyfEb1578G23H8301IGG0GG8u62td73G6G505A816474478wpqt54673J1A2G7G1JG58BG51gAluv7B884A1013358H28J2HHGJ2G4899A
фитнес клуб;Grandpool, фитнес-центр;Фитнес-клубы, Аквааэробика, Тренажёрные залы, Обучение танцам, Спортивные секции, Бассейны;Ораза Жандосова улица, 55/9;+77785388746 +77780089060;+77780089060;yes;asset-almaty@mail.ru;;instagram:https://instagram.com/grandpool_fitness_kz whatsapp:https://wa.me/77780089060;4.8;387;43.215762;76.871154;9429940001260729_djyfEb1578G23HA72AIG0GGG8u62td73G6G505A816470A3Awpqt54673J1A2G7G1J29AJ2J1gAluv7B884AA41233H27J4HHHG4H28Abc
фитнес клуб;Power Pilates;Фитнес-клубы;проспект Назарбаева, 301;+77086133744 +77476798363 +77082340095;+77476798363;yes;;;whatsapp:https://wa.me/77476798363 instagram:https://instagram.com/powerpilates_almaty whatsapp:https://wa.me/77082340095;4.9;67;43.221708;76.953182;70000001093972510_djyfEb1578G23H8301IGG0GG8u62td73G6G505A8165A7562wpqt54673J1A2G7G1JG58BG51gAluv7B884A10133B1H2AJ2HHGJ2G48978
фитнес клуб;THE SPA RIXOS ALMATY, SPA-центр;Фитнес-клубы, Массажист, Тренажёрные залы, Бани и сауны, SPA-процедуры;проспект Сейфуллина, 506;+77273003330 +77012144332;+77012144332;yes;thespa.almaty@accor.com;;facebook:https://facebook.com/thesparixosalmaty instagram:https://instagram.com/rixosalmaty_spa whatsapp:https://wa.me/77012144332;4.9;92;43.249469;76.934037;9429940000940098_djyfEb1578G23HA72AIG0GGG8u62td73G6G505A816B503A9wpqt54673J1A2G7G1J29AJ2J1gAluv7B884AA41232H29J4HHHG4H28Acb
фитнес клуб;Dance Studio 29, компания;Фитнес-клубы, Обучение танцам, Творческие коллективы;улица Гоголя, 84а;+77074853110;+77074853110;yes;dancestudio29@mail.ru;;instagram:https://instagram.com/dancestudio29 whatsapp:https://wa.me/77074853110;4.9;164;43.258757;76.936981;9429940001397400_djyfEb1578G23HA72AIG0GGG8u62td73G6G505A8165A7711wpqt54673J1A2G7G1J29AJ2J1gAluv7B884AA41233H2AJ4HHHG4H28Ab1
фитнес клуб;Wellness Club LUXOR, спортивно-оздоровительный комплекс;Фитнес-клубы, Тренажёрные залы, SPA-процедуры, Массажист, Аренда спортивных площадок, Бассейны, Спортивные секции, Курсы творчества для детей, Центры раннего развития детей;проспект Достык, 341;+77272677577 +77272677555 +77017872173 +77476339659;+77272677577;;office@luxor.kz;http://www.luxor.kz;instagram:https://instagram.com/luxor.kz;4.9;214;43.207511;76.970002;9429940000793983_djyfEb1578G23HA72AIG0GGG8u62td73G6G505A8169A3C94wpqt54673J1A2G7G1J29AJ2J1gAluv7B884AA41232H31J4HHHG4H28A4b
фитнес клуб;WORKOUT, сеть фитнес-клубов;Фитнес-клубы, Тренажёрные залы, Обучение танцам;улица Карасай батыра, 12 блок 2;+77472102110;+77472102110;yes;;;instagram:https://instagram.com/workoutgym.kz whatsapp:https://wa.me/77472102110;2.8;18;43.295225;77.032166;70000001110869934_djyfEb1578G23H8301IGG0GG8u62td73G6G505A816296CA4wpqt54673J1A2G7G1JG58BG51gAluv7B884A1013435H34J2HHGJ2G48983
фитнес клуб;Yfitness & Spa, спортивно-оздоровительный комплекс;Фитнес-клубы, Тренажёрные залы, Бассейны, Спортивные секции;улица Герольда Бельгера, 50;+77025550222;+77025550222;yes;yfit.spafiness@mail.ru;;instagram:https://instagram.com/yfitspa whatsapp:https://wa.me/77025550222;4.7;640;43.194257;76.839128;70000001033971827_djyfEb1578G23H8301IGG0GG8u62td73G6G505A8165A7493wpqt54673J1A2G7G1JG58BG51gAluv7B884A1013358H35J2HHGJ2G4893h
фитнес клуб;PULS studio, студия танца и спорта;Фитнес-клубы, Обучение танцам;проспект Гагарина, 66Б;+77052061420 +77002061420;+77052061420;yes;kristin0407@mail.ru;;instagram:https://instagram.com/puls.kids.almaty whatsapp:https://wa.me/77052061420;5;17;43.245027;76.89508;70000001105229980_djyfEb1578G23H8301IGG0GG8u62td73G6G505A816732CA9wpqt54673J1A2G7G1JG58BG51gAluv7B884A1013421H36J2HHGJ2G4894C
фитнес клуб;Hawaii Fitness, фитнес-центр;Фитнес-клубы, Тренажёрные залы;Ташкентский тракт, 17к;+77717752576;+77717752576;yes;;;instagram:https://instagram.com/hawaii_fitness_kz whatsapp:https://wa.me/77717752576;4.9;136;43.233796;76.775938;70000001022335816_djyfEb1578G23H8301IGG0GG8u62td73G6G505A816443892wpqt54673J1A2G7G1JG58BG51gAluv7B884A1013347H37J2HHGJ2G4891A
фитнес клуб;KRIDA Fitness Club, фитнес-клуб;Фитнес-клубы, Спортивные секции, Обучение танцам, Тренажёрные залы;улица Наурызбай батыра, 89;+77019717191;+77019719181;yes;reception@krida.kz;http://krida.kz;instagram:https://instagram.com/kridafitness whatsapp:https://wa.me/77019719181;4.9;231;43.248331;76.936763;9429940000896337_djyfEb1578G23HA72AIG0GGG8u62td73G6G505A816AA6648wpqt54673J1A2G7G1J29AJ2J1gAluv7B884AA41232H36J4HHHG4H28A94
фитнес клуб;Kaktus Fit, фитнес-клуб;Фитнес-клубы, Тренажёрные залы, Спортивное питание;проспект Абылай хана, 167;+77772569392;+77772569392;yes;;;instagram:https://instagram.com/kaktus_fit whatsapp:https://wa.me/77772569392;4.9;182;43.200207;76.631931;70000001100616527_djyfEb1578G23H8301IGG0GG8u62td73G6G505A816271963wpqt54673J1A2G7G1JG58BG51gAluv7B884A1013428H39J2HHGJ2G48989
фитнес клуб;Avantgarde, фитнес-клуб;Фитнес-клубы, Тренажёрные залы, Фитнес-консалтинг;улица Навои, 7;+77026638840 +77071275645;+77071275645;yes;info@avantfit.kz;http://avantfit.kz;instagram:https://instagram.com/avantgarde_gym_navoi whatsapp:https://wa.me/77071275645;4.9;461;43.218713;76.87975;70000001080965388_djyfEb1578G23H8301IGG0GG8u62td73G6G505A8162A6849wpqt54673J1A2G7G1JG58BG51gAluv7B884A10133A9H3AJ2HHGJ2G48969
фитнес клуб;Balance, женская фитнес-студия;Фитнес-клубы, Центры йоги, Обучение танцам, Спортивные секции;улица Толе би, 101;+77001803030;+77475150904;yes;;http://blnc.space;instagram:https://instagram.com/balance.space whatsapp:https://wa.me/77475150904;4.9;1030;43.253906;76.925307;70000001055584527_djyfEb1578G23H8301IGG0GG8u62td73G6G505A816768763wpqt54673J1A2G7G1JG58BG51gAluv7B884A1013378H3BJ1HHGJ1G48927
фитнес клуб;Invictus Fitness Gagarin, фитнес-клуб;Фитнес-клубы, Тренажёрные залы, Спортивные секции, Обучение танцам;проспект Гагарина, 286;+77470940084 +77071080008;+77007770720;yes;;http://invictus.kz/clubs?utm_source=2gis&utm_medium=cpa&utm_campaign=company_profile http://invictus.kz/clubs/fitness/invictus-gagarin?utm_source=2gis&utm_medium=cpc&utm_campaign=gagarin;facebook:https://facebook.com/invictusalmaty instagram:https://instagram.com/invictusfitnesskz whatsapp:https://wa.me/77007770720;4.8;624;43.205156;76.899298;70000001022013096_djyfEb1578G23H8301IGG0GG8u62td73G6G505A81641161Awpqt54673J1A2G7G1JG58BG51gAluv7B884A1013347H43J1HHGJ1G489eh
фитнес клуб;Rakhat Fitness, спортивный клуб;Фитнес-клубы, Тренажёрные залы, Бассейны, Аквааэробика;проспект Абая, 48;+77474664398;+77474664398;yes;;http://rakhat-fitness.kz;instagram:https://instagram.com/rakhatfitness facebook:https://facebook.com/rakhatfitness whatsapp:https://wa.me/77474664398 whatsapp:https://wa.me/77027403891;4.9;474;43.240235;76.922142;9429940000896000_djyfEb1578G23HA72AIG0GGG8u62td73G6G505A816AA6311wpqt54673J1A2G7G1J29AJ2J1gAluv7B884AA41232H42J3HHHG3H28A86
фитнес клуб;Piramid Strong Pro, тренажерный зал;Фитнес-клубы, Тренажёрные залы;микрорайон Мирас, 128/5;+77760939046;+77760939046;yes;;;whatsapp:https://wa.me/77760939046;4.4;369;43.18481;76.868595;70000001101215558_djyfEb1578G23H8301IGG0GG8u62td73G6G505A816331866wpqt54673J1A2G7G1JG58BG51gAluv7B884A1013429H45J1HHGJ1G489g9
фитнес клуб;Woom, женский фитнес-клуб;Фитнес-клубы, Бассейны, Тренажёрные залы;проспект Сейфуллина, 597/7;+77080292020;+77080292020;yes;;http://woom.kz;instagram:https://instagram.com/woom.fit whatsapp:https://wa.me/77080292020;4.8;210;43.23865;76.932852;70000001103539108_djyfEb1578G23H8301IGG0GG8u62td73G6G505A816563C21wpqt54673J1A2G7G1JG58BG51gAluv7B884A1013429H46J1HHGJ1G4895g
фитнес клуб;Invictus Girls, фитнес-клуб;Фитнес-клубы;проспект Абая, 160 к3/1;+77070204010 +77071047727;+77071047727;yes;;http://invictus.kz;instagram:https://instagram.com/invictus.girls whatsapp:https://wa.me/77071047727 whatsapp:https://wa.me/77070204010;4.7;187;43.236774;76.881262;70000001104434815_djyfEb1578G23H8301IGG0GG8u62td73G6G505A816653792wpqt54673J1A2G7G1JG58BG51gAluv7B884A1013426H47J1HHGJ1G4893i
фитнес клуб;Pyramid Gym, тренажерный зал;Фитнес-клубы, Тренажёрные залы;микрорайон Аксай-5, 24;+77477731346;+77477731346;yes;;http://pgfitness-5cmpgusa.manus.space/;whatsapp:https://wa.me/77477731346;4;1016;43.224481;76.834266;70000001084209774_djyfEb1578G23H8301IGG0GG8u62td73G6G505A816630C88wpqt54673J1A2G7G1JG58BG51gAluv7B884A10133A5H48J1HHGJ1G4894h
фитнес клуб;D-fitness, спортивно-оздоровительный комплекс;Фитнес-клубы, Тренажёрные залы, Бассейны, Спортивные секции, Аквааэробика;12-й микрорайон, 20а;+77273032600 +77473032600 +77073032600;+77473032600;yes;;http://www.dfitness.kz;facebook:https://facebook.com/dfitnessalmaty instagram:https://instagram.com/dfitness_almaty whatsapp:https://wa.me/77473032600;4.8;986;43.220255;76.866776;9429940001396013_djyfEb1578G23HA72AIG0GGG8u62td73G6G505A8165A6324wpqt54673J1A2G7G1J29AJ2J1gAluv7B884AA41233H47J3HHHG3H28A7d
фитнес клуб;Hero’s Journey, фитнес-студия;Фитнес-клубы, Тренажёрные залы;проспект Аль-Фараби, 140а;+77172640841;+77777472852;yes;;http://herosjourney.kz/almaty http://tiktok.com/@herosjourney.kz;instagram:https://instagram.com/herosjourneykz whatsapp:https://wa.me/77777472852;4.9;171;43.211297;76.920444;70000001102000129_djyfEb1578G23H8301IGG0GG8u62td73G6G505A816410323wpqt54673J1A2G7G1JG58BG51gAluv7B884A101342AH4AJ1HHGJ1G489bf
фитнес клуб;Pyramid pride, тренажерный зал;Фитнес-клубы, Тренажёрные залы, Спортивные секции;проспект Жибек Жолы, 131;+77005207000;+77005207000;yes;;http://pgfitness-5cmpgusa.manus.space/;instagram:https://instagram.com/pyramid_pride whatsapp:https://wa.me/77005207000;4.5;416;43.261207;76.930664;70000001069475076_djyfEb1578G23H8301IGG0GG8u62td73G6G505A816B57818wpqt54673J1A2G7G1JG58BG51gAluv7B884A1013387H4BJ1HHGJ1G489f9
фитнес клуб;Champ1on, спортивный комплекс;Фитнес-клубы, Спортивные секции, Бассейны, Тренажёрные залы;улица Кожабекова, 6;+77084810017 +77273550134;+77752029050;yes;;http://champ1on.kz;whatsapp:https://wa.me/77752029050;4.9;498;43.19968;76.897938;70000001064791396_djyfEb1578G23H8301IGG0GG8u62td73G6G505A81668944Awpqt54673J1A2G7G1JG58BG51gAluv7B884A1013387H4CJ1HHGJ1G4897d
фитнес клуб;Royal club, фитнес-клуб;Фитнес-клубы, Спортивные секции, Обучение танцам, Тренажёрные залы;микрорайон Самал-3, 20;+77273565555;+77770439030;yes;;http://almaty.royalfitness.kz;instagram:https://instagram.com/royal_clubs_almaty facebook:https://facebook.com/RoyalClubFitnessSpa whatsapp:https://wa.me/77770439030;4.9;939;43.228105;76.954485;70000001052199435_djyfEb1578G23H8301IGG0GG8u62td73G6G505A816429C54wpqt54673J1A2G7G1JG58BG51gAluv7B884A1013376H54J1HHGJ1G489A9
фитнес клуб;Invictus Go, фитнес-клуб;Фитнес-клубы, Тренажёрные залы;улица Ади Шарипова, 145 к2;+77071080008 +77005551010 +77071503787 +77272246260;+77071503787;yes;;http://invictus.kz/clubs?type=GO&cityId=64f5ac254484c10025a94eb1&utm_source=2gis&utm_medium=cpc&utm_campaign=almaty http://invictus.kz/clubs/go/invictus-sharipov?utm_source=2gis&utm_medium=cpc&utm_campaign=sharipov;facebook:https://facebook.com/invictusgokz instagram:https://instagram.com/invictusgo whatsapp:https://wa.me/77071503787;4.8;568;43.243855;76.923254;70000001066777339_djyfEb1578G23H8301IGG0GG8u62td73G6G505A816887A44wpqt54673J1A2G7G1JG58BG51gAluv7B884A101338AH55J1HHGJ1G489g8
фитнес клуб;Velvet Sport Villa, спортивно-оздоровительный комплекс;Фитнес-клубы, Бассейны, Тренажёрные залы, Спортивные секции, Аквааэробика;микрорайон Ерменсай 3, 23;+77003154444;+77003154444;yes;;http://sportvilla.kz;facebook:https://facebook.com/vsv2013 instagram:https://instagram.com/velvet_sport_villa whatsapp:https://wa.me/77003154444;4.9;275;43.205912;76.927692;9429940001339508_3mfs9A1578G23HA72AIGG0GGichoAD73G6G505A816549819wpqt54675J1A4G7G2JG58BG5myspuv7B884AA41233H214J1HHGJ1G48977
фитнес клуб;Aquastars, спортивный комплекс;Фитнес-клубы, Бассейны, Спортивные секции, Аквааэробика, Тренажёрные залы;улица Навои, 208/6;+77712796727;+77712796727;;aquastarsnavoi@gmail.com;http://assc.kz;instagram:https://instagram.com/aquastarssc.shahristan;4.8;1061;43.205474;76.885131;70000001071529310_3mfs9A1578G23H83014GGG0GichoAD73G6G505A816362C42wpqt54675J1A4G7G2J0J498Jmyspuv7B884A1013391H235HHHGJH0I47987
фитнес клуб;YA.Gym Point;Фитнес-клубы, Центры йоги, Обучение танцам, Спортивные секции, Тренажёрные залы;улица Пятницкого, 15/16;+77002000204 +77006133013 +77082689372;+77002000204;yes;;http://yagympoint.kz;instagram:https://instagram.com/ya.gympoint whatsapp:https://wa.me/77002000204;4.8;214;43.212181;76.875489;70000001103022428_3mfs9A1578G23H83014GGG0GichoAD73G6G505A816512553wpqt54675J1A4G7G2J0J498Jmyspuv7B884A1013429H237HHHGJH0I479i4
фитнес клуб;Republic, физкультурный комплекс;Фитнес-клубы, Бассейны, Спортивные секции, Аквааэробика, Тренажёрные залы, Обучение танцам, Центры йоги;микрорайон Жулдыз-1, 20/2;+77073302020 +77073312020;+77073312020;yes;;;instagram:https://instagram.com/republic_fwc whatsapp:https://wa.me/77073312020 whatsapp:https://wa.me/77073302020;4.9;757;43.361359;76.995061;70000001060763903_3mfs9A1578G23H83014GGG0GichoAD73G6G505A8162866A1wpqt54675J1A4G7G2J0J498Jmyspuv7B884A1013384H239HHHGJH0I479fB
фитнес клуб;Aqongym, тренажерный зал и фитнес-клуб;Фитнес-клубы, Тренажёрные залы;микрорайон Жетысу-2, 11/1;+77076265811;+77076265811;yes;;;instagram:https://instagram.com/aqongym_almaty whatsapp:https://wa.me/77076265811;4.9;938;43.225926;76.843615;70000001080167600_3mfs9A1578G23H83014GGG0GichoAD73G6G505A816226A71wpqt54675J1A4G7G2J0J498Jmyspuv7B884A10133A1H23BHHHGJH0I4799f
фитнес клуб;Siam, центр заботы о себе;Фитнес-клубы, Косметолог, SPA-процедуры, Массажист, Эпиляция, Трихолог;улица Азербаева, 67;+77008020257;+77008020257;yes;;;instagram:https://instagram.com/siam_esthetics whatsapp:https://wa.me/77008020257;4.9;306;43.215659;76.95187;70000001021236246_3mfs9A1578G23H83014GGG0GichoAD73G6G505A816333935wpqt54675J1A4G7G2J0J498Jmyspuv7B884A1013347H23CHHHGJH0I47943
фитнес клуб;Aquastars, спортивный комплекс;Фитнес-клубы, Бассейны, Спортивные секции, Аквааэробика, Тренажёрные залы;улица Гоголя, 114 к8;+77771007096;+77771007096;yes;;http://assc.kz;instagram:https://instagram.com/aquastars.gogolya whatsapp:https://wa.me/77771007096;4.9;793;43.258503;76.931143;70000001061346532_3mfs9A1578G23H83014GGG0GichoAD73G6G505A816344964wpqt54675J1A4G7G2J0J498Jmyspuv7B884A1013383H243HHHGJH0I479d7
фитнес клуб;Pyramid renessans, тренажерный зал;Фитнес-клубы, Тренажёрные залы;проспект Назарбаева, 301;+77776902729;+77086508078;yes;;http://pgfitness-5cmpgusa.manus.space/;whatsapp:https://wa.me/77086508078;3.8;225;43.223438;76.952589;70000001110454295_3mfs9A1578G23H83014GGG0GichoAD73G6G505A81625573Awpqt54675J1A4G7G2J0J498Jmyspuv7B884A1013436H247HHHGJH0I479Bi
фитнес клуб;Underground Fit, фитнес-клуб;Фитнес-клубы, Тренажёрные залы;улица Торайгырова, 21/1Б;+77477777801;+77477777801;yes;;;instagram:https://instagram.com/underground.almaty whatsapp:https://wa.me/77477777801;4.9;634;43.202783;76.873258;70000001099380481_3mfs9A1578G23H83014GGG0GichoAD73G6G505A816B48359wpqt54675J1A4G7G2J1J498Jmyspuv7B884A10133B2H24BHHHGJH1I4799d
фитнес клуб;Technofit, фитнес-клуб;Фитнес-клубы, Тренажёрные залы, Центры йоги, SPA-процедуры, Массажист;проспект Гагарина, 124;+77273551777;+77777500099;yes;;http://tfit.kz http://www.tiktok.com/@technofit.kz;instagram:https://instagram.com/technofitalmaty facebook:https://facebook.com/technofitalmaty whatsapp:https://wa.me/77777500099 whatsapp:https://wa.me/77777500088 telegram:https://t.me/technofitalmaty whatsapp:https://wa.me/77777500077;4.9;389;43.238131;76.896306;70000001045211884_3mfs9A1578G23H83014GGG0GichoAD73G6G505A816731499wpqt54675J1A4G7G2J0J498Jmyspuv7B884A1013365H253HHHGJH0I479gf
фитнес клуб;Aquastars, спортивный комплекс;Фитнес-клубы, Бассейны, Тренажёрные залы, Аквааэробика, Спортивные секции;улица Кабанбай батыра, 87;+77080258501;+77080258501;yes;aquastars.stolichny@gmail.com;http://assc.kz;instagram:https://instagram.com/aquastars.stolichnyi whatsapp:https://wa.me/77080258501;4.8;313;43.250187;76.942888;70000001104961124_3mfs9A1578G23H83014GGG0GichoAD73G6G505A8166A6423wpqt54675J1A4G7G2J0J498Jmyspuv7B884A1013425H254HHHGJH0I479gh
фитнес клуб;Cordial Fitness, спорт-центр;Фитнес-клубы, Тренажёрные залы, Спортивные секции;микрорайон Мамыр-7, 21;+77072159660;+77072159660;yes;;;instagram:https://instagram.com/cordial.fitness whatsapp:https://wa.me/77072159660;4.9;422;43.210344;76.840549;70000001033460706_3mfs9A1578G23H83014GGG0GichoAD73G6G505A816556381wpqt54675J1A4G7G2J0J498Jmyspuv7B884A1013357H257HHHGJH0I479f8
фитнес клуб;MegaGym, тренажерный зал;Фитнес-клубы, Тренажёрные залы, Массажист, Услуги загара;улица Абиша Кекилбайулы, 38а/1;+77085084548;+77088880260;yes;;http://megagym.kz;instagram:https://instagram.com/megagym.kz whatsapp:https://wa.me/77088880260;4.9;275;43.204595;76.891587;70000001043879924_3mfs9A1578G23H83014GGG0GichoAD73G6G505A816597CA3wpqt54675J1A4G7G2J0J498Jmyspuv7B884A1013365H25AHHHGJH0I4795h
фитнес клуб;Esentai Fit+Spa, спортивно-оздоровительный центр;Фитнес-клубы, Бассейны, SPA-процедуры, Аквааэробика;проспект Аль-Фараби, 77/8;+77017830404 +77478071446 +77710719925 +77710719921;+77478071446;yes;;http://esentaifitspa.com;facebook:https://facebook.com/esentaifitspa instagram:https://instagram.com/esentaifitspa whatsapp:https://wa.me/77478071446 whatsapp:https://wa.me/77710719925 whatsapp:https://wa.me/77710719921;4.7;605;43.21911;76.927983;70000001028502157_3mfs9A1578G23H83014GGG0GichoAD73G6G505A816A60526wpqt54675J1A4G7G2J0J498Jmyspuv7B884A1013348H25BHHHGJH0I47983
фитнес клуб;Aqongym, тренажерный зал;Фитнес-клубы, Тренажёрные залы;улица Федосеева, 38в;+77082416131 +77757157597;+77009906835;yes;;;instagram:https://instagram.com/aqongym_air whatsapp:https://wa.me/77009906835;4.9;137;43.317639;76.973519;70000001111110595_3mfs9A1578G23H83014GGG0GichoAD73G6G505A81632136Awpqt54675J1A4G7G2J0J498Jmyspuv7B884A1013436H25CHHHGJH0I4797f
фитнес клуб;Aquastars, спортивный комплекс;Фитнес-клубы, Бассейны, Тренажёрные залы, Спортивные секции, Аквааэробика;улица Яссауи, 1Б/2;+77773540499;+77773540499;yes;aquastars.yassaui1@gmail.com;http://assc.kz;instagram:https://instagram.com/aquastars.yassaui facebook:https://facebook.com/AquastarsYassaui whatsapp:https://wa.me/77773540499 telegram:https://t.me/+77773540499;4.9;676;43.200953;76.837748;9429940000982514_3mfs9A1578G23HA72AIGG0GGichoAD73G6G505A816B92825wpqt54675J1A4G7G2JG58BG5myspuv7B884AA41232H244J1HHGJ1G48928
фитнес клуб;Almaty Resort Pool, спортивно-оздоровительный комплекс;Фитнес-клубы, Бассейны, Тренажёрные залы, Аквааэробика, Центры йоги;улица Альмерек, 1/1;+77273003435;+77076921109;yes;;;instagram:https://instagram.com/almaty_resort whatsapp:https://wa.me/77076921109;4.8;233;43.174422;76.87511;70000001053020266_3mfs9A1578G23H83014GGG0GichoAD73G6G505A816512337wpqt54675J1A4G7G2J0J498Jmyspuv7B884A1013377H26AHHHGJH0I47987
фитнес клуб;Prostretching, женская фитнес-студия;Фитнес-клубы, Спортивные секции, Центры йоги;улица Курмангазы, 107;+77766360090;+77766360090;yes;;http://prostretching.com;instagram:https://instagram.com/prostretching whatsapp:https://wa.me/77766360090 telegram:https://t.me/prostretching_kz;4.9;491;43.243719;76.927764;70000001084530228_3mfs9A1578G23H83014GGG0GichoAD73G6G505A816663333wpqt54675J1A4G7G2J0J498Jmyspuv7B884A10133A9H26BHHHGJH0I479d8
фитнес клуб;Winox Pro, фитнес-клуб;Фитнес-клубы, Тренажёрные залы, Обучение танцам, Центры йоги;проспект Аль-Фараби, 5/2;+77781857790 +77765906090;+77080906090;yes;;http://winox.kz/set-fitness-klubov-winox/winox-pro/ http://www.tiktok.com/@winox_pro;instagram:https://instagram.com/winox_pro whatsapp:https://wa.me/77080906090;4.5;851;43.229773;76.945971;70000001077213571_3mfs9A1578G23H83014GGG0GichoAD73G6G505A816931668wpqt54675J1A4G7G2J0J498Jmyspuv7B884A1013392H26CHHHGJH0I479A5
фитнес клуб;БАНЗАЙ Fitness, сеть фитнес-клубов;Фитнес-клубы, Тренажёрные залы, Велнес-залы, Спортивное питание;проспект Абая, 150;+77279736045 +77078000378;+77279736045;;banzai4info@gmail.com;http://banzai.kz;instagram:https://instagram.com/banzai4me facebook:https://facebook.com/banzai4me vkontakte:https://vk.com/banzai4me telegram:https://t.me/banzai4me;4.9;504;43.237737;76.884387;9429940001270687_3mfs9A1578G23HA72AIGG0GGichoAD73G6G505A816480998wpqt54675J1A4G7G2JG58BG5myspuv7B884AA41233H253J2HHGJ2G4895g
фитнес клуб;FitnessBlitz, фитнес-клуб;Фитнес-клубы, Тренажёрные залы;микрорайон Самал-1, 9а;+77077851818 +77051467652;+77077851818;yes;;http://fitnessblitz.com;vkontakte:https://vk.com/fitnessblitz facebook:https://facebook.com/fitnessblitzkz instagram:https://instagram.com/fitnessblitz_official whatsapp:https://wa.me/77077851818 whatsapp:https://wa.me/77051467652;4.9;276;43.234793;76.955891;70000001047109852_3mfs9A1578G23H83014GGG0GichoAD73G6G505A816920C96wpqt54675J1A4G7G2J0J498Jmyspuv7B884A1013363H274HHHGJH0I47943
фитнес клуб;Fightclub.kz, спортивный клуб;Фитнес-клубы, Спортивные секции, Тренажёрные залы;проспект Достык, 105;+77770330730;+77770330730;yes;;http://fightlevel.kz/;instagram:https://instagram.com/fightclubkz whatsapp:https://wa.me/77770330730;4.9;132;43.226123;76.961173;70000001028266014_3mfs9A1578G23H83014GGG0GichoAD73G6G505A816A36912wpqt54675J1A4G7G2J0J498Jmyspuv7B884A1013345H276HHHGJH0I4796d
фитнес клуб;БАНЗАЙ Fitness, сеть фитнес-клубов;Фитнес-клубы, Тренажёрные залы, Велнес-залы, Центры йоги;улица Толе би, 187 к2;+77078000368;+77078000368;yes;banzai4info@gmail.com;http://banzai.kz;instagram:https://instagram.com/banzai4me facebook:https://facebook.com/banzai4me vkontakte:https://vk.com/banzai4me telegram:https://t.me/banzai4me whatsapp:https://wa.me/77078000368;4.9;788;43.252504;76.899159;9429940000785937_3mfs9A1578G23HA72AIGG0GGichoAD73G6G505A816995C48wpqt54675J1A4G7G2JG58BG5myspuv7B884AA41232H257J2HHGJ2G489d8
фитнес клуб;БАНЗАЙ Fitness, сеть фитнес-клубов;Фитнес-клубы, Тренажёрные залы, Велнес-залы, Спортивное питание;улица Кунаева, 43;+77272714301 +77078000468;+77078000468;yes;banzai4info@gmail.com;http://banzai.kz;instagram:https://instagram.com/banzai4me facebook:https://facebook.com/banzai4me vkontakte:https://vk.com/banzai4me telegram:https://t.me/banzai4me whatsapp:https://wa.me/77078000468;4.9;372;43.262866;76.948232;70000001020849567_3mfs9A1578G23H83014GGG0GichoAD73G6G505A816294C67wpqt54675J1A4G7G2J1J498Jmyspuv7B884A1013348H279HHHGJH1I479df
фитнес клуб;Urban Gym, фитнес-клуб;Фитнес-клубы, Тренажёрные залы, Спортивное питание, Массажист;проспект Назарбаева, 223;+77781106622;+77781106622;yes;;;instagram:https://instagram.com/urbangym.kz whatsapp:https://wa.me/77781106622;4.9;693;43.232783;76.948348;70000001032291970_3mfs9A1578G23H83014GGG0GichoAD73G6G505A8164394A8wpqt54675J1A4G7G2J0J498Jmyspuv7B884A1013351H27BHHHGJH0I4798i
фитнес клуб;Endurance Almaty, фитнес-клуб;Фитнес-клубы, Тренажёрные залы;улица Байсеитовой, 49;+77771110882 +77089860207;+77771110882;yes;;;instagram:https://instagram.com/endurance.almaty whatsapp:https://wa.me/77771110882;5;138;43.239508;76.944739;70000001033784199_3mfs9A1578G23H83014GGG0GichoAD73G6G505A81658872Awpqt54675J1A4G7G2J0J498Jmyspuv7B884A101335AH27CHHHGJH0I47984
фитнес клуб;TauFit, фитнес-клуб;Фитнес-клубы, Тренажёрные залы, Спортивные секции, Массажист;жилой комплекс Тау Самалы, 98;+77084806036 +77082685008;+77084806036;yes;;http://taufit.kz;instagram:https://instagram.com/taufit.almaty whatsapp:https://wa.me/77084806036;4.8;246;43.205889;76.816279;9429940001283652_oA36fj1578G23HA72AIGG0GGA0k29D73G6G505A816493963wpqt54676J1A5G7G3JG58BG5ypr5uv7B884AA41233H314J1HHGJ1G48986
фитнес клуб;First fitness, фитнес-клуб;Фитнес-клубы, Тренажёрные залы, Спортивные секции, Обучение танцам, Аренда спортивных площадок;микрорайон Таугуль-1, 22/1;+77079074396 +77071640657;+77079074396;yes;;http://www.firstfitness.kz/;instagram:https://instagram.com/firstfitnesskz whatsapp:https://wa.me/77079074396;4.9;311;43.213634;76.878596;70000001032529718_oA36fj1578G23H83014GGG0GA0k29D73G6G505A816462C82wpqt54676J1A5G7G3J0J498Jypr5uv7B884A1013359H337HHHGJH0I479g7
фитнес клуб;King Fitness, фитнес-клуб;Фитнес-клубы, Тренажёрные залы;улица Коктерек, 141;+77076456679;+77076456679;yes;;;instagram:https://instagram.com/kingfitness.almaty whatsapp:https://wa.me/77076456679;4.9;375;43.210964;76.794076;70000001093687645_oA36fj1578G23H83014GGG0GA0k29D73G6G505A816578A75wpqt54676J1A5G7G3J0J498Jypr5uv7B884A10133B6H338HHHGJH0I479A8
фитнес клуб;100% Fitness Gym, тренажерный зал;Фитнес-клубы, Тренажёрные залы, Безалкогольные напитки, Спортивное питание;Байзакова улица, 280;+77752899276;+77086406121;yes;;;instagram:https://instagram.com/100_fitness_gym whatsapp:https://wa.me/77086406121 whatsapp:https://wa.me/77752899276;4.9;115;43.237686;76.914845;70000001104019690_oA36fj1578G23H83014GGG0GA0k29D73G6G505A816611C7Awpqt54676J1A5G7G3J0J498Jypr5uv7B884A1013421H33AHHHGJH0I4798C
фитнес клуб;БАНЗАЙ Fitness-Premium Samal, сеть фитнес-клубов;Фитнес-клубы, Тренажёрные залы, Велнес-залы, Центры йоги;проспект Аль-Фараби, 1;+77475043838;+77475043838;yes;banzai4info@gmail.com;http://banzai.kz http://banzai.kz/;instagram:https://instagram.com/banzai4me facebook:https://facebook.com/banzai4me vkontakte:https://vk.com/banzai4me telegram:https://t.me/banzai4me whatsapp:https://wa.me/77475043838;4.8;379;43.228131;76.958845;70000001091778184_oA36fj1578G23H83014GGG0GA0k29D73G6G505A816387B29wpqt54676J1A5G7G3J1J498Jypr5uv7B884A10133B5H33CHHHGJH1I4798A
фитнес клуб;100% Fitness Gym, тренажерный зал;Фитнес-клубы, Тренажёрные залы, Безалкогольные напитки, Спортивное питание;улица Макатаева, 45;+77478125425;+77086406121;yes;;;instagram:https://instagram.com/100_fitness_gym whatsapp:https://wa.me/77086406121 whatsapp:https://wa.me/77478125425;4.9;143;43.264973;76.955657;70000001098964165_oA36fj1578G23H83014GGG0GA0k29D73G6G505A816AA6727wpqt54676J1A5G7G3J0J498Jypr5uv7B884A10133B6H343HHHGJH0I479Af
фитнес клуб;Arena fitness hub, спортивный клуб;Фитнес-клубы, Тренажёрные залы, Центры йоги, Спортивное питание;микрорайон Нуркент, 7;+77014872907;+77014872907;yes;;;instagram:https://instagram.com/arena.fitness.hub whatsapp:https://wa.me/77014872907;4.9;448;43.264204;76.817015;70000001029161528_oA36fj1578G23H83014GGG0GA0k29D73G6G505A816B26463wpqt54676J1A5G7G3J0J498Jypr5uv7B884A1013349H344HHHGJH0I47955
фитнес клуб;Pulse, падел клуб;Фитнес-клубы, Падел-корты, Центры йоги;проспект Назарбаева, 226;+77080309108;+77080309108;yes;;http://www.pulse-club.kz;instagram:https://instagram.com/pulse.almaty whatsapp:https://wa.me/77080309108;4.8;16;43.232838;76.951229;70000001111067361_oA36fj1578G23H83014GGG0GA0k29D73G6G505A816316A47wpqt54676J1A5G7G3J0J498Jypr5uv7B884A1013432H345HHHGJH0I4799A
фитнес клуб;777 Fight Club & Gym, тренажерный зал;Фитнес-клубы, Тренажёрные залы;улица Курмангазы, 97;+77001107770;+77001107770;yes;;;instagram:https://instagram.com/777_fightclub_gym whatsapp:https://wa.me/77001107770;4.9;323;43.244233;76.931081;70000001040635030_oA36fj1578G23H83014GGG0GA0k29D73G6G505A816273814wpqt54676J1A5G7G3J0J498Jypr5uv7B884A1013361H346HHHGJH0I479i7
фитнес клуб;БАНЗАЙ Fitness, сеть фитнес-клубов;Фитнес-клубы, Тренажёрные залы, Велнес-залы, Спортивные секции, Спортивное питание;улица Тимирязева, 42 к3;+77273131818 +77055551816;+77055551816;yes;banzai4info@gmail.com;http://banzai.kz;instagram:https://instagram.com/banzai4me facebook:https://facebook.com/banzai4me vkontakte:https://vk.com/banzai4me telegram:https://t.me/banzai4me telegram:https://t.me/+77479495626 whatsapp:https://wa.me/77055551816;4.8;501;43.225384;76.909698;70000001030739917_oA36fj1578G23H83014GGG0GA0k29D73G6G505A816283CA2wpqt54676J1A5G7G3J1J498Jypr5uv7B884A1013358H34AHHHGJH1I4795h
фитнес клуб;Bubblzz, женская фитнес-студия;Фитнес-клубы, Центры йоги;улица Минина, 24;+77780030344;+77713754551;yes;;;instagram:https://instagram.com/bubblzz_fit whatsapp:https://wa.me/77713754551;4.9;798;43.235467;76.924869;70000001078686734_oA36fj1578G23H83014GGG0GA0k29D73G6G505A816A78984wpqt54676J1A5G7G3J0J498Jypr5uv7B884A1013395H34BHHHGJH0I4793A
фитнес клуб;БАНЗАЙ IMPULSE, женская фитнес-студия;Фитнес-клубы, Обучение танцам, Центры йоги, Спортивное питание;улица Толе би, 187 к2;+77273954636 +77075002696;+77075002696;yes;banzai4info@gmail.com;http://banzai.kz http://banzai.kz/gym/show/banzai_impulse;instagram:https://instagram.com/banzai4me facebook:https://facebook.com/banzai4me vkontakte:https://vk.com/banzai4me telegram:https://t.me/banzai4me instagram:https://instagram.com/banzai_impulse whatsapp:https://wa.me/77075002696;5;188;43.252532;76.89956;70000001028912543_oA36fj1578G23H83014GGG0GA0k29D73G6G505A816AA1565wpqt54676J1A5G7G3J1J498Jypr5uv7B884A1013344H353HHHGJH1I4795f
фитнес клуб;Дельфин, плавательный бассейн;Фитнес-клубы, Бассейны, Спортивные секции;проспект Абылай хана, 26а/1;+77081832919;+77081832919;yes;;;instagram:https://instagram.com/delfin.kaskelen whatsapp:https://wa.me/77081832919;4.8;89;43.202268;76.648607;70000001043476914_oA36fj1578G23H83014GGG0GA0k29D73G6G505A8165579A2wpqt54676J1A5G7G3J0J498Jypr5uv7B884A1013365H354HHHGJH0I479f6
фитнес клуб;Aquastars, спортивный комплекс;Фитнес-клубы, Бассейны, Спортивные секции, Аквааэробика, Тренажёрные залы;улица Жамакаева, 256а;+77051006058;+77051006058;yes;;http://assc.kz;instagram:https://instagram.com/aquastarsfitness whatsapp:https://wa.me/77051006058;4.9;513;43.206575;76.953266;70000001047042629_oA36fj1578G23H83014GGG0GA0k29D73G6G505A816914573wpqt54676J1A5G7G3J0J498Jypr5uv7B884A101336AH355HHHGJH0I479hB
фитнес клуб;Legion Fitness, фитнес-клуб;Фитнес-клубы, Тренажёрные залы, Спортивные секции;проспект Турара Рыскулова, 103/3;+77022028008;+77022028008;yes;;;vkontakte:https://vk.com/legionfitkz facebook:https://facebook.com/legionfitkz instagram:https://instagram.com/legionfitkz whatsapp:https://wa.me/77022028008;4.9;286;43.266545;76.868622;70000001023930190_oA36fj1578G23H83014GGG0GA0k29D73G6G505A8165A332Awpqt54676J1A5G7G3J0J498Jypr5uv7B884A1013341H356HHHGJH0I4795C
фитнес клуб;19hills, женская фитнес-студия;Фитнес-клубы, Спортивные секции;улица Шевченко, 96;+77064011919 +77074191919;+77074191919;yes;;http://19hills.kz;instagram:https://instagram.com/19hills.kz whatsapp:https://wa.me/77074191919 whatsapp:https://wa.me/77064011919;5;212;43.245395;76.93468;70000001078569717_oA36fj1578G23H83014GGG0GA0k29D73G6G505A816A66C82wpqt54676J1A5G7G3J0J498Jypr5uv7B884A1013398H358HHHGJH0I479d3
фитнес клуб;БАНЗАЙ Fitness, сеть фитнес-клубов;Фитнес-клубы, Тренажёрные залы, Велнес-залы, Спортивное питание;проспект Сейфуллина, 182д;+77273852415 +77078000529;+77078000529;yes;banzai4info@gmail.com;http://banzai.kz;instagram:https://instagram.com/banzai4me facebook:https://facebook.com/banzai4me vkontakte:https://vk.com/banzai4me telegram:https://t.me/banzai4me whatsapp:https://wa.me/77078000529;4.8;383;43.305065;76.940571;70000001038922607_oA36fj1578G23H83014GGG0GA0k29D73G6G505A816AA2571wpqt54676J1A5G7G3J1J498Jypr5uv7B884A1013358H359HHHGJH1I479C9
фитнес клуб;Select dance & Fit, студия танцев и фитнеса;Фитнес-клубы, Обучение танцам;проспект Абая, 130/3;+77080473449;+77080473449;yes;;;whatsapp:https://wa.me/77080473449 instagram:https://instagram.com/select_dance_almaty telegram:https://t.me/+77755888895;4.9;236;43.237919;76.887712;70000001066617940_oA36fj1578G23H83014GGG0GA0k29D73G6G505A816871AA5wpqt54676J1A5G7G3J0J498Jypr5uv7B884A1013381H35BHHHGJH0I4799e
фитнес клуб;Baza, фитнес-центр;Фитнес-клубы, Тренажёрные залы, Спортивные секции;микрорайон Кайрат, 181-182 к2;+77774000191;+77774000191;yes;;;instagram:https://instagram.com/baza_sport_club whatsapp:https://wa.me/77774000191;4.9;81;43.299765;77.002322;70000001110243582_oA36fj1578G23H83014GGG0GA0k29D73G6G505A816234669wpqt54676J1A5G7G3J0J498Jypr5uv7B884A1013433H35CHHHGJH0I479Bg
фитнес клуб;Aqongym, тренажерный зал;Фитнес-клубы, Тренажёрные залы;микрорайон Жетысу-1, 16/4;+77719680206;+77719680206;yes;;;whatsapp:https://wa.me/77719680206;5;14;43.224596;76.836956;70000001115579300_oA36fj1578G23H83014GGG0GA0k29D73G6G505A816767C41wpqt54676J1A5G7G3J0J498Jypr5uv7B884A1013431H364HHHGJH0I479Bi
фитнес клуб;35 Health Clubs Kazakhstan, фитнес-клуб;Фитнес-клубы;улица Тургут Озала, 261;+77761651244;+77761651244;yes;;http://35minut.kz;instagram:https://instagram.com/35minut.kz whatsapp:https://wa.me/77761651244;4.8;119;43.231653;76.882317;70000001094246882_oA36fj1578G23H83014GGG0GA0k29D73G6G505A816634999wpqt54676J1A5G7G3J0J498Jypr5uv7B884A10133B3H365HHHGJH0I479fA
фитнес клуб;Gepard Sport Club, спортивный клуб;Фитнес-клубы, Спортивные секции, Тренажёрные залы;улица Утеген батыра, 11а;+77272766222 +77774883168;+77774883168;yes;;;instagram:https://instagram.com/gepard_sportclub whatsapp:https://wa.me/77774883168;4.9;116;43.244085;76.85541;70000001024335185_oA36fj1578G23H83014GGG0GA0k29D73G6G505A816643829wpqt54676J1A5G7G3J0J498Jypr5uv7B884A1013346H367HHHGJH0I479C8
фитнес клуб;Almaly Fitness, фитнес-клуб;Фитнес-клубы, Тренажёрные залы;Керей-Жанибек хандар улица, 103Б;+77777770517;+77777770517;yes;;http://almalyfitness.kz;instagram:https://instagram.com/almalyfitness_kz whatsapp:https://wa.me/77777770517;4.9;39;43.19877;76.979761;70000001095386357_oA36fj1578G23H83014GGG0GA0k29D73G6G505A816748946wpqt54676J1A5G7G3J0J498Jypr5uv7B884A10133B8H368HHHGJH0I479ff
фитнес клуб;Materia, центр йоги и фитнеса для взрослых и детей;Фитнес-клубы, Обучение танцам, Центры йоги, Массажист, Спортивные секции;улица Розыбакиева, 159а;+77012532715 +77018232715 +77714201600;+77018232715;yes;centremateriakz@gmail.com;;instagram:https://instagram.com/materia_kz whatsapp:https://wa.me/77018232715 whatsapp:https://wa.me/77714201600 telegram:https://t.me/+77018232715;4.9;184;43.21699;76.89215;70000001091851902_oA36fj1578G23H83014GGG0GA0k29D73G6G505A8163954A1wpqt54676J1A5G7G3J0J498Jypr5uv7B884A10133B3H369HHHGJH0I479i6
фитнес клуб;PG Fitness terra, тренажерный зал;Фитнес-клубы, Тренажёрные залы;улица Шемякина, 192а;+77476307661;+77476307661;yes;;http://pgfitness-5cmpgusa.manus.space/;whatsapp:https://wa.me/77476307661;3.4;15;43.303526;76.96555;70000001115901513_oA36fj1578G23H83014GGG0GA0k29D73G6G505A8167A0462wpqt54676J1A5G7G3J0J498Jypr5uv7B884A1013434H36CHHHGJH0I4793C
фитнес клуб;100% Fitness Gym, тренажерный зал;Фитнес-клубы, Тренажёрные залы;улица Кабанбай батыра, 147;+77475806137;+77086406121;yes;;;instagram:https://instagram.com/100_fitness_gym whatsapp:https://wa.me/77086406121 whatsapp:https://wa.me/77475806137;4.8;197;43.24799;76.917149;70000001067110664_oA36fj1578G23H83014GGG0GA0k29D73G6G505A816921377wpqt54676J1A5G7G3J0J498Jypr5uv7B884A1013385H374HHHGJH0I47986
фитнес клуб;31 Pilates Studio, cтудия пилатеса;Фитнес-клубы, Велнес-залы;проспект Достык, 128;+77780050031;+77780050031;yes;;http://31ps.kz/;instagram:https://instagram.com/31.pilatestudio whatsapp:https://wa.me/77780050031;5;25;43.236695;76.960275;70000001110671431_oA36fj1578G23H83014GGG0GA0k29D73G6G505A816277454wpqt54676J1A5G7G3J0J498Jypr5uv7B884A1013432H375HHHGJH0I4794A
фитнес клуб;Nomad Gym, тренажерный зал;Фитнес-клубы, Тренажёрные залы;микрорайон Жетысу-1, 47;+77474765933 +77785282631;+77474765933;yes;;;instagram:https://instagram.com/nomad_gym_kz whatsapp:https://wa.me/77474765933 whatsapp:https://wa.me/77785282631 telegram:https://t.me/+77474765933 telegram:https://t.me/+77785282631;4.9;193;43.218786;76.839191;70000001046112637_oA36fj1578G23H83014GGG0GA0k29D73G6G505A816821574wpqt54676J1A5G7G3J0J498Jypr5uv7B884A1013368H376HHHGJH0I47964
фитнес клуб;Ya Kids, фитнес-клуб;Фитнес-клубы;улица Жамбыла, 106;+77776912347 +77079280653;+77776912347;yes;;;instagram:https://instagram.com/ya.kids.premium whatsapp:https://wa.me/77776912347;4.8;62;43.246629;76.927706;70000001114427588_oA36fj1578G23H83014GGG0GA0k29D73G6G505A816652A69wpqt54676J1A5G7G3J0J498Jypr5uv7B884A1013439H378HHHGJH0I479iA
фитнес клуб;Soulana Dance Fitness Studio;Фитнес-клубы, Обучение танцам;улица Коперника, 118/1;+77015380505;+77015380505;yes;;;instagram:https://instagram.com/soulana_dance_studio whatsapp:https://wa.me/77015380505;5;13;43.26892;76.967392;70000001100756130_oA36fj1578G23H83014GGG0GA0k29D73G6G505A816285924wpqt54676J1A5G7G3J0J498Jypr5uv7B884A1013421H379HHHGJH0I479d8
фитнес клуб;Iron House, фитнес-клуб;Фитнес-клубы, Тренажёрные залы;улица Шевченко, 100;+77055559241;+77055559241;yes;;;instagram:https://instagram.com/ironhouse.kz whatsapp:https://wa.me/77055559241;4.8;309;43.245364;76.933183;70000001045925804_oA36fj1578G23H83014GGG0GA0k29D73G6G505A8167A2891wpqt54676J1A5G7G3J1J498Jypr5uv7B884A1013365H37AHHHGJH1I479f5
фитнес клуб;LegenDa, тренажерный зал;Фитнес-клубы, Тренажёрные залы, Спортивное питание, Диетические продукты;улица Торайгырова, 39;+77711289162;+77711289162;yes;;;instagram:https://instagram.com/legenda.toraigyrova whatsapp:https://wa.me/77711289162;4.9;106;43.201502;76.870239;70000001078537616_oA36fj1578G23H83014GGG0GA0k29D73G6G505A816A63A72wpqt54676J1A5G7G3J0J498Jypr5uv7B884A1013397H37BHHHGJH0I4795B
фитнес клуб;Triumpher, спортивно-оздоровительный комплекс;Фитнес-клубы, Тренажёрные залы, Спортивные секции, Бассейны, Аренда спортивных площадок;улица Рыскулова, 47а;+77787841515 +77070288810;+77787841515;yes;;;instagram:https://instagram.com/triumpher_talgar facebook:https://facebook.com/TriumpherTalgar whatsapp:https://wa.me/77787841515 whatsapp:https://wa.me/77070288810;4.9;130;43.298008;77.237366;70000001045310818_oA36fj1578G23H83014GGG0GA0k29D73G6G505A816741392wpqt54676J1A5G7G3J0J498Jypr5uv7B884A1013369H37CHHHGJH0I47947
фитнес клуб;Reboot Gym Studio;Фитнес-клубы, Тренажёрные залы;проспект Сейфуллина, 574/3;+77017211313;+77017211313;yes;;http://rebootstudio.kz;instagram:https://instagram.com/rebootgymstudio whatsapp:https://wa.me/77017211313;5;47;43.229137;76.940135;70000001110024010_7fdpnd1578G23H83014GGG0Gcv5osg73G6G505A816212712wpqt54678J1A7G7G4J0J498J6w6huv7B884A1013431H433HHHGJH0I479h6
фитнес клуб;Uniflex Women, спортивный комплекс для женщин;Фитнес-клубы, Бассейны, SPA-процедуры, Тренажёрные залы, Аквааэробика;микрорайон Жетысу-2, 2а;+77717718883;+77717718883;yes;;;instagram:https://instagram.com/uniflex_women whatsapp:https://wa.me/77717718883;4.8;127;43.224187;76.842067;70000001091199218_7fdpnd1578G23H83014GGG0Gcv5osg73G6G505A816329C32wpqt54678J1A7G7G4J0J498J6w6huv7B884A10133B9H435HHHGJH0I47959
фитнес клуб;Aru ana studio, женский фитнес-клуб;Фитнес-клубы, Центры йоги, Велнес-залы;улица Розыбакиева, 320;+77012248820 +77021682252;+77012248820;yes;;;instagram:https://instagram.com/aruana_wellness.studio whatsapp:https://wa.me/77012248820 whatsapp:https://wa.me/77013212506;5;55;43.208012;76.894137;70000001104486156_7fdpnd1578G23H83014GGG0Gcv5osg73G6G505A816658926wpqt54678J1A7G7G4J0J498J6w6huv7B884A1013427H436HHHGJH0I479BB
фитнес клуб;Profitnessamg, фитнес-клуб;Фитнес-клубы, Тренажёрные залы;улица Каныша Сатпаева, 33;+77783120535;+77783120535;yes;;http://www.pro-fitness.kz/;instagram:https://instagram.com/profitnessamg whatsapp:https://wa.me/77783120535;4.9;251;43.236187;76.908827;70000001032227710_7fdpnd1578G23H83014GGG0Gcv5osg73G6G505A816432A82wpqt54678J1A7G7G4J0J498J6w6huv7B884A1013351H437HHHGJH0I479Bd
фитнес клуб;Elastic studio, фитнес-студия;Фитнес-клубы, Обучение танцам, Центры йоги;микрорайон Астана, 1/18 к7;+77770614026;+77770614026;yes;;;instagram:https://instagram.com/elasticstudio.kz whatsapp:https://wa.me/77770614026;4.9;192;43.212082;76.855858;70000001065963346_7fdpnd1578G23H83014GGG0Gcv5osg73G6G505A8167A6645wpqt54678J1A7G7G4J0J498J6w6huv7B884A1013387H438HHHGJH0I4798f
фитнес клуб;Argo fitness, фитнес-клуб;Фитнес-клубы, Тренажёрные залы;улица Карасай батыра, 152/1;+77007188870 +77772410080;+77007188870;yes;;;instagram:https://instagram.com/fitnessclub_argo_almaty whatsapp:https://wa.me/77007188870;4.9;120;43.248177;76.90615;9429940001644283_7fdpnd1578G23HA72AIGG0GGcv5osg73G6G505A816854594wpqt54678J1A7G7G4JG58BG56w6huv7B884AA41233H419J1HHGJ1G48978
фитнес клуб;ЖанАй, фитнес-зал;Фитнес-клубы, Тренажёрные залы;улица Байтерекова, 54;+77077453600;+77077453600;yes;;;instagram:https://instagram.com/zhanai_gym whatsapp:https://wa.me/77077453600;4.8;158;43.259497;76.822582;70000001060986037_7fdpnd1578G23H83014GGG0Gcv5osg73G6G505A8162A8914wpqt54678J1A7G7G4J0J498J6w6huv7B884A1013388H43AHHHGJH0I4799B
фитнес клуб;Тастак, фитнес-клуб;Фитнес-клубы, Бассейны, Тренажёрные залы, Бани и сауны, Аквааэробика;улица Толе би, 249-249а;+77273740200 +77775849000 +77273740202;+77775849000;yes;;http://www.fitnestastak.kz;vkontakte:https://vk.com/fitnestastak instagram:https://instagram.com/fitnestastak whatsapp:https://wa.me/77775849000;4.8;203;43.250461;76.874439;9429940000800982_7fdpnd1578G23HA72AIGG0GGcv5osg73G6G505A816A10C93wpqt54678J1A7G7G4JG58BG56w6huv7B884AA41232H41BJ1HHGJ1G489g4
фитнес клуб;Агайын Фитнес, клуб;Фитнес-клубы, Центры йоги, Тренажёрные залы, Спортивное питание;микрорайон Айнабулак-2, 71д;+77710804343;+77710804343;yes;;;instagram:https://instagram.com/agaiyn_fitness whatsapp:https://wa.me/77710804343;4.9;238;43.320106;76.915769;9429940001087779_7fdpnd1578G23HA72AIGG0GGcv5osg73G6G505A816297A8Awpqt54678J1A7G7G4JG58BG56w6huv7B884AA41233H41CJ1HHGJ1G489e3
фитнес клуб;BeTurbo, спортивно-оздоровительный клуб;Фитнес-клубы, Тренажёрные залы;улица Тимирязева, 28в;+77073896022;+77073896022;yes;;http://www.beturbo.kz;vkontakte:https://vk.com/beturbo instagram:https://instagram.com/beturbo whatsapp:https://wa.me/77073896022;4.8;73;43.229842;76.932883;9429940000785982_7fdpnd1578G23HA72AIGG0GGcv5osg73G6G505A816995C93wpqt54678J1A7G7G4JG58BG56w6huv7B884AA41232H423J1HHGJ1G489gf
фитнес клуб;Aquastars, спортивный комплекс;Фитнес-клубы, Бассейны, Спортивные секции, Аквааэробика, Тренажёрные залы;Сортировочная улица, 14;+77001070015;+77001070015;yes;;http://assc.kz;instagram:https://instagram.com/aquastars.sortirovochnaya whatsapp:https://wa.me/77001070015;4.9;443;43.341149;76.956435;70000001054812464_7fdpnd1578G23H83014GGG0Gcv5osg73G6G505A816691557wpqt54678J1A7G7G4J0J498J6w6huv7B884A1013375H444HHHGJH0I479A8
фитнес клуб;Pürovel Spa & Sport, спортивный комплекс;Фитнес-клубы, Бассейны, Аквааэробика;жилой комплекс Тау Самалы, 50а;+77013460216;+77013460216;yes;;http://all.accor.com/hotel/B967/index.en.shtml?utm_campaign=seo+maps&utm_medium=seo+maps&utm_source=bing+maps;instagram:https://instagram.com/swissotelalatau facebook:https://facebook.com/swissotelalatau whatsapp:https://wa.me/77013460216;4.6;52;43.196225;76.812472;70000001083544578_7fdpnd1578G23H83014GGG0Gcv5osg73G6G505A816564768wpqt54678J1A7G7G4J0J498J6w6huv7B884A10133A9H445HHHGJH0I47998
фитнес клуб;Best Gym Almaty, тренажерный зал;Фитнес-клубы, Тренажёрные залы;улица Байжанбаева, 5;+77027511555;+77473499211;yes;;;instagram:https://instagram.com/bestgym_official whatsapp:https://wa.me/77473499211;4.8;210;43.203362;76.853947;70000001032171087_7fdpnd1578G23H83014GGG0Gcv5osg73G6G505A816427419wpqt54678J1A7G7G4J0J498J6w6huv7B884A1013358H446HHHGJH0I47946
фитнес клуб;Sport Center Azi, спортивно-оздоровительный комплекс;Фитнес-клубы, Спортивные секции, Бани и сауны, Аренда спортивных площадок;Махамбет Отемисулы улица, 73;+77075344051 +77075344052;+77075344052;yes;;;instagram:https://instagram.com/azi_sport_center whatsapp:https://wa.me/77075344052 whatsapp:https://wa.me/77075344051;4.9;203;43.42142;76.887199;70000001086863239_7fdpnd1578G23H83014GGG0Gcv5osg73G6G505A816896634wpqt54678J1A7G7G4J0J498J6w6huv7B884A10133AAH448HHHGJH0I4798B
фитнес клуб;In Clover, студия фитнеса, танцев и йоги;Фитнес-клубы, Обучение танцам, Центры йоги;улица Курмангазы, 95;+77016774723;+77016774723;yes;;;instagram:https://instagram.com/inclover_ydf whatsapp:https://wa.me/77016774723 telegram:https://t.me/+77016774723;5;114;43.243883;76.931883;70000001030320038_7fdpnd1578G23H83014GGG0Gcv5osg73G6G505A816242314wpqt54678J1A7G7G4J0J498J6w6huv7B884A1013359H44BHHHGJH0I4797g
фитнес клуб;Asyl Gym, спортивный фитнес-клуб;Фитнес-клубы, Тренажёрные залы, Спортивное питание, Обучение танцам;улица Туркебаева, 92;+77079373420;+77079373420;yes;;;instagram:https://instagram.com/asylgym.kz whatsapp:https://wa.me/77079373420;4.9;116;43.24986;76.878909;9429940000818995_7fdpnd1578G23HA72AIGG0GGcv5osg73G6G505A816A28CA6wpqt54678J1A7G7G4JG58BG56w6huv7B884AA41232H42CJ1HHGJ1G48933
фитнес клуб;Angel, женская фитнес-студия;Фитнес-клубы, Центры йоги, Обучение танцам;улица Кажымукана, 49;+77777009001 +77776997933;+77777009001;yes;;;instagram:https://instagram.com/angelgirls.fit whatsapp:https://wa.me/77777009001;4.9;231;43.22598;76.95516;70000001053073191_7fdpnd1578G23H83014GGG0Gcv5osg73G6G505A81651762Awpqt54678J1A7G7G4J0J498J6w6huv7B884A1013372H453HHHGJH0I4794i
фитнес клуб;Ankara, СПА-центр;Фитнес-клубы, SPA-процедуры, Массажист;улица Желтоксан, 181;+77073900099;+77073900099;yes;;;instagram:https://instagram.com/ankaraspa_almaty whatsapp:https://wa.me/77073900099;4.9;63;43.235869;76.940641;70000001050080198_7fdpnd1578G23H83014GGG0Gcv5osg73G6G505A81621832Awpqt54678J1A7G7G4J0J498J6w6huv7B884A1013379H455HHHGJH0I479i6
фитнес клуб;Aura Fitness, фитнес-клуб;Фитнес-клубы, Тренажёрные залы;улица Бостанова, 29;+77781859994;+77781859994;yes;;;instagram:https://instagram.com/aura_fitness.kz whatsapp:https://wa.me/77781859994;4.8;74;43.350857;76.862086;70000001107625420_7fdpnd1578G23H83014GGG0Gcv5osg73G6G505A816972853wpqt54678J1A7G7G4J0J498J6w6huv7B884A1013421H456HHHGJH0I4797e
фитнес клуб;ViVa Pilates, фитнес-клуб;Фитнес-клубы;улица Барибаева, 43/9;+77073592626;+77713592626;yes;;http://www.vivapilates.kz;whatsapp:https://wa.me/77713592626 telegram:https://t.me/+77713592626 instagram:https://instagram.com/viva_pilates_almaty whatsapp:https://wa.me/77073592626;4.8;276;43.259081;76.963046;70000001036179220_7fdpnd1578G23H83014GGG0Gcv5osg73G6G505A816827C33wpqt54678J1A7G7G4J0J498J6w6huv7B884A1013351H457HHHGJH0I4794d
фитнес клуб;Brooklyn Fitness Gym, фитнес-клуб;Фитнес-клубы, Тренажёрные залы, Спортивные секции;микрорайон Керемет, 7 к42;+77770210888 +77073255333;+77073255333;yes;;;whatsapp:https://wa.me/77073255333 whatsapp:https://wa.me/77770210888;4.8;157;43.236183;76.938229;9429940001069160_7fdpnd1578G23HA72AIGG0GGcv5osg73G6G505A816279471wpqt54678J1A7G7G4JG58BG56w6huv7B884AA41233H43AJ1HHGJ1G48915
фитнес клуб;ProGym Sky, фитнес-клуб;Фитнес-клубы, Тренажёрные залы, Обучение танцам, Центры йоги, Массажист;улица Муратбаева, 180;+77472183225;+77472183225;yes;fitnesky@gmail.com;;instagram:https://instagram.com/progymsky whatsapp:https://wa.me/77472183225;4.9;202;43.247143;76.919749;70000001019317852_7fdpnd1578G23H83014GGG0Gcv5osg73G6G505A816B41A96wpqt54678J1A7G7G4J1J498J6w6huv7B884A1013333H45CHHHGJH1I479e6
фитнес клуб;R-fitness, фитнес-центр;Фитнес-клубы, Тренажёрные залы;улица Жунисова, 2/13 к26;+77007777550;+77007777550;yes;;;instagram:https://instagram.com/r.fitness.kz whatsapp:https://wa.me/77007777550;4.9;165;43.226619;76.779085;70000001102987950_7fdpnd1578G23H83014GGG0Gcv5osg73G6G505A8164A8AA6wpqt54678J1A7G7G4J0J498J6w6huv7B884A1013421H463HHHGJH0I479he
фитнес клуб;Progym, фитнес-клуб;Фитнес-клубы, Тренажёрные залы;улица Карасай батыра, 88Б;+77089354886;+77089354886;yes;;;instagram:https://instagram.com/progym_kz whatsapp:https://wa.me/77089354886;4.8;231;43.249965;76.927094;70000001090064893_7fdpnd1578G23H83014GGG0Gcv5osg73G6G505A81621679Awpqt54678J1A7G7G4J1J498J6w6huv7B884A10133B4H464HHHGJH1I47986
фитнес клуб;Baqgym, фитнес-клуб;Фитнес-клубы, Тренажёрные залы;улица Яссауи, 66а;+77754183257;+77754183257;yes;;;instagram:https://instagram.com/baqgym whatsapp:https://wa.me/77754183257;5;6;43.224555;76.828567;70000001115056370_7fdpnd1578G23H83014GGG0Gcv5osg73G6G505A816715948wpqt54678J1A7G7G4J0J498J6w6huv7B884A1013431H465HHHGJH0I479hf
фитнес клуб;Eyva Space;Фитнес-клубы, Остеопат, Массажист, Центры йоги, Обучение танцам;проспект Серкебаева, 101;+77086802638;+77086802638;yes;;;instagram:https://instagram.com/eyva.space telegram:https://t.me/+g1fceDjYgPw4YTNi whatsapp:https://wa.me/77086802638;4.9;125;43.207633;76.897861;70000001090079430_7fdpnd1578G23H83014GGG0Gcv5osg73G6G505A816217C54wpqt54678J1A7G7G4J0J498J6w6huv7B884A10133B1H466HHHGJH0I479Ah
фитнес клуб;Prostretching best, женская фитнес-студия;Фитнес-клубы;улица Желтоксан, 111а;+77003258885;+77003258885;yes;;;instagram:https://instagram.com/prostretching__best whatsapp:https://wa.me/77003258885 telegram:https://t.me/+77003258885;4.9;245;43.255424;76.93885;70000001030255685_7fdpnd1578G23H83014GGG0Gcv5osg73G6G505A816235879wpqt54678J1A7G7G4J0J498J6w6huv7B884A1013356H468HHHGJH0I47963
фитнес клуб;Ayu-Man, спортивный клуб;Фитнес-клубы, Тренажёрные залы;Кульджинский тракт, 2;+77074824118 +77772100210;+77074824118;yes;;;whatsapp:https://wa.me/77074824118 whatsapp:https://wa.me/77772100210 instagram:https://instagram.com/ayuman__workout;4.8;88;43.287118;76.990108;70000001029767719_7fdpnd1578G23H83014GGG0Gcv5osg73G6G505A816B86A82wpqt54678J1A7G7G4J0J498J6w6huv7B884A101334AH469HHHGJH0I47935
фитнес клуб;Bodyfitgym, тренажерный зал;Фитнес-клубы, Тренажёрные залы, Спортивное питание;7-й микрорайон, 3а;+77779906061 +77475009027;+77779906061;yes;;;instagram:https://instagram.com/bodyfitgymalmaty facebook:https://facebook.com/bodyfitgym whatsapp:https://wa.me/77779906061;4.9;276;43.225711;76.861554;70000001022032326_7fdpnd1578G23H83014GGG0Gcv5osg73G6G505A816413543wpqt54678J1A7G7G4J0J498J6w6huv7B884A1013347H46BHHHGJH0I4793g
фитнес клуб;Nur fitness, тренажерный зал;Фитнес-клубы, Тренажёрные залы, Спортивные секции;улица Амангельды, 2;+77072175965 +77782735940;+77072175965;yes;;;instagram:https://instagram.com/nurfitness01 whatsapp:https://wa.me/77072175965;4.9;87;43.302523;77.057265;70000001025933758_7fdpnd1578G23H83014GGG0Gcv5osg73G6G505A8167A3686wpqt54678J1A7G7G4J0J498J6w6huv7B884A1013349H46CHHHGJH0I4799d
фитнес клуб;SK boxing, школа бокса им. Серика Конакбаева;Фитнес-клубы, Спортивные секции;улица Тимирязева, 111а;+77010313644;+77010313644;yes;;;facebook:https://facebook.com/skboxingalmaty instagram:https://instagram.com/skboxing_almaty whatsapp:https://wa.me/77010313644 telegram:https://t.me/skboxingfamily;4.9;63;43.225417;76.890335;70000001020315756_7fdpnd1578G23H83014GGG0Gcv5osg73G6G505A816241886wpqt54678J1A7G7G4J0J498J6w6huv7B884A1013347H473HHHGJH0I47937
фитнес клуб;Namys SK, спортивный клуб;Фитнес-клубы, Тренажёрные залы, Спортивные секции, Обучение фитнес-инструкторов, Спортивное питание;улица Титова, 6Б;+77016309009 +77273709226 +77714910708;+77016309009;yes;;;instagram:https://instagram.com/namys_sk_gres whatsapp:https://wa.me/77016309009 whatsapp:https://wa.me/77714910708;4.7;31;43.413689;77.016599;70000001046415108_7fdpnd1578G23H83014GGG0Gcv5osg73G6G505A816851821wpqt54678J1A7G7G4J0J498J6w6huv7B884A1013369H474HHHGJH0I479e8
фитнес клуб;Stretching Almaty, фитнес-центр;Фитнес-клубы;улица Панфилова, 92;+77071301175;+77071301175;yes;;;facebook:https://facebook.com/stretchingkz instagram:https://instagram.com/stretching_almaty whatsapp:https://wa.me/77071301175;4.9;150;43.2588;76.944684;70000001024694344_7fdpnd1578G23H83014GGG0Gcv5osg73G6G505A816679745wpqt54678J1A7G7G4J0J498J6w6huv7B884A1013345H475HHHGJH0I4799B
фитнес клуб;Stretch Lab, фитнес-студия;Фитнес-клубы, Тренажёрные залы;проспект Райымбека, 92;+77002426584;+77002426584;yes;;;instagram:https://instagram.com/stretch.lab whatsapp:https://wa.me/77002426584;5;92;43.270183;76.947952;70000001098554038_7fdpnd1578G23H83014GGG0Gcv5osg73G6G505A816A65714wpqt54678J1A7G7G4J0J498J6w6huv7B884A10133B9H478HHHGJH0I479Cd
фитнес клуб;Крепкий Орех, фитнес-клуб;Фитнес-клубы, Тренажёрные залы, Обучение танцам;4-й микрорайон, 30/1;+77475559385 +77073939385;+77073939385;yes;;;instagram:https://instagram.com/oreh_fitness_konaev whatsapp:https://wa.me/77073939385;5;229;43.850863;77.054532;70000001040693455_7fdpnd1578G23H83014GGG0Gcv5osg73G6G505A816279656wpqt54678J1A7G7G4J0J498J6w6huv7B884A1013366H479HHHGJH0I479i3
фитнес клуб;YA. Pilates Room, студия пилатеса;Фитнес-клубы;улица Навои, 200 блок 2;+77080151510;+77003080014;yes;;http://yafitness.kz/pilates;instagram:https://instagram.com/ya.pilatesroom whatsapp:https://wa.me/77003080014 whatsapp:https://wa.me/77080151510;4.9;26;43.210938;76.884334;70000001102217208_7fdpnd1578G23H83014GGG0Gcv5osg73G6G505A816431A31wpqt54678J1A7G7G4J0J498J6w6huv7B884A1013429H47BHHHGJH0I479Be
фитнес клуб;Aquamarine SPA & Fitness, спортивно-оздоровительный комплекс;Фитнес-клубы, SPA-процедуры, Массажист;улица Байтурсынова, 27/1;+77472072057;+77472072057;yes;;;instagram:https://instagram.com/ramada_aquamarinespa whatsapp:https://wa.me/77472072057;4.8;49;43.256015;76.923981;70000001036979784_sFsxxn1578G23H83014GGG0Gckrq9373G6G505A8168A7C89wpqt5467AJ1A9G7G5J0J498Jwymhuv7B884A1013355H533HHHGJH0I479gB
фитнес клуб;Projumping Fitness, студия фитнеса;Фитнес-клубы, Обучение танцам;микрорайон Аксай-1, 10/3;+77477785533 +77011785538;+77477785533;yes;;;instagram:https://instagram.com/projumping.kz whatsapp:https://wa.me/77477785533 whatsapp:https://wa.me/77011785538;5;193;43.243737;76.836129;70000001031902309_sFsxxn1578G23H83014GGG0Gckrq9373G6G505A8163A0541wpqt5467AJ1A9G7G5J0J498Jwymhuv7B884A101335AH537HHHGJH0I4796C
фитнес клуб;Legion Fitness, спортивный клуб;Фитнес-клубы, Тренажёрные залы;улица Каратальская, 22а;+77012132940 +77071770748;+77012132940;yes;;;instagram:https://instagram.com/legion_fitness_tdk whatsapp:https://wa.me/77012132940 whatsapp:https://wa.me/77071770748;4.9;29;45.017139;78.39588;70000001080430712_sFsxxn1578G23H83014GGG0Gckrq9373G6G505A816253382wpqt5467AJ1A9G7G5J0J498Jwymhuv7B884A10133A3H539HHHGJH0I47979
фитнес клуб;Real Fitness, фитнес-центр;Фитнес-клубы, Тренажёрные залы;микрорайон Кокжиек, 55Б;+77085550180;+77085550180;yes;;;instagram:https://instagram.com/r_e_a_l__f_i_t_n_e_s_s whatsapp:https://wa.me/77085550180;4.8;30;43.355078;76.922051;70000001112820168_sFsxxn1578G23H83014GGG0Gckrq9373G6G505A816492327wpqt5467AJ1A9G7G5J0J498Jwymhuv7B884A1013439H53AHHHGJH0I479AC
фитнес клуб;AMG, фитнес-клуб;Фитнес-клубы, Тренажёрные залы;микрорайон Аксай-4, 70Б;+77272383555 +77273178055;+77272383555;;;;instagram:https://instagram.com/amg_fitness_lab;5;53;43.225887;76.840753;9429940001227721_sFsxxn1578G23HA72AIGG0GGckrq9373G6G505A816437A32wpqt5467AJ1A9G7G5JG58BG5wymhuv7B884AA41233H51CJ1HHGJ1G4899d
фитнес клуб;Millennium, студия фитнеса и танцев;Фитнес-клубы, Обучение танцам, Центры йоги;Е. Брусиловского улица, 159 блок 4;+77715842050 +77070602050;+77715842050;yes;;;instagram:https://instagram.com/Millennium_studio__ whatsapp:https://wa.me/77715842050 whatsapp:https://wa.me/77070602050;5;36;43.244678;76.876266;70000001115498441_sFsxxn1578G23H83014GGG0Gckrq9373G6G505A816759B55wpqt5467AJ1A9G7G5J0J498Jwymhuv7B884A1013432H543HHHGJH0I479gA
фитнес клуб;Glide, фитнес-студия;Фитнес-клубы;проспект Аль-Фараби, 120/53;+77772996040;+77772996040;yes;;;instagram:https://instagram.com/glide.wellnessclub whatsapp:https://wa.me/77772996040;5;4;43.215616;76.930021;70000001115807112_sFsxxn1578G23H83014GGG0Gckrq9373G6G505A816790A22wpqt5467AJ1A9G7G5J0J498Jwymhuv7B884A1013433H544HHHGJH0I4794e
фитнес клуб;Sport Line Z, женский фитнес-клуб;Фитнес-клубы, Массажист;3-й микрорайон, 7а;+77272297906 +77776956024 +77778460202;+77776956024;yes;;http://sport-z.kz;instagram:https://instagram.com/sport_z.kz whatsapp:https://wa.me/77776956024 whatsapp:https://wa.me/77778460202;5;280;43.224005;76.848412;9429940000853166_sFsxxn1578G23HA72AIGG0GGckrq9373G6G505A816A63477wpqt5467AJ1A9G7G5JG58BG5wymhuv7B884AA41232H525J1HHGJ1G48953
фитнес клуб;Uprime, фитнес-клуб;Фитнес-клубы, Массажист, Центры йоги;микрорайон Аксай-4, 119;+77716451005;+77716451005;yes;;;instagram:https://instagram.com/uprime.fitness whatsapp:https://wa.me/77716451005;5;187;43.230294;76.84176;70000001109527050_sFsxxn1578G23H83014GGG0Gckrq9373G6G505A816B62A16wpqt5467AJ1A9G7G5J0J498Jwymhuv7B884A1013421H546HHHGJH0I47978
фитнес клуб;BeFitness, фитнес-клуб;Фитнес-клубы, Тренажёрные залы;улица Рыскулбекова, 39а;+77075400016;+77075400016;yes;;;instagram:https://instagram.com/befitnesskz vkontakte:https://vk.com/befitnesskz whatsapp:https://wa.me/77075400016;4.9;98;43.205475;76.871236;70000001029888433_sFsxxn1578G23H83014GGG0Gckrq9373G6G505A816B98B54wpqt5467AJ1A9G7G5J0J498Jwymhuv7B884A1013344H547HHHGJH0I479d6
фитнес клуб;YA. Pilates Room, студия пилатеса;Фитнес-клубы;проспект Аль-Фараби, 116/20;+77753815555;+77003080014;yes;;http://yafitness.kz/pilates;instagram:https://instagram.com/ya.pilatesroom whatsapp:https://wa.me/77003080014 whatsapp:https://wa.me/77753815555;4.9;34;43.214823;76.940295;70000001105617366_sFsxxn1578G23H83014GGG0Gckrq9373G6G505A816771A47wpqt5467AJ1A9G7G5J0J498Jwymhuv7B884A1013427H549HHHGJH0I47938
фитнес клуб;Tauron Fitness Club, фитнес-клуб;Фитнес-клубы, Тренажёрные залы;микрорайон Шугыла, 340/35 к16;+77053333818 +77472020334;+77053333818;yes;;;instagram:https://instagram.com/tauron.fitness whatsapp:https://wa.me/77053333818;4.9;41;43.210085;76.789133;70000001112407707_sFsxxn1578G23H83014GGG0Gckrq9373G6G505A816450A81wpqt5467AJ1A9G7G5J0J498Jwymhuv7B884A1013438H54AHHHGJH0I4798A
фитнес клуб;Сфера, студия йоги и саморазвития;Фитнес-клубы, Центры йоги;микрорайон Самал-2, 66а;+77472031725;+77472031725;yes;;;instagram:https://instagram.com/spherayoga.kz whatsapp:https://wa.me/77472031725;5;63;43.231461;76.953158;70000001047011032_sFsxxn1578G23H83014GGG0Gckrq9373G6G505A816911414wpqt5467AJ1A9G7G5J0J498Jwymhuv7B884A1013363H54BHHHGJH0I479gA
фитнес клуб;Tiger Gym, спортивный клуб;Фитнес-клубы, Тренажёрные залы, Спортивные секции;улица Шолохова, 30;+77016366636 +77083736366;+77016366636;yes;;;instagram:https://instagram.com/tiger_gym_fitnes whatsapp:https://wa.me/77016366636 whatsapp:https://wa.me/77083736366;4.9;115;43.337371;76.941037;70000001020292449_sFsxxn1578G23H83014GGG0Gckrq9373G6G505A816239555wpqt5467AJ1A9G7G5J0J498Jwymhuv7B884A101334AH54CHHHGJH0I4798A
фитнес клуб;Balance and Grace Pilates Studio, ​студия пилатеса;Фитнес-клубы;улица Кажымукана, 10а;+77760075270;+77760075270;yes;;;instagram:https://instagram.com/balance_and_grace_ whatsapp:https://wa.me/77760075270;4.9;51;43.225301;76.95946;70000001067070470_sFsxxn1578G23H83014GGG0Gckrq9373G6G505A816917358wpqt5467AJ1A9G7G5J0J498Jwymhuv7B884A1013381H553HHHGJH0I4795A
фитнес клуб;Nautilus, фитнес-клуб;Фитнес-клубы, Тренажёрные залы;улица Навои, 208/6;+77017306732;+77017306732;yes;;;whatsapp:https://wa.me/77017306732 instagram:https://instagram.com/nautilus_gym vkontakte:https://vk.com/nautilusgym;4.9;51;43.205089;76.885266;70000001054335927_sFsxxn1578G23H83014GGG0Gckrq9373G6G505A8166438A3wpqt5467AJ1A9G7G5J0J498Jwymhuv7B884A1013378H554HHHGJH0I479Ah
фитнес клуб;S-Fitness, фитнес-клуб;Фитнес-клубы, Тренажёрные залы;Богенбай батыра улица, 148;+77758329452;+77758329452;yes;;;instagram:https://instagram.com/s_fitness.kz whatsapp:https://wa.me/77758329452;4.8;77;43.252328;76.935479;70000001027947392_sFsxxn1578G23H83014GGG0Gckrq9373G6G505A8169A4A4Awpqt5467AJ1A9G7G5J0J498Jwymhuv7B884A1013343H555HHHGJH0I479i8
фитнес клуб;Zhailjau, фитнес-клуб;Фитнес-клубы, Бассейны, Тренажёрные залы, Обучение танцам, Аквааэробика;микрорайон Мирас, 188/2;+77272786500 +77472818525;+77472818525;yes;;;instagram:https://instagram.com/zhailjau_fitness whatsapp:https://wa.me/77472818525;4.3;26;43.182285;76.876511;9429940001321644_sFsxxn1578G23HA72AIGG0GGckrq9373G6G505A816531955wpqt5467AJ1A9G7G5JG58BG5wymhuv7B884AA41233H536J1HHGJ1G4892i
фитнес клуб;Arlan Black Wolves, фитнес-клуб;Фитнес-клубы;улица Наурызбай батыра, 91Б;+77071777666;+77071777666;yes;;;instagram:https://instagram.com/arlan.black_wolves whatsapp:https://wa.me/77071777666;4.9;45;43.2476;76.936645;70000001029822221_sFsxxn1578G23H83014GGG0Gckrq9373G6G505A816B92533wpqt5467AJ1A9G7G5J0J498Jwymhuv7B884A1013342H557HHHGJH0I479f3
фитнес клуб;Medina Fitness Studio, фитнес-центр;Фитнес-клубы, Обучение танцам, Центры йоги, Аренда спортивных площадок;микрорайон Нуркент, 5 к20-22;+77072420250;+77072420250;yes;;;instagram:https://instagram.com/medina_fitness_studio whatsapp:https://wa.me/77072420250 telegram:https://t.me/+77072420250;4.9;94;43.260745;76.813353;70000001080010575_sFsxxn1578G23H83014GGG0Gckrq9373G6G505A816211368wpqt5467AJ1A9G7G5J0J498Jwymhuv7B884A10133A6H558HHHGJH0I479i3
фитнес клуб;Arasan Fitness, фитнес-клуб;Фитнес-клубы, Тренажёрные залы;улица Тулебаева, 78;+77019827804 +77023901010;+77019827804;;;;;4.2;26;43.25874;76.948601;70000001046372617_sFsxxn1578G23H83014GGG0Gckrq9373G6G505A816847572wpqt5467AJ1A9G7G5J0J498Jwymhuv7B884A1013368H55AHHHGJH0I47998
фитнес клуб;Phoenix Physical Medicine Clinic, клиника физической медицины;Фитнес-клубы, Занятия ЛФК, Мануальный терапевт, Массажист, Физиотерапевт;улица Толе би, 55;+77088880190;+77088880190;yes;;;instagram:https://instagram.com/ptc_phoenix whatsapp:https://wa.me/77088880190 whatsapp:https://wa.me/77056888842 whatsapp:https://wa.me/77007879192;5;86;43.255648;76.945108;70000001089985473_sFsxxn1578G23H83014GGG0Gckrq9373G6G505A816BA8858wpqt5467AJ1A9G7G5J0J498Jwymhuv7B884A10133A4H55CHHHGJH0I4793i
фитнес клуб;Vavilon Family Sport Club, спортивный клуб;Фитнес-клубы, Обучение танцам;улица Розыбакиева, 247 блок 5;+77479757017 +77272211614;+77479757017;yes;;;instagram:https://instagram.com/vavilon_familysport whatsapp:https://wa.me/77479757017;4.9;78;43.203968;76.892638;70000001034403473_sFsxxn1578G23H83014GGG0Gckrq9373G6G505A816650658wpqt5467AJ1A9G7G5J0J498Jwymhuv7B884A1013354H563HHHGJH0I4799h
фитнес клуб;Пляж, студия;Фитнес-клубы, Услуги загара, Обучение танцам, Массажист, Оформление бровей и ресниц, Косметолог, Визажисты, Аренда спортивных площадок;улица Карасай батыра, 120а;+77011940164;+77011940164;yes;;;instagram:https://instagram.com/plyazh_almaty whatsapp:https://wa.me/77011940164;4.9;67;43.249189;76.916315;70000001019044542_sFsxxn1578G23H83014GGG0Gckrq9373G6G505A816B14765wpqt5467AJ1A9G7G5J0J498Jwymhuv7B884A1013333H564HHHGJH0I479gh
фитнес клуб;Amane, женская фитнес-студия;Фитнес-клубы;проспект Аль-Фараби, 41/7 блок 7;+77778998896;+77778998896;yes;;;instagram:https://instagram.com/amane.almaty whatsapp:https://wa.me/77778998896;5;17;43.22786;76.937689;70000001114791414_sFsxxn1578G23H83014GGG0Gckrq9373G6G505A816689452wpqt5467AJ1A9G7G5J0J498Jwymhuv7B884A1013435H566HHHGJH0I479h9
фитнес клуб;Comfort Stretch, женская фитнес-студия;Фитнес-клубы;улица Торайгырова, 41;+77778056706 +77078705955;+77778056706;yes;;;instagram:https://instagram.com/comfort._.stretch whatsapp:https://wa.me/77778056706;5;24;43.201957;76.870969;70000001116553109_sFsxxn1578G23H83014GGG0Gckrq9373G6G505A816865621wpqt5467AJ1A9G7G5J0J498Jwymhuv7B884A101343AH567HHHGJH0I479B5
фитнес клуб;Family Space, многофункциональный центр для женщин и детей;Фитнес-клубы, Центры йоги, Центры раннего развития детей, Массажист, Языковые школы;микрорайон Самал-2, 91;+77064072950;+77064072950;yes;;;instagram:https://instagram.com/familyspacekz whatsapp:https://wa.me/77064072950;5;51;43.231481;76.955207;70000001064264877_sFsxxn1578G23H83014GGG0Gckrq9373G6G505A816636798wpqt5467AJ1A9G7G5J0J498Jwymhuv7B884A1013388H568HHHGJH0I479fA
фитнес клуб;Orda, фитнес-клуб;Фитнес-клубы, Тренажёрные залы;улица Кунаева, 169/1;+77472423926;+77472423926;yes;;;instagram:https://instagram.com/orda_talgar whatsapp:https://wa.me/77472423926;4.9;91;43.303432;77.220558;70000001076395464_sFsxxn1578G23H83014GGG0Gckrq9373G6G505A816849857wpqt5467AJ1A9G7G5J0J498Jwymhuv7B884A1013395H569HHHGJH0I479d9
фитнес клуб;Versatile Fit-Boxing, фитнес-студия;Фитнес-клубы, Спортивные секции;улица Нурмакова, 4;+77086023432;+77086023432;yes;;;instagram:https://instagram.com/versatile_fitboxing whatsapp:https://wa.me/77086023432;5;35;43.256917;76.906127;70000001112406937_sFsxxn1578G23H83014GGG0Gckrq9373G6G505A8164509A4wpqt5467AJ1A9G7G5J0J498Jwymhuv7B884A1013438H56AHHHGJH0I479f8
фитнес клуб;Elastic Stretch Studio, студия растяжки и фитнеса;Фитнес-клубы, Центры йоги;микрорайон Жетысу-2, 52/1;+77010160040;+77055944291;yes;;;instagram:https://instagram.com/elastic.stretch whatsapp:https://wa.me/77055944291;4.9;111;43.222125;76.846627;70000001065088390_sFsxxn1578G23H83014GGG0Gckrq9373G6G505A816718B4Awpqt5467AJ1A9G7G5J0J498Jwymhuv7B884A1013381H56BHHHGJH0I479CC
фитнес клуб;Comfort Stretch, студия фитнеса и растяжки;Фитнес-клубы;улица Макатаева, 47;+77771000350;+77771000350;yes;;;instagram:https://instagram.com/comfort_stretch whatsapp:https://wa.me/77771000350;5;26;43.265016;76.954827;70000001106048876_sFsxxn1578G23H83014GGG0Gckrq9373G6G505A816814B98wpqt5467AJ1A9G7G5J0J498Jwymhuv7B884A1013427H56CHHHGJH0I47953
фитнес клуб;Kinesis Gym, оздоровительный центр;Фитнес-клубы, Тренажёрные залы, Занятия ЛФК;микрорайон Жетысу-3, 67;+77770533111;+77770533111;yes;;;instagram:https://instagram.com/kinesis.gym whatsapp:https://wa.me/77770533111;5;65;43.220253;76.84313;70000001041576958_sFsxxn1578G23H83014GGG0Gckrq9373G6G505A8163679A6wpqt5467AJ1A9G7G5J0J498Jwymhuv7B884A1013369H573HHHGJH0I479B8
фитнес клуб;Aurelia, студия растяжки;Фитнес-клубы;проспект Сейфуллина, 51/5;+77055596122;+77055596122;yes;;;instagram:https://instagram.com/__aurelia.studio__ whatsapp:https://wa.me/77055596122;4.9;49;43.328894;76.940656;70000001102314360_sFsxxn1578G23H83014GGG0Gckrq9373G6G505A816441747wpqt5467AJ1A9G7G5J0J498Jwymhuv7B884A1013421H574HHHGJH0I479e3
фитнес клуб;Olympia, тренажерный зал;Фитнес-клубы, Тренажёрные залы;улица Шемякина, 192а;+77088505605;+77088505605;;;;;4.7;106;43.303526;76.96555;70000001031426899_sFsxxn1578G23H83014GGG0Gckrq9373G6G505A81635299Awpqt5467AJ1A9G7G5J0J498Jwymhuv7B884A101335AH575HHHGJH0I479dC
фитнес клуб;100 пудов, тренажерный зал;Фитнес-клубы, Тренажёрные залы;микрорайон Аксай-3а, 87;+77772215250 +77772146757;+77772215250;yes;;http://100pudov.mssg.me/;instagram:https://instagram.com/100pudov.kz vkontakte:https://vk.com/stopudovkz facebook:https://facebook.com/100pudovkz whatsapp:https://wa.me/77772215250 whatsapp:https://wa.me/77772146757;4.9;49;43.23756;76.826618;9429940001054030_sFsxxn1578G23HA72AIGG0GGckrq9373G6G505A816264341wpqt5467AJ1A9G7G5JG58BG5wymhuv7B884AA41233H556J1HHGJ1G489fd
фитнес клуб;La Vida Pilates, студия пилатеса;Фитнес-клубы;проспект Гагарина, 245 к5;+77711408820;+77711408820;yes;;;instagram:https://instagram.com/lavidapilates_4you whatsapp:https://wa.me/77711408820;5;54;43.208873;76.896902;70000001074760269_sFsxxn1578G23H83014GGG0Gckrq9373G6G505A816686337wpqt5467AJ1A9G7G5J0J498Jwymhuv7B884A101339AH578HHHGJH0I479Ai
фитнес клуб;Жайлау, фитнес-клуб;Фитнес-клубы, Тренажёрные залы, Спортивные секции;улица Суюнбая, 19Б;+77011553791;+77011553791;yes;;;instagram:https://instagram.com/jailau_komplex whatsapp:https://wa.me/77011553791;4.3;43;43.292824;77.020929;70000001040056563_sFsxxn1578G23H83014GGG0Gckrq9373G6G505A816215967wpqt5467AJ1A9G7G5J0J498Jwymhuv7B884A1013364H579HHHGJH0I479h4
фитнес клуб;Atameken Fitness, тренажерный зал;Фитнес-клубы, Тренажёрные залы, Бассейны;улица Кабанбай батыра, 54;+77711198310;+77711198310;yes;;;instagram:https://instagram.com/atameken_fitness whatsapp:https://wa.me/77711198310;4.7;20;45.020491;78.380221;70000001091213173_sFsxxn1578G23H83014GGG0Gckrq9373G6G505A816331628wpqt5467AJ1A9G7G5J0J498Jwymhuv7B884A10133B4H57AHHHGJH0I479Cg
фитнес клуб;Qazaqstan, спортивно-оздоровительный комплекс;Фитнес-клубы, Тренажёрные залы, Спортивные секции, Бассейны, Аквааэробика;проспект Достык, 308;+77272621958 +77766003292;+77766003292;yes;;;instagram:https://instagram.com/sanatorium_kazakhstan whatsapp:https://wa.me/77766003292;4.2;113;43.212845;76.968739;9429940001458947_sFsxxn1578G23HA72AIGG0GGckrq9373G6G505A816668C58wpqt5467AJ1A9G7G5JG58BG5wymhuv7B884AA41233H55CJ1HHGJ1G489d5
фитнес клуб;Titan Arms, ​тренажерный зал;Фитнес-клубы, Тренажёрные залы;улица Жунисова, 2/23 к7;+77007817777;+77007817777;yes;;;instagram:https://instagram.com/titan_arms_gym whatsapp:https://wa.me/77007817777;5;52;43.224536;76.781569;70000001103786211_y3nl4D1578G23H83014GGG0Gc59zsu73G6G505A817588932wpqt54681J1A0G7G6J0J498J87B4uv7B884A1013422H633HHHGJH0I4794f
фитнес клуб;Ant Gym, тренажерный зал;Фитнес-клубы, Тренажёрные залы;улица Ходжанова, 81 блок 3;+77478477172;+77478477172;yes;;;instagram:https://instagram.com/fitness_ant_gym whatsapp:https://wa.me/77478477172;4.6;42;43.208728;76.912084;70000001103642059_y3nl4D1578G23H83014GGG0Gc59zsu73G6G505A817574516wpqt54681J1A0G7G6J0J498J87B4uv7B884A101342AH634HHHGJH0I47945
фитнес клуб;Gravity Fit, женская фитнес-студия;Фитнес-клубы;микрорайон Думан-2, 57/1;+77075360613 +77066365619;+77066365619;yes;;;instagram:https://instagram.com/gravity_fit.kz whatsapp:https://wa.me/77066365619 whatsapp:https://wa.me/77075360613;5;55;43.288499;77.005483;70000001080551882_y3nl4D1578G23H83014GGG0Gc59zsu73G6G505A817265499wpqt54681J1A0G7G6J0J498J87B4uv7B884A10133A3H635HHHGJH0I479i4
фитнес клуб;Raiymbek Batyr, спортивный комплекс;Фитнес-клубы, Спортивные секции;улица Суюнбая, 1/11;+77007171007 +77016126677;+77007171007;yes;;;whatsapp:https://wa.me/77007171007 whatsapp:https://wa.me/77016126677;4.9;63;43.204174;76.745471;70000001059276661_y3nl4D1578G23H83014GGG0Gc59zsu73G6G505A817B37977wpqt54681J1A0G7G6J0J498J87B4uv7B884A1013372H637HHHGJH0I479e8
фитнес клуб;Studio 191, студия йоги и пилатеса;Фитнес-клубы, Центры йоги;улица Абиша Кекилбайулы, 191;+77789784191;+77789784191;yes;;;instagram:https://instagram.com/studio191.kz whatsapp:https://wa.me/77789784191;5;12;43.198154;76.891367;70000001099069605_y3nl4D1578G23H83014GGG0Gc59zsu73G6G505A817B16C71wpqt54681J1A0G7G6J0J498J87B4uv7B884A10133B6H638HHHGJH0I47953
фитнес клуб;Praim Fitness, фитнес-клуб;Фитнес-клубы;улица Алатау, 8а;+77071944184;+77071944184;yes;;;instagram:https://instagram.com/praim_fitness whatsapp:https://wa.me/77071944184;5;6;43.370211;76.86039;70000001113412415_y3nl4D1578G23H83014GGG0Gc59zsu73G6G505A817551552wpqt54681J1A0G7G6J0J498J87B4uv7B884A1013436H639HHHGJH0I47979
фитнес клуб;Leader fitness club, фитнес-клуб;Фитнес-клубы, Спортивные секции;улица Казыбек би, 82;+77781772820 +77273904504;+77781772820;yes;;;facebook:https://facebook.com/leaderfitnessclub instagram:https://instagram.com/leader_fitness_kz whatsapp:https://wa.me/77781772820;4.9;42;43.255527;76.933953;70000001026017756_y3nl4D1578G23H83014GGG0Gc59zsu73G6G505A817811A86wpqt54681J1A0G7G6J0J498J87B4uv7B884A1013347H63AHHHGJH0I4795e
фитнес клуб;Team fitness, фитнес-клуб;Фитнес-клубы, Бассейны, Тренажёрные залы, Аквааэробика, Спортивные секции;улица Бузурбаева, 33а;+77479800327 +77075100110;+77479800327;yes;;;instagram:https://instagram.com/team.fitnesskz whatsapp:https://wa.me/77479800327;;;43.260326;76.964458;70000001115263526_y3nl4D1578G23H83014GGG0Gc59zsu73G6G505A817736663wpqt54681J1A0G7G6J0J498J87B4uv7B884A1013437H63CHHHGJH0I479Ae
фитнес клуб;Ober Pilates Studio, студия пилатеса;Фитнес-клубы;проспект Абая, 150/230 блок 6;+77011068148;+77011068148;yes;;;instagram:https://instagram.com/ober_pilatesstudio whatsapp:https://wa.me/77011068148;5;4;43.23637;76.884165;70000001115806431_y3nl4D1578G23H83014GGG0Gc59zsu73G6G505A817790954wpqt54681J1A0G7G6J0J498J87B4uv7B884A1013432H645HHHGJH0I479Cg
фитнес клуб;Tengri Wellness, ​​студия йоги и фитнеса;Фитнес-клубы, SPA-процедуры, Центры йоги, Обучение танцам, Массажист;микрорайон Гажайып, 5/2 блок 5;+77477724308 +77064132952;+77477724308;yes;;;instagram:https://instagram.com/tengri.wellness whatsapp:https://wa.me/77477724308 whatsapp:https://wa.me/77064132952;5;22;43.273418;76.813646;70000001104807202_y3nl4D1578G23H83014GGG0Gc59zsu73G6G505A817690A31wpqt54681J1A0G7G6J0J498J87B4uv7B884A1013423H646HHHGJH0I47977
фитнес клуб;Wave, студия растяжки и фитнеса;Фитнес-клубы, Центры йоги;улица Наурызбай батыра, 127 блок 1;+77056230378;+77056230378;yes;;;instagram:https://instagram.com/wavestudio.kz whatsapp:https://wa.me/77056230378;4.9;133;43.237076;76.938235;70000001079203650_y3nl4D1578G23H83014GGG0Gc59zsu73G6G505A817B30676wpqt54681J1A0G7G6J0J498J87B4uv7B884A1013391H647HHHGJH0I47983
фитнес клуб;Tau fitness club, фитнес-клуб;Фитнес-клубы;Басибекова улица, 10Б;+77001000257;+77001000257;yes;;;instagram:https://instagram.com/taufitnessclub whatsapp:https://wa.me/77001000257 whatsapp:https://wa.me/77715101590;4.9;35;43.22266;76.6787;70000001093570489_y3nl4D1578G23H83014GGG0Gc59zsu73G6G505A817567359wpqt54681J1A0G7G6J0J498J87B4uv7B884A10133BAH648HHHGJH0I479de
фитнес клуб;King Fitness, фитнес-клуб;Фитнес-клубы, Тренажёрные залы;микрорайон Кайрат, 181-182 к6;+77479967032;+77479967032;yes;;;whatsapp:https://wa.me/77479967032;5;1;43.302038;77.00572;70000001116791080_y3nl4D1578G23H83014GGG0Gc59zsu73G6G505A817889419wpqt54681J1A0G7G6J0J498J87B4uv7B884A1013431H649HHHGJH0I479gf
фитнес клуб;Brutal Gym, тренажерный зал;Фитнес-клубы, Тренажёрные залы;улица Кунаева, 25;+77477826527;+77477826527;yes;;;instagram:https://instagram.com/brutal__gym whatsapp:https://wa.me/77477826527;4.8;26;43.265749;76.948361;70000001030534999_y3nl4D1578G23H83014GGG0Gc59zsu73G6G505A8172637AAwpqt54681J1A0G7G6J0J498J87B4uv7B884A101335AH64AHHHGJH0I47976
фитнес клуб;Flower Dance, танцевальная студия;Фитнес-клубы, Обучение танцам, Сценические и карнавальные костюмы;микрорайон Жетысу-3, 65;+77714580832 +77471818315;+77471818315;yes;;;instagram:https://instagram.com/studio_flower_dance facebook:https://facebook.com/flower.dance.3304 whatsapp:https://wa.me/77471818315 whatsapp:https://wa.me/77714580832 telegram:https://t.me/+77471818315;5;54;43.221131;76.842739;70000001038873872_y3nl4D1578G23H83014GGG0Gc59zsu73G6G505A817A97698wpqt54681J1A0G7G6J0J498J87B4uv7B884A1013353H64BHHHGJH0I479f3
фитнес клуб;Olive Pilates, студия пилатеса;Фитнес-клубы;улица Каныша Сатпаева, 30/2;+77088615899;+77088615899;yes;;http://olive-pilates.kz;instagram:https://instagram.com/olive_pilates_ whatsapp:https://wa.me/77088615899 telegram:https://t.me/+77088615899;4.9;69;43.234384;76.922606;70000001088977133_y3nl4D1578G23H83014GGG0Gc59zsu73G6G505A817AA7A24wpqt54681J1A0G7G6J0J498J87B4uv7B884A10133A4H64CHHHGJH0I479gh
фитнес клуб;Ari, студия танцев;Фитнес-клубы, Обучение танцам;улица Есенова, 160/3 к2;+77757726037;+77757726037;yes;;;instagram:https://instagram.com/ari_dancestudio whatsapp:https://wa.me/77757726037;5;69;43.286981;76.94947;70000001085348274_y3nl4D1578G23H83014GGG0Gc59zsu73G6G505A817744B38wpqt54681J1A0G7G6J0J498J87B4uv7B884A10133A5H653HHHGJH0I4796e
фитнес клуб;Alta pole studio, студия танцев;Фитнес-клубы, Обучение танцам, Спортивные секции;улица Толе би, 189д;+77476048506 +77471937446;+77476048506;yes;;;instagram:https://instagram.com/dance_studio_alta whatsapp:https://wa.me/77476048506;4.9;55;43.252213;76.891215;70000001023960519_y3nl4D1578G23H83014GGG0Gc59zsu73G6G505A8175A6362wpqt54681J1A0G7G6J0J498J87B4uv7B884A101334AH654HHHGJH0I479ff
фитнес клуб;Спортивный клуб;Фитнес-клубы;улица Кенесары хана, 115;+77474912735;+77474912735;yes;;;whatsapp:https://wa.me/77474912735;5;51;43.172416;76.87121;70000001051584897_y3nl4D1578G23H83014GGG0Gc59zsu73G6G505A81736879Awpqt54681J1A0G7G6J0J498J87B4uv7B884A1013378H655HHHGJH0I47945
фитнес клуб;Estraduo women`s studio, женская фитнес-студия;Фитнес-клубы;микрорайон Шугыла, 340/3 к4;+77752236961 +77752360201 +77058418800 +77754546304;+77752236961;yes;;;whatsapp:https://wa.me/77752236961 instagram:https://instagram.com/estraduo_fit whatsapp:https://wa.me/77058418800 whatsapp:https://wa.me/77754546304;5;60;43.208462;76.786776;70000001101426312_y3nl4D1578G23H83014GGG0Gc59zsu73G6G505A817352942wpqt54681J1A0G7G6J0J498J87B4uv7B884A1013423H656HHHGJH0I4794e
фитнес клуб;YA. Pilates Room, студия пилатеса;Фитнес-клубы;улица Аскарова, 12;+77777474795;+77003080014;yes;;http://yafitness.kz/pilates;instagram:https://instagram.com/ya.pilatesroom whatsapp:https://wa.me/77003080014;5;1;43.197074;76.869105;70000001117250274_y3nl4D1578G23H83014GGG0Gc59zsu73G6G505A817935338wpqt54681J1A0G7G6J0J498J87B4uv7B884A1013435H657HHHGJH0I479A6
фитнес клуб;Energy Fitness Talgar;Фитнес-клубы, Тренажёрные залы;улица Кунаева, 140;+77017558024 +77772280411;+77772146655;yes;;;instagram:https://instagram.com/energy_fitness_talgar whatsapp:https://wa.me/77772146655;4.9;32;43.302697;77.228208;70000001050819686_y3nl4D1578G23H83014GGG0Gc59zsu73G6G505A817291C79wpqt54681J1A0G7G6J0J498J87B4uv7B884A1013377H659HHHGJH0I479if
фитнес клуб;Lexy Pilates, студия пилатеса;Фитнес-клубы;проспект Назарбаева, 124;+77772074150;+77772074150;yes;;;instagram:https://instagram.com/lexy.pilates whatsapp:https://wa.me/77772074150;5;13;43.251288;76.947581;70000001103312940_y3nl4D1578G23H83014GGG0Gc59zsu73G6G505A8175415A5wpqt54681J1A0G7G6J0J498J87B4uv7B884A1013421H65AHHHGJH0I479A3
фитнес клуб;Tursynbala sport, фитнес-клуб;Фитнес-клубы, Спортивные секции;Кульджинский тракт, 1554;+77077788094 +77088080848;+77077788094;yes;;;whatsapp:https://wa.me/77077788094 whatsapp:https://wa.me/77088080848;4.7;19;43.355795;77.071799;70000001099158031_y3nl4D1578G23H83014GGG0Gc59zsu73G6G505A817B25B14wpqt54681J1A0G7G6J0J498J87B4uv7B884A10133B2H65BHHHGJH0I4793f
фитнес клуб;Siluet, студия танца и фитнеса;Фитнес-клубы;микрорайон Аксай-1, 10/3;+77772870457 +77071047510;+77772870457;yes;;;instagram:https://instagram.com/siluet_fitness whatsapp:https://wa.me/77772870457 whatsapp:https://wa.me/77071047510;4.9;61;43.243666;76.835841;70000001025257325_y3nl4D1578G23H83014GGG0Gc59zsu73G6G505A817735A43wpqt54681J1A0G7G6J0J498J87B4uv7B884A1013346H65CHHHGJH0I479B7
фитнес клуб;Feel fit club, женская фитнес студия;Фитнес-клубы;улица Катаева, 158а;+77055089858;+77055089858;yes;;;instagram:https://instagram.com/feelfit.club_ whatsapp:https://wa.me/77055089858;5;55;43.233858;76.891607;70000001095141044_y3nl4D1578G23H83014GGG0Gc59zsu73G6G505A817724415wpqt54681J1A0G7G6J0J498J87B4uv7B884A10133B5H664HHHGJH0I47974
фитнес клуб;Sis fit studio, женская фитнес студия;Фитнес-клубы;улица Н. Алдабергенова, 229;+77779697288;+77779697288;yes;;;instagram:https://instagram.com/sis.fitstudio whatsapp:https://wa.me/77779697288;4.9;24;45.007598;78.357689;70000001114185197_y3nl4D1578G23H83014GGG0Gc59zsu73G6G505A81762882Awpqt54681J1A0G7G6J0J498J87B4uv7B884A1013438H665HHHGJH0I479eA
фитнес клуб;Sisters fitness, женская фитнес-студия;Фитнес-клубы;проспект Сейфуллина, 51/8;+77078991119;+77078991119;yes;;;instagram:https://instagram.com/sisters__fitness whatsapp:https://wa.me/77078991119;5;13;43.328655;76.939889;70000001097867295_y3nl4D1578G23H83014GGG0Gc59zsu73G6G505A817996A3Awpqt54681J1A0G7G6J0J498J87B4uv7B884A10133B6H666HHHGJH0I479Cf
фитнес клуб;Sparta, фитнес-клуб;Фитнес-клубы, Тренажёрные залы;Водник 1 микрорайон, 4Б;+77753999700;+77753999700;yes;;;instagram:https://instagram.com/sparta.almaty whatsapp:https://wa.me/77753999700;4.7;91;43.369039;76.85652;70000001040562848_y3nl4D1578G23H83014GGG0Gc59zsu73G6G505A817266595wpqt54681J1A0G7G6J0J498J87B4uv7B884A1013369H667HHHGJH0I4796g
фитнес клуб;YA. Pilates Room, студия пилатеса;Фитнес-клубы;проспект Абая, 109в;+77000309413 +77003080014 +77006133013;+77003080014;yes;;http://yafitness.kz/pilates;instagram:https://instagram.com/ya.pilatesroom whatsapp:https://wa.me/77003080014;4.8;10;43.240412;76.906113;70000001097257981_y3nl4D1578G23H83014GGG0Gc59zsu73G6G505A817935AA9wpqt54681J1A0G7G6J0J498J87B4uv7B884A10133B2H668HHHGJH0I479eg
фитнес клуб;Lifetime, фитнес-центр персонального тренинга;Фитнес-клубы, Тренажёрные залы;улица Розыбакиева, 273;+77273022665 +77017127852 +77017590552;+77017127852;yes;;;instagram:https://instagram.com/lifetimeclub whatsapp:https://wa.me/77017127852 whatsapp:https://wa.me/77017590552;4.5;18;43.198955;76.893718;9429940001061674_y3nl4D1578G23HA72AIGG0GGc59zsu73G6G505A817271985wpqt54681J1A0G7G6JG58BG587B4uv7B884AA41233H649J1HHGJ1G489g7
фитнес клуб;Flexx Fitness club, фитнес-клуб для женщин и детей;Фитнес-клубы, Обучение танцам, Спортивные секции, Тренажёрные залы;улица Алтын Орда, 6а/89;+77471322871;+77471322871;yes;;;instagram:https://instagram.com/flexx_fitnessclub whatsapp:https://wa.me/77471322871;4.9;49;43.216647;76.776556;70000001103739286_y3nl4D1578G23H83014GGG0Gc59zsu73G6G505A817583C39wpqt54681J1A0G7G6J0J498J87B4uv7B884A1013427H66AHHHGJH0I479Bg
фитнес клуб;Sine Tempore, фитнес-клуб;Фитнес-клубы, Тренажёрные залы;улица Толе би, 40;+77272916821 +77077916821;+77077916821;yes;;;instagram:https://instagram.com/_sine_tempore_ whatsapp:https://wa.me/77077916821;5;36;43.2552;76.95316;9429940000956426_y3nl4D1578G23HA72AIGG0GGc59zsu73G6G505A817B66737wpqt54681J1A0G7G6JG58BG587B4uv7B884AA41232H64CJ1HHGJ1G489gA
фитнес клуб;Пик, спортивный зал;Фитнес-клубы;улица Грибоедова, 80;+77273831812 +77476326040;+77273831812;;;http://pikstudio.kz;;;;43.283798;76.949889;70000001114324561_y3nl4D1578G23H83014GGG0Gc59zsu73G6G505A817642767wpqt54681J1A0G7G6J0J498J87B4uv7B884A1013432H673HHHGJH0I4798i
фитнес клуб;Gym_Olimpia, фитнес-клуб;Фитнес-клубы, Спортивное питание;улица Толе би, 1;+77087722007;+77087722007;yes;;;instagram:https://instagram.com/_gym_olimpia_ whatsapp:https://wa.me/77087722007;4.9;17;43.20007;76.628142;70000001055718909_y3nl4D1578G23H83014GGG0Gc59zsu73G6G505A817781BA1wpqt54681J1A0G7G6J0J498J87B4uv7B884A101337AH674HHHGJH0I479ff
фитнес клуб;Flamingo, студия танцев и фитнеса;Фитнес-клубы, Обучение танцам;улица Бекмаханова, 51а;+77059113968;+77059113968;yes;;;instagram:https://instagram.com/flamingo.dance.fit.studio whatsapp:https://wa.me/77059113968;5;20;43.350821;76.959628;70000001090476123_y3nl4D1578G23H83014GGG0Gc59zsu73G6G505A817257923wpqt54681J1A0G7G6J0J498J87B4uv7B884A10133B4H675HHHGJH0I4796h
фитнес клуб;L-fitness, фитнес-клуб;Фитнес-клубы, Центры йоги, Обучение танцам, Занятия ЛФК;улица Айманова, 155;+77018756498;+77018756498;yes;;;instagram:https://instagram.com/l_fitness_almaty facebook:https://facebook.com/lfitnessalmaty whatsapp:https://wa.me/77018756498;4.6;104;43.231716;76.897953;70000001028679083_y3nl4D1578G23H83014GGG0Gc59zsu73G6G505A817A77C19wpqt54681J1A0G7G6J0J498J87B4uv7B884A1013344H676HHHGJH0I47965
фитнес клуб;AF Sport, женский фитнес-клуб;Фитнес-клубы, Услуги загара;улица Кунаева, 49;+77714955500;+77714955500;yes;;http://affitness.kz;instagram:https://instagram.com/affitnessclub whatsapp:https://wa.me/77714955500 whatsapp:https://wa.me/77715725540;4.7;36;43.261479;76.948997;9429940000784970_y3nl4D1578G23HA72AIGG0GGc59zsu73G6G505A817994C81wpqt54681J1A0G7G6JG58BG587B4uv7B884AA41232H657J1HHGJ1G489d3
фитнес клуб;IronGym, спортивный клуб;Фитнес-клубы, Тренажёрные залы;улица Каныша Сатпаева, 30/2в;+77023616797;+77023616797;yes;;;instagram:https://instagram.com/irongym_almaty whatsapp:https://wa.me/77023616797;4.7;24;43.235256;76.92217;9429940001345485_y3nl4D1578G23HA72AIGG0GGc59zsu73G6G505A817555796wpqt54681J1A0G7G6JG58BG587B4uv7B884AA41233H658J1HHGJ1G489f4
фитнес клуб;Baikent Gym, фитнес-клуб;Фитнес-клубы, Тренажёрные залы;улица Гагарина, 10в;+77777316806;+77777316806;yes;;;instagram:https://instagram.com/baikent_gym whatsapp:https://wa.me/77777316806;5;1;43.472429;76.805388;70000001116908213_y3nl4D1578G23H83014GGG0Gc59zsu73G6G505A8178A0B32wpqt54681J1A0G7G6J0J498J87B4uv7B884A1013434H679HHHGJH0I4798g
фитнес клуб;Cardinal, студия танца;Фитнес-клубы, Обучение танцам;улица Майлина, 109;+77772499595;+77772499595;yes;;;instagram:https://instagram.com/cardinaldance whatsapp:https://wa.me/77772499595;4.7;27;43.328136;76.975371;9429940000898357_y3nl4D1578G23HA72AIGG0GGc59zsu73G6G505A817AA8668wpqt54681J1A0G7G6JG58BG587B4uv7B884AA41232H65AJ1HHGJ1G489g3
детский центр;Akadembala, элитный детский сад;Частные детские сады, Центры раннего развития детей;Строительная улица, 11/1;+77003733032;+77003733032;yes;;;instagram:https://instagram.com/akadembala whatsapp:https://wa.me/77003733032;5;23;43.199653;76.910623;70000001116314241_rccfnxu27B884A4384173237267Az5B5t2fG51578G7G1J3H8142708It5473G65A8172G3011013GJHG3I27huvwpq683J1A052H1J4H2GGG0HH
детский центр;Ивушка, детский сад;Частные детские сады, Центры раннего развития детей;проспект Сейфуллина, 516;+77770307070;+77770307070;yes;;http://ivushkasadik.kz;instagram:https://instagram.com/ivushka_sadik whatsapp:https://wa.me/77770307070;4.9;84;43.247857;76.934811;9429940000795153_frccfn1578G23HA72A4GGG0Gz5B5t273G6G505A8179A5464wpqt54683J1A2G7G1J13635Jxu7huv7B884AA41232H2H4J2HHGJH1I321737g8
детский центр;Бала Paradise, частный детский сад;Частные детские сады, Центры раннего развития детей, Логопед;улица Ходжанова, 59/4;+77785890555 +77765890555;+77765890555;yes;;;instagram:https://instagram.com/balaparadaise whatsapp:https://wa.me/77765890555 whatsapp:https://wa.me/77785890555 telegram:https://t.me/+77785890555;5;49;43.209831;76.910518;70000001077841380_rccfnxu27B884A39994442372681z5B5t2fG51578G7G1J3H8142708It5473G65A8172G3011013GJHG3I27huvwpq683J1A091H3J4H2GGG0HH
детский центр;Зайка, сеть частных детских садов;Частные детские сады;улица Кожамкулова, 149;+77001360606;+77776178365;yes;zaikasadik@bk.ru;http://www.zaikasadik.kz;instagram:https://instagram.com/zaikasadik.kz facebook:https://facebook.com/Zaikasadikkz-108844620876786 whatsapp:https://wa.me/77776178365;4.9;63;43.256979;76.915557;70000001028058395_rccfnxu27B884A34A15B423726A9z5B5t2fG51578G7G1J3H8142708It5473G65A8172G3011013GJHG3I27huvwpq683J1A0A6H4J4H2GGG0HH
детский центр;Uniflex KidS, частный детский сад;Частные детские сады;микрорайон Жетысу-2, 2а;+77787888837;+77774973432;yes;;;instagram:https://instagram.com/uniflex_kids whatsapp:https://wa.me/77774973432 whatsapp:https://wa.me/77787888837;4.8;56;43.224187;76.842067;70000001060407886_rccfnxu27B884A38250A923726d2z5B5t2fG51578G7G1J3H8142708It5473G65A8172G3011013GJHG3I27huvwpq683J1A097H5J4H2GGG0HH
детский центр;Avatariya, детский развлекательный центр;Детские игровые залы, Организация праздников, Аттракционы, Батутные центры, Картинг, Спортивно-тактические клубы;улица Саина, 16а;+77003003323;+77003003323;yes;info@avatariya.kz;http://birthday-avatariya.kz http://tiktok.com/@avatariya_park http://avatariya.com;instagram:https://instagram.com/avatariya.almaty whatsapp:https://wa.me/77003003323;4.7;7928;43.239624;76.841789;70000001067380312_frccfn1578G23H83014GGG0Gz5B5t273G6G505A817948342wpqt54683J1A2G7G1J19973Jxu7huv7B884A1013383H6J4HHHGJH1I37876e7
детский центр;Kidlavie, детский развлекательный центр;Детские игровые залы, Организация праздников, Боулинг;проспект Сейфуллина, 483;+77001020600 +77071451293;+77001020600;yes;park@kidlavie.kz;http://kidlavie.kz;instagram:https://instagram.com/kidlavie.kz whatsapp:https://wa.me/77001020600;4.9;1281;43.264371;76.92901;70000001039293669_frccfn1578G23H83014GGG0Gz5B5t273G6G505A817B39677wpqt54683J1A2G7G1J19973Jxu7huv7B884A101335AH7J4HHHGJH1I37876gf
детский центр;First, детский сад с предшкольной подготовкой;Центры раннего развития детей, Помощь в обучении, Частные детские сады;микрорайон Мирас, 59;+77007909099;+77007909099;;firstalmaty@mail.ru;;instagram:https://instagram.com/firstalmaty;4.8;92;43.186667;76.877404;70000001033972365_frccfn1578G23H8301IGG0GGz5B5t273G6G505A8175A7547wpqt54683J1A2G7G1J59A6G5xu7huv7B884A1013356H8J4HHHGJ2G7894A3
детский центр;Sparks Preschool, частный детский сад;Частные детские сады;микрорайон Мирас, 160;+77087051885;+77087051885;yes;;;instagram:https://instagram.com/sparks.kaz instagram:https://instagram.com/sparks_kz whatsapp:https://wa.me/77087051885;4.7;31;43.190187;76.870553;70000001037589732_rccfnxu27B884A35968C823726A2z5B5t2fG51578G7G1J3H8142708It5473G65A8172G3011013GJHG3I27huvwpq683J1A043H9J4H2GGG0HH
детский центр;NGS Kindergarten, детский сад;Частные детские сады;Жангир хана улица, 4;+77273124545 +77087045544;+77273124545;;;http://ngs-school.kz/ru/almaty/kindergarten;instagram:https://instagram.com/ngs_kindergarten;5;1;43.19107;76.92126;70000001115506558_rccfnxu27B884A43760962372646z5B5t2fG51578G7G1J3H8142708It5473G65A8172G3011013GJHG3I27huvwpq683J1A069HAJ4H2GGG0HH
детский центр;Lolo-Жеті Бата, детский сад;Частные детские сады;Новый переулок, 16;+77773533655;+77773533655;yes;;;instagram:https://instagram.com/7.bata_lolo whatsapp:https://wa.me/77773533655;5;71;43.250287;76.836035;70000001063520029_rccfnxu27B884A3856231243617ez5B5t2fG51578G7G1J3H8G433437t5473G65A8172G3011013GJHGI3H7huvwpq683J1A03AH23J2G2GGG1Hb
детский центр;Еркем-ай, частный детский сад;Частные детские сады, Центры раннего развития детей;улица Жамакаева, 93;+77078096651 +77078096652;+77078096652;yes;ismailovan@mail.ru;;instagram:https://instagram.com/erkemai.balabaqsha whatsapp:https://wa.me/77078096652;5;27;43.219406;76.945241;70000001059760963_rccfnxu27B884A37B863A243617ez5B5t2fG51578G7G1J3H8G433437t5473G65A8172G3011013GJHGI3H7huvwpq683J1A074H24J2G2GGG1H1
детский центр;КАСЕ, детский развивающий центр;Центры раннего развития детей, Обучение танцам, Помощь в обучении, Логопед, Детские лагеря;микрорайон Мамыр-3, 17/1;+77779940811 +77775982820;+77779940811;yes;kace.almaty@gmail.com;;instagram:https://instagram.com/kace.almaty whatsapp:https://wa.me/77779940811 whatsapp:https://wa.me/77775982820;5;148;43.214826;76.855052;70000001033752729_frccfn1578G23H83014GGG0Gz5B5t273G6G505A817585583wpqt54683J1A2G7G1JG88B3Jxu7huv7B884A101335AH25J2HHGJH1I779669
детский центр;Almaland, частный детский сад;Частные детские сады;Огородная улица, 8;+77477230374;+77787959955;yes;;;instagram:https://instagram.com/almaland_kids facebook:https://facebook.com/Almaland whatsapp:https://wa.me/77787959955;4.6;80;43.232176;76.929807;70000001017973629_rccfnxu27B884A339A767243617fz5B5t2fG51578G7G1J3H8G433437t5473G65A8172G3011013GJHGI3H7huvwpq683J1A03AH26J2G2GGG1Hf
детский центр;Ainalaiyn Kids, элитный частный сад;Частные детские сады;Торангы улица, 38;+77015555426 +77078652115 +77770910982;+77078652115;yes;;;whatsapp:https://wa.me/77078652115 whatsapp:https://wa.me/77770910982 whatsapp:https://wa.me/77015555426;5;1;43.185213;76.924599;70000001117356076_rccfnxu27B884A4394591243617cz5B5t2fG51578G7G1J3H8G433437t5473G65A8172G3011013GJHGI3H7huvwpq683J1A087H27J2G2GGG1H2
детский центр;Alash kids, ​частный детский сад;Частные детские сады;проспект Аль-Фараби, 75в/4;+77719111919 +77472554490;+77472554490;yes;;;instagram:https://instagram.com/alashkids2023 whatsapp:https://wa.me/77472554490 whatsapp:https://wa.me/77719111919;4.9;47;43.210813;76.913126;70000001080285506_rccfnxu27B884A3A23886243617gz5B5t2fG51578G7G1J3H8G433437t5473G65A8172G3011013GJHGI3H7huvwpq683J1A017H28J2G2GGG1H4
детский центр;Lumi Garden, детский развивающий центр;Частные детские сады, Центры раннего развития детей, Курсы робототехники, Языковые школы, Логопед;улица Карибжанова, 81;+77014939007;+77014939007;yes;;;instagram:https://instagram.com/lumigarden.kz whatsapp:https://wa.me/77014939007;;;43.217091;76.944419;70000001116298621_rccfnxu27B884A43839B7243617Az5B5t2fG51578G7G1J3H8G433437t5473G65A8172G3011013GJHGI3H7huvwpq683J1A032H29J2G2GGG1H6
детский центр;Nasledniki, центр семейного отдыха;Детские игровые залы, Батутные центры;микрорайон Мамыр-1, 8а;+77762007878 +77077068899;+77762007878;yes;;http://tiktok.com/@nasledniki_almaty http://nasledniki.kz http://nasledniki.kz/sputnikru;instagram:https://instagram.com/nasledniki_almaty facebook:https://facebook.com/Nasledniki-644603435748281 whatsapp:https://wa.me/77762007878 instagram:https://instagram.com/nasledniki_sputnik whatsapp:https://wa.me/77077068899;4.8;1776;43.211837;76.842462;70000001047666431_frccfn1578G23H8301I2GGG0z5B5t273G6G505A817976954wpqt54683J1A2G7G1JG48A46xu7huv7B884A1013362H2AJ2HHGJHG3I27A7523
детский центр;Funky Planet, развлекательный парк;Детские игровые залы;Кульджинский тракт, 106;+77479133808;+77479133808;yes;;http://Funky.kz;instagram:https://instagram.com/funky_world_almaty_ whatsapp:https://wa.me/77479133808 instagram:https://instagram.com/funky_planet_east_;4.7;2077;43.314024;77.024079;70000001081239323_frccfn1578G23H8301I2GGG0z5B5t273G6G505A817333C43wpqt54683J1A2G7G1JG48A46xu7huv7B884A10133A4H2BJ2HHGJHG3I27A75e4
детский центр;Balafun, частный ясли-сад;Частные детские сады;улица Кенесары хана, 23;+77711632652;+77711632652;yes;;;instagram:https://instagram.com/balafun_almaty whatsapp:https://wa.me/77711632652;5;16;43.167224;76.880438;70000001084553111_rccfnxu27B884A3A665622436175z5B5t2fG51578G7G1J3H8G433437t5473G65A8172G3011013GJHGI3H7huvwpq683J1A022H2CJ2G2GGG1He
детский центр;Oisana, образовательный центр;Центры раннего развития детей, Помощь в обучении, Языковые школы, Детские лагеря, Курсы робототехники;улица Байкадамова, 2д;+77007750540;+77007750540;yes;oisana@inbox.ru;http://oisana.kz;instagram:https://instagram.com/oisana.kz facebook:https://facebook.com/oisana.kz whatsapp:https://wa.me/77007750540;4.9;232;43.213783;76.899749;70000001031953771_frccfn1578G23H83014GGG0Gz5B5t273G6G505A8173A5688wpqt54683J1A2G7G1JG88B3Jxu7huv7B884A1013352H33J2HHGJH1I7796f8
детский центр;Всезнайка, детский центр;Центры раннего развития детей, Спортивные секции, Логопед, Психолог, Занятия ЛФК, Детские лагеря, Помощь в обучении;6-й микрорайон, 16;+77772222305;+77772222305;yes;vseznaika.kz@mail.ru;;instagram:https://instagram.com/vseznaika.kz_almaty whatsapp:https://wa.me/77772222305;4.9;114;43.21921;76.852724;70000001063156334_frccfn1578G23H83014GGG0Gz5B5t273G6G505A817525944wpqt54683J1A2G7G1JG88B3Jxu7huv7B884A1013385H34J2HHGJH1I77964B
детский центр;Школа искусств и дизайна им. А. Кастеева;Центры раннего развития детей, Детские художественные школы, Курсы творчества для детей, Курсы творчества для взрослых;улица Ауэзова, 38а;+77782008242;+77782008242;yes;info@kasteyev.kz;;vkontakte:https://vk.com/public.kasteyev instagram:https://instagram.com/kasteyev.kz facebook:https://facebook.com/public.kasteyev whatsapp:https://wa.me/77782008242;4.8;142;43.248739;76.903135;9429940000802326_frccfn1578G23HA72AIGG0GGz5B5t273G6G505A817A12637wpqt54683J1A2G7G1J59A6G5xu7huv7B884AA41232H33J4HHHGJ2G78944A
детский центр;Капитошка, частный детский сад;Частные детские сады, Языковые школы, Спортивные секции, Спортивно-интеллектуальные клубы, Логопед, Курсы робототехники, Курсы творчества для детей;улица Болтириковой, 15;+77770330039;+77770330039;yes;;http://www.kapitoshkasadik.kz;instagram:https://instagram.com/kapitoshka_sadik_almaty whatsapp:https://wa.me/77770330039;5;54;43.184492;76.903778;9429940001243880_rccfnxu27B884A33453B923726g8z5B5t2fG51578G7G1J3HA142708It5473G65A8172G72AA412GJHG3I27huvwpq683J1A01H34J4H2GGG0HH
детский центр;Clever Fox, академия раннего развития;Центры раннего развития детей, Помощь в обучении, Курсы творчества для детей, Спортивные секции, Дневные детские лагеря;улица Бальзака, 8 лит В;+77087030990 +77055795202;+77055795202;yes;;;instagram:https://instagram.com/cleverfox_almaty whatsapp:https://wa.me/77055795202;5;66;43.225688;76.933627;70000001032745311_frccfn1578G23H83014GGG0Gz5B5t273G6G505A817484842wpqt54683J1A2G7G1JG88B3Jxu7huv7B884A1013352H37J2HHGJH1I7796hg
детский центр;Да Винчи, художественная школа;Курсы творчества для детей, Художественные курсы;улица Розыбакиева, 270а;+77770649867;+77770649867;yes;;http://mdavinchi.kz;instagram:https://instagram.com/shkoladavinci whatsapp:https://wa.me/77770649867;5;35;43.214225;76.893484;70000001113886556_frccfn1578G23H8301I2GGG0z5B5t273G6G505A817598966wpqt54683J1A2G7G1JG45A8Cxu7huv7B884A1013437H38J2HHGJHG3I24ABBeg
детский центр;Bravo Kids, коррекционный центр;Центры раннего развития детей, Нейропсихолог, Дефектолог, Логопед, Психиатр;улица Ладыгина, 30;+77057974730;+77057974730;yes;;;whatsapp:https://wa.me/77057974730 instagram:https://instagram.com/aba_bravokids_almaty;5;92;43.207396;76.873226;70000001064906749_frccfn1578G23H83014GGG0Gz5B5t273G6G505A8176A0985wpqt54683J1A2G7G1JG88B3Jxu7huv7B884A101338AH39J2HHGJH1I7796Bh
детский центр;Kinder mind, детский центр развития;Центры раннего развития детей;проспект Гагарина, 287/1;+77755457935;+77755457935;yes;kindermind.ala@gmail.com;;instagram:https://instagram.com/kindermind_ala whatsapp:https://wa.me/77755457935;4.9;61;43.204974;76.896851;70000001094778561_frccfn1578G23H83014GGG0Gz5B5t273G6G505A817687B67wpqt54683J1A2G7G1JG88B3Jxu7huv7B884A10133B2H3AJ2HHGJH1I77969A
детский центр;SIRIUS KIDS PREMIUM, частный детский сад;Частные детские сады;улица Омирзакова, 121;+77073456152;+77073456152;yes;kidssirius5@gmail.com;;instagram:https://instagram.com/sirius.kids_premium whatsapp:https://wa.me/77073456152;5;78;43.187535;76.805288;70000001092716145_rccfnxu27B884A3B48192243617Az5B5t2fG51578G7G1J3H8G433437t5473G65A8172G3011013GJHGI3H7huvwpq683J1A056H3BJ2G2GGG1Hf
детский центр;AMS Poznai-ka, частная школа;Частные детские сады, Центры раннего развития детей, Детские лагеря;улица Ахмедьярова, 7;+77772143692 +77772698537;+77772143692;yes;amschool17@gmail.com;http://ams-poznai-ka.kz;whatsapp:https://wa.me/77772143692 whatsapp:https://wa.me/77772698537 instagram:https://instagram.com/almaty_montessori_school;1.4;1;43.21736;76.953623;70000001116454875_rccfnxu27B884A43855792436173z5B5t2fG51578G7G1J3H8G433437t5473G65A8172G3011013GJHGI3H7huvwpq683J1A086H3CJ2G2GGG1Hg
детский центр;Future Kids, детский центр;Центры раннего развития детей, Помощь в обучении, Логопед, Курсы творчества для детей, Языковые школы, Обучение танцам, Спортивные секции;микрорайон Жетысу-1, 51;+77009864292;+77009864292;yes;futurekids_kz@mail.ru;;instagram:https://instagram.com/futurekids_kz facebook:https://facebook.com/futurekids.kz whatsapp:https://wa.me/77009864292;4.9;136;43.218101;76.839781;70000001039957579_frccfn1578G23H83014GGG0Gz5B5t273G6G505A817BA5A68wpqt54683J1A2G7G1JG88B3Jxu7huv7B884A101335AH43J2HHGJH1I7796gd
детский центр;Алихан 2019, частный детский сад;Частные детские сады, Логопед;улица Байтурсынова, 18;+77081781093;+77081781093;yes;;;whatsapp:https://wa.me/77081781093 instagram:https://instagram.com/alixan_2019_balabakshasi telegram:https://t.me/+77081781093;4.9;30;43.195391;76.752608;70000001080350396_rccfnxu27B884A3A24534243617Az5B5t2fG51578G7G1J3H8G433437t5473G65A8172G3011013GJHGI3H7huvwpq683J1A0A7H44J2G2GGG1H9
детский центр;Adis Education, учебный центр;Центры раннего развития детей, Помощь в обучении, Языковые школы;микрорайон Жетысу-3, 64;+77071076363;+77071076363;yes;;;instagram:https://instagram.com/adis_education whatsapp:https://wa.me/77071076363;5;50;43.221622;76.842595;70000001091597015_frccfn1578G23H83014GGG0Gz5B5t273G6G505A817369A12wpqt54683J1A2G7G1JG88B3Jxu7huv7B884A10133B6H45J2HHGJH1I7796dc
детский центр;Чудесная страна, частный детский сад;Частные детские сады;Радлова улица, 22;+77089716392 +77000333945;+77089716392;yes;;;facebook:https://facebook.com/chudo.strana.medeuskiy instagram:https://instagram.com/chudesnaya_strana_sadik_almaty whatsapp:https://wa.me/77089716392 whatsapp:https://wa.me/77000333945;5;51;43.24379;76.973777;70000001034936701_rccfnxu27B884A356A3982436176z5B5t2fG51578G7G1J3H8G433437t5473G65A8172G3011013GJHGI3H7huvwpq683J1A012H46J2G2GGG1Hc
детский центр;Dastur 2, частный детский сад;Частные детские сады;микрорайон Мамыр-4, 44;+77076856960 +77075575039 +77015575039;+77076856960;yes;;;instagram:https://instagram.com/dastur_balabaksha_2 whatsapp:https://wa.me/77076856960 whatsapp:https://wa.me/77015575039;4.9;30;43.21572;76.84612;70000001052404749_rccfnxu27B884A37450782436177z5B5t2fG51578G7G1J3H8G433437t5473G65A8172G3011013GJHGI3H7huvwpq683J1A05AH47J2G2GGG1H7
детский центр;AiDi Baby, детский образовательный центр;Центры раннего развития детей, Помощь в обучении, Обучение танцам, Курсы творчества для детей;микрорайон Думан-2, 8;+77003670557 +77003670500;+77003670557;yes;aidiconsalmaty@gmail.com;;facebook:https://facebook.com/profile.php?id=100009297483748 instagram:https://instagram.com/aidibaby_almaty whatsapp:https://wa.me/77003670557 whatsapp:https://wa.me/77003670500 telegram:https://t.me/+77003670557;4.8;234;43.285735;76.999972;70000001017892535_frccfn1578G23H83014GGG0Gz5B5t273G6G505A817999564wpqt54683J1A2G7G1JG88B3Jxu7huv7B884A1013336H48J2HHGJH1I7796if
детский центр;Aigenius kids, детский сад;Частные детские сады, Центры раннего развития детей, Спортивные секции;улица Бейимбета Майлина, 18;+77027586454;+77027586454;yes;aigeniusschool@gmail.com;;instagram:https://instagram.com/aigenius.kz whatsapp:https://wa.me/77027586454;4.6;20;43.287359;77.014487;70000001111844335_rccfnxu27B884A43394742436177z5B5t2fG51578G7G1J3H8G433437t5473G65A8172G3011013GJHGI3H7huvwpq683J1A046H49J2G2GGG1H9
детский центр;Smarties, образовательный центр;Центры раннего развития детей, Помощь в обучении, Спортивно-интеллектуальные клубы, Языковые школы, Курсы творчества для детей, Логопед, Дневные детские лагеря;улица Шагабутдинова, 31;+77479511728;+77479511728;yes;;;instagram:https://instagram.com/smarties_almaty whatsapp:https://wa.me/77479511728;5;24;43.257737;76.919688;70000001099933688_frccfn1578G23H83014GGG0Gz5B5t273G6G505A817BA3679wpqt54683J1A2G7G1JG88B3Jxu7huv7B884A10133B9H4AJ2HHGJH1I7796i4
детский центр;Integral, частный детский сад;Частные детские сады, Центры раннего развития детей, Языковые школы;улица Арман, 168/1;+77072453728 +77273938681 +77089081545 +77077121561;+77072453728;yes;;http://intrgralschool.kz;instagram:https://instagram.com/integral_almaty whatsapp:https://wa.me/77072453728 whatsapp:https://wa.me/77089081545 whatsapp:https://wa.me/77077121561;4.9;12;43.207691;76.811263;9429940000985913_rccfnxu27B884A32B95C223726fgz5B5t2fG51578G7G1J3HA142708It5473G65A8172G72AA412GJHG3I27huvwpq683J1A04H49J4H2GGG0HH
детский центр;You Like, образовательный центр;Курсы творчества для детей, Спортивно-интеллектуальные клубы, Языковые школы, Помощь в обучении;проспект Серкебаева, 107;+77775550588 +77025256634;+77025256634;yes;youlike.kaz@gmail.com;;instagram:https://instagram.com/youlike.kz whatsapp:https://wa.me/77025256634 whatsapp:https://wa.me/77775550588;4.8;48;43.202742;76.898532;70000001089552606_frccfn1578G23H8301I2GGG0z5B5t273G6G505A817B65571wpqt54683J1A2G7G1JG45A8Cxu7huv7B884A10133A7H4CJ2HHGJHG3I24ABBc2
детский центр;Ziyatker-bilim Almaty, детский образовательный центр;Центры раннего развития детей, Языковые школы, Помощь в обучении, Курсы творчества для детей;микрорайон Жетысу-3, 25а;+77471678008;+77471678008;yes;;;instagram:https://instagram.com/ziyatker_almaty whatsapp:https://wa.me/77471678008;4.9;113;43.219226;76.843379;70000001075865957_frccfn1578G23H83014GGG0Gz5B5t273G6G505A8177968A6wpqt54683J1A2G7G1JG88B3Jxu7huv7B884A1013398H53J2HHGJH1I77966e
детский центр;Super Fun, детская игровая площадка;Детские игровые залы;улица Кабдолова, 1;+77073917290;+77073917290;yes;;http://www.tiktok.com/@superfun_almaty;instagram:https://instagram.com/superfun_park whatsapp:https://wa.me/77073917290;4.9;677;43.239282;76.853715;70000001099681475_frccfn1578G23H8301I2GGG0z5B5t273G6G505A817B78458wpqt54683J1A2G7G1JG48A46xu7huv7B884A10133B6H54J2HHGJHG3I27A7537
детский центр;Кайсар, детский центр;Частные детские сады, Спортивные секции, Логопед, Центры раннего развития детей, Дневные детские лагеря;улица Тажибаевой, 176;+77017107330 +77018095916;+77017107330;yes;;;instagram:https://instagram.com/kaysar_dc whatsapp:https://wa.me/77017107330;5;114;43.214606;76.891262;9429940000929027_rccfnxu27B884A32B39332372674z5B5t2fG51578G7G1J3HA142708It5473G65A8172G72AA412GJHG3I27huvwpq683J1A08H53J4H2GGG0HH
детский центр;Win-Win Montessori, детский сад;Частные детские сады;улица Иванилова, 48;+77059887012;+77059887012;yes;;http://Winwin.kz;instagram:https://instagram.com/ostrov.detstva.almaty instagram:https://instagram.com/win_win_montessori whatsapp:https://wa.me/77059887012;5;1;43.212491;76.957945;70000001063444882_rccfnxu27B884A38554792436177z5B5t2fG51578G7G1J3H8G433437t5473G65A8172G3011013GJHGI3H7huvwpq683J1A093H56J2G2GGG1H6
детский центр;Orken Club, детский коррекционный центр;Центры раннего развития детей, Логопед, Психолог, Нейропсихолог, Курсы творчества для детей, Дефектолог, Центры адаптивного спорта, Детские лагеря;улица Санаторная, 12;+77011070255;+77011070255;yes;orken.adapt@gmail.com;;instagram:https://instagram.com/orken_club whatsapp:https://wa.me/77011070255 telegram:https://t.me/ORKENclub;5;37;43.202865;76.914135;70000001101277589_frccfn1578G23H83014GGG0Gz5B5t273G6G505A817337A69wpqt54683J1A2G7G1JG88B3Jxu7huv7B884A101342AH57J2HHGJH1I7796h4
детский центр;Read, клуб детского развития;Центры раннего развития детей, Логопед;улица Айманова, 124;+77773883042;+77773883042;yes;;;instagram:https://instagram.com/readclub.kz whatsapp:https://wa.me/77773883042;4.9;54;43.237907;76.897382;70000001036405540_frccfn1578G23H83014GGG0Gz5B5t273G6G505A817850865wpqt54683J1A2G7G1JG88B3Jxu7huv7B884A1013351H58J2HHGJH1I779678
детский центр;Keystone International Kindergarten, международный детский сад;Частные детские сады, Центры раннего развития детей;улица Иванилова, 42г;+77022461723 +77781197733;+77022461723;yes;;;instagram:https://instagram.com/keystone_almaty whatsapp:https://wa.me/77022461723 whatsapp:https://wa.me/77781197733;5;17;43.212718;76.955037;70000001083822998_rccfnxu27B884A3A5925A2436171z5B5t2fG51578G7G1J3H8G433437t5473G65A8172G3011013GJHGI3H7huvwpq683J1A0A9H59J2G2GGG1Hf
детский центр;Inventor stem school, ​школа комплексной робототехники, программирования и инженерии;Курсы творчества для детей, Компьютерные курсы, Курсы робототехники, Центры раннего развития детей, Дневные детские лагеря;улица Кажымукана, 16/1;+77767870221;+77767870221;yes;;http://inventor.kz;facebook:https://facebook.com/inventor.stem.almaty instagram:https://instagram.com/stem_inventor_almaty whatsapp:https://wa.me/77767870221;4.9;36;43.223889;76.957831;70000001080379188_frccfn1578G23H8301I2GGG0z5B5t273G6G505A817247C29wpqt54683J1A2G7G1JG45A8Cxu7huv7B884A10133A9H5AJ2HHGJHG3I24ABB9e
детский центр;My Kids, детский развлекательный центр;Детские игровые залы;улица Ырысты, 46/4;+77080580401;+77080580401;yes;;;instagram:https://instagram.com/mykids_alatauplaza whatsapp:https://wa.me/77080580401;4.8;7576;43.261149;76.851422;70000001099072209_frccfn1578G23H8301I2GGG0z5B5t273G6G505A817B17531wpqt54683J1A2G7G1JG48A46xu7huv7B884A10133BAH5BJ2HHGJHG3I27A7582
детский центр;Академия Успеха, образовательный центр и школа развития и внимания;Центры раннего развития детей, Языковые школы, Логопед, Помощь в обучении, Курсы творчества для детей;улица Шемякина, 285;+77772432039 +77073670974;+77772432039;yes;;;instagram:https://instagram.com/academia_uspeha_almaty whatsapp:https://wa.me/77772432039 whatsapp:https://wa.me/77073670974;5;86;43.31584;76.969661;70000001089627500_frccfn1578G23H83014GGG0Gz5B5t273G6G505A817B72A61wpqt54683J1A2G7G1JG88B3Jxu7huv7B884A10133A1H5CJ2HHGJH1I7796h2
детский центр;Звукомагия, коррекционный логопедический центр;Центры раннего развития детей, Логопед, Психолог, Центры адаптивного спорта;Муканова улица, 227;+77087533863;+77087533863;yes;;;instagram:https://instagram.com/zvukomagiya whatsapp:https://wa.me/77087533863;4.9;104;43.249897;76.915016;70000001080944650_A4iwf21578G23H8301I2GGG0y092pp73G6G505A8172A4776wpqt54685J1A4G7G2J1J7986uvd7uv7B884A10133A1H233HHHGJHG3I67B673
детский центр;Ai-Erkem, детский коррекционный центр;Центры раннего развития детей, Дефектолог, Логопед, Сурдолог, Нейропсихолог, Центры адаптивного спорта;улица Мамыр, 45;+77783707048;+77783707048;yes;;;instagram:https://instagram.com/ai_erkem.kz whatsapp:https://wa.me/77783707048;5;1;43.193508;76.897847;70000001115629475_A4iwf21578G23H8301I2GGG0y092pp73G6G505A817772C58wpqt54685J1A4G7G2J1J7986uvd7uv7B884A1013436H234HHHGJHG3I67B645
детский центр;НооГен, ​частный детский сад;Частные детские сады;улица Найманбаева, 14;+77015013233;+77015013233;yes;;;instagram:https://instagram.com/noogen_montessori_almaty whatsapp:https://wa.me/77015013233;4.4;26;43.219501;76.974216;70000001042632933_4iwf2uv27B884A364735AH442526y092ppAG51578G7G2J3H81J34072t5473G65A8174G3011013GJHGII2d7uvwpq685J1A044H235H5G2GGH16e
детский центр;Green city Garden, частный детский сад;Частные детские сады;микрорайон Думан-2, 59;+77012225700 +77750079073;+77012225700;yes;greencitygarden.info@gmail.com;http://greencity-garden.kz;instagram:https://instagram.com/greencitygarden.kz whatsapp:https://wa.me/77012225700;4;44;43.288757;77.008378;70000001109885850_4iwf2uv27B884A42B9889H442526y092ppAG51578G7G2J3H81J34072t5473G65A8174G3011013GJHGII2d7uvwpq685J1A061H236H5G2GGH14g
детский центр;ҮРКЕР мектебі, частная казахская школа;Курсы творчества для детей, Школы, Спортивные секции, Обучение танцам, Курсы творчества для взрослых;улица Тулебаева, 4а;+77022430173;+77022430173;yes;urkermektebi@gmail.com;http://edu-kz.com/mektep/bastauysh-mektep/urker;facebook:https://facebook.com/urkermektebi instagram:https://instagram.com/urker.bastauyshmektebi whatsapp:https://wa.me/77022430173 telegram:https://t.me/+77022430173;4.9;39;43.269401;76.946637;70000001045126923_4iwf2uv27B884A367229A26AAAc6y092ppAG51578G7G2J3H81J367BBt5473G65A8174G3011013GJHGI3Hd7uvwpq685J1A034H237HG2GGG1H
детский центр;Abai International School, частная школа;Центры раннего развития детей, Школы;улица Камбар батыра, 30/4;+77000999378;+77000999378;yes;;;instagram:https://instagram.com/abai_international_school whatsapp:https://wa.me/77000999378;4.9;146;43.183696;76.84452;70000001075179413_A4iwf21578G23H8301I2GGG0y092pp73G6G505A817727C52wpqt54685J1A4G7G2J1J7986uvd7uv7B884A1013394H238HHHGJHG3I67B6f4
детский центр;Ньютон, коррекционный центр по АББА‑терапии и сенсорной интеграции;Центры раннего развития детей, Центры адаптивного спорта, Логопед, Дефектолог, Нейропсихолог;Гибадуллы Мырзагалиева улица, 31;+77478143620 +77071989703;+77071989703;yes;;;instagram:https://instagram.com/neuton_kz whatsapp:https://wa.me/77071989703 whatsapp:https://wa.me/77478143620;5;165;43.199798;76.860343;70000001093469381_A4iwf21578G23H8301I2GGG0y092pp73G6G505A817556C49wpqt54685J1A4G7G2J1J7986uvd7uv7B884A10133B2H23AHHHGJHG3I67B6f7
детский центр;Munarat-eren, ​частный детский сад;Частные детские сады;улица Аширбек Сыгай, 91;+77772001302;+77772001302;yes;munarat_almaty@mail.ru;;whatsapp:https://wa.me/77772001302 instagram:https://instagram.com/munarat_eren;4.8;36;43.220684;76.792849;70000001095034999_4iwf2uv27B884A3B7137AH442526y092ppAG51578G7G2J3H81J34072t5473G65A8174G3011013GJHGII2d7uvwpq685J1A0AAH23BH5G2GGH1bA
детский центр;GES English School, языковая школа;Центры раннего развития детей, Языковые школы, Помощь в обучении;микрорайон Орбита-2, 28г;+77478449414;+77478449414;yes;;http://www.tiktok.com/@ggeschool;instagram:https://instagram.com/ggesschool whatsapp:https://wa.me/77478449414;5;77;43.197573;76.881419;70000001056316544_A4iwf21578G23H8301I2GGG0y092pp73G6G505A817841965wpqt54685J1A4G7G2J1J7986uvd7uv7B884A1013375H23CHHHGJHG3I67B6g7
детский центр;Skill City, образовательный центр;Курсы творчества для детей, Центры раннего развития детей, Языковые школы, Помощь в обучении;9-й микрорайон, 13;+77082497907;+77082497907;yes;skillcity.almaty@gmail.com;http://taplink.cc/skillcity.almaty;instagram:https://instagram.com/skillcity.almaty whatsapp:https://wa.me/77082497907;4.9;38;43.212964;76.863296;70000001044835953_4iwf2uv27B884A366938A26AAA45y092ppAG51578G7G2J3H81J367BBt5473G65A8174G3011013GJHGI3Hd7uvwpq685J1A064H243HG2GGG1H
детский центр;Umit, частный детский сад;Частные детские сады;АКХ Ленинский, 1643Б;+77079948574;+77079948574;yes;;;instagram:https://instagram.com/umit_balabaqshasy whatsapp:https://wa.me/77079948574;5;12;43.211745;76.587291;70000001114701509_4iwf2uv27B884A4368046H442526y092ppAG51578G7G2J3H81J34072t5473G65A8174G3011013GJHGII2d7uvwpq685J1A01AH244H5G2GGH164
детский центр;Планета счастья, частный детский сад;Частные детские сады;улица Манмангер, 15а;+77058794600;+77058794600;yes;;;instagram:https://instagram.com/detskij_sadik whatsapp:https://wa.me/77058794600;;;43.201779;76.932897;70000001117197431_4iwf2uv27B884A43929A5H442526y092ppAG51578G7G2J3H81J34072t5473G65A8174G3011013GJHGII2d7uvwpq685J1A042H245H5G2GGH1b8
детский центр;Пикассо, студия рисования;Курсы творчества для детей, Курсы творчества для взрослых;улица 24 Июня, 27;+77077085588;+77077085588;yes;grim.93@mail.ru;http://pikasso.kz/;vkontakte:https://vk.com/art_school_kz instagram:https://instagram.com/pikassoalmaty facebook:https://facebook.com/pikassokz whatsapp:https://wa.me/77077085588 telegram:https://t.me/alexangrim;4.9;30;43.238324;76.907346;70000001104023737_4iwf2uv27B884A426126826AAAgdy092ppAG51578G7G2J3H81J367BBt5473G65A8174G3011013GJHGI3Hd7uvwpq685J1A048H246HG2GGG1H
детский центр;ДарВилль, центр гармоничного развития детей;Курсы творчества для детей, Центры раннего развития детей, Логопед, Языковые школы, Спортивные секции, Обучение танцам, Спортивно-интеллектуальные клубы, Детские лагеря, Помощь в обучении;микрорайон Алмагуль, 3а;+77079626151 +77076159098;+77079626151;yes;darville.kz@gmail.com;http://www.darville.kz;instagram:https://instagram.com/klub.darville whatsapp:https://wa.me/77079626151;4.9;111;43.209988;76.902719;70000001024772926_4iwf2uv27B884A346875A26AAAh7y092ppAG51578G7G2J3H81J367BBt5473G65A8174G3011013GJHGI3Hd7uvwpq685J1A037H247HG2GGG1H
детский центр;Азима, частный детский сад;Частные детские сады;улица Еспаева, 74;+77758978939;+77758978939;yes;nurbobegi_dsad@mail.ru;;instagram:https://instagram.com/azima_balabaqsha whatsapp:https://wa.me/77758978939;4.6;32;43.253805;76.828499;70000001030036702_4iwf2uv27B884A3521398H442526y092ppAG51578G7G2J3H81J34072t5473G65A8174G3011013GJHGII2d7uvwpq685J1A013H249H5G2GGH167
детский центр;Bilim Club, детский образовательный центр;Курсы творчества для детей, Музыкальные курсы, Обучение танцам, Спортивные секции, Языковые школы, Центры раннего развития детей;улица Санжара Жандосова, 2а;+77089702509;+77089702509;yes;;;instagram:https://instagram.com/bilim.club.akzhar instagram:https://instagram.com/bilim.club.kamenka whatsapp:https://wa.me/77089702509;4.8;10;43.184796;76.826252;70000001077066415_4iwf2uv27B884A399169526AAAB5y092ppAG51578G7G2J3H81J367BBt5473G65A8174G3011013GJHGI3Hd7uvwpq685J1A026H24AHG2GGG1H
детский центр;Orken Fastrackids, казахский детский сад;Частные детские сады, Логопед;микрорайон Астана, 5;+77001719898;+77001719898;yes;orkenbakshasy@gmail.com;;instagram:https://instagram.com/orken.balabaqshasy whatsapp:https://wa.me/77001719898;5;682;43.210767;76.852283;70000001096760734_4iwf2uv27B884A3B88638H442526y092ppAG51578G7G2J3H81J34072t5473G65A8174G3011013GJHGII2d7uvwpq685J1A045H24BH5G2GGH1f8
детский центр;AF Education, языковой центр;Центры раннего развития детей, Языковые школы;улица Навои, 300;+77715725540;+77074454991;yes;a-f.kz@mail.ru;http://www.a-f.kz;instagram:https://instagram.com/af.education whatsapp:https://wa.me/77074454991 whatsapp:https://wa.me/77774071424;4.1;4;43.203155;76.886419;70000001080272598_A4iwf21578G23H8301I2GGG0y092pp73G6G505A81723756Awpqt54685J1A4G7G2J1J7986uvd7uv7B884A10133A9H24CHHHGJHG3I67B629
детский центр;Любознашки, детский центр;Центры раннего развития детей, Языковые школы, Помощь в обучении, Спортивно-интеллектуальные клубы;улица Жарокова, 290;+77026193842;+77026193842;yes;;;instagram:https://instagram.com/lubo_znashki whatsapp:https://wa.me/77026193842;5;48;43.204472;76.905085;70000001078908644_A4iwf21578G23H8301I2GGG0y092pp73G6G505A817AA0B75wpqt54685J1A4G7G2J1J7986uvd7uv7B884A1013395H253HHHGJHG3I67B6c4
детский центр;Smart Logopedia, центр развития речи и сенсорной интеграции;Центры раннего развития детей, Логопед, Дефектолог, Нейропсихолог;улица Жамбыла, 175;+77750537377;+77750537377;yes;smartlogokz@gmail.com;http://smartlogopedia.com/?utm_source=ig&utm_medium=social&utm_content=link_in_bio&fbclid=PAdGRleAPmgMhleHRuA2FlbQIxMQBzcnRjBmFwcF9pZA8xMjQwMjQ1NzQyODc0MTQAAaelIzyMOs6HvORAvqBI-sCXadJcZYgOK3azcAIRkuhiecUFVBcmvBZiyIpbWQ_aem_Vfq3Kqvrkod4Yoyk0KUQdA;instagram:https://instagram.com/smartlogopedia whatsapp:https://wa.me/77750537377;5;115;43.245377;76.905183;70000001052213642_A4iwf21578G23H8301I2GGG0y092pp73G6G505A817431675wpqt54685J1A4G7G2J1J7986uvd7uv7B884A1013373H254HHHGJHG3I67B6d6
детский центр;Serpin, комплекс;Центры раннего развития детей, Спортивные секции, Аренда спортивных площадок, Музыкальные курсы, Обучение танцам, Курсы вокала, Актёрские курсы, Курсы робототехники, Помощь в обучении, Языковые школы;улица Суюнбая, 19/1;+77023507450;+77023507450;yes;;;instagram:https://instagram.com/serpin_complex whatsapp:https://wa.me/77023507450 whatsapp:https://wa.me/77073151567;4.8;14;43.292213;77.021318;70000001113278937_A4iwf21578G23H8301I2GGG0y092pp73G6G505A817537BA4wpqt54685J1A4G7G2J1J7986uvd7uv7B884A1013438H255HHHGJHG3I67B631
детский центр;Алгабас 2, частный детский сад;Частные детские сады;улица Фаризы Онгарсыновой, 148/2;+77086341978 +77017839592;+77017839592;yes;gulnaz020202@mail.ru;;whatsapp:https://wa.me/77017839592 instagram:https://instagram.com/sadik_algabas2;5;62;43.253933;76.802011;70000001033934166_4iwf2uv27B884A355A372H442526y092ppAG51578G7G2J3H81J34072t5473G65A8174G3011013GJHGII2d7uvwpq685J1A077H256H5G2GGH139
детский центр;Temirlan, школа спорта, искусств и образования;Курсы творчества для детей, Спортивные секции, Обучение танцам, Спортивно-интеллектуальные клубы, Курсы робототехники, Помощь в обучении, Центры раннего развития детей, Языковые школы;бульвар Мендикулова, 22;+77010802223;+77010802223;yes;;;instagram:https://instagram.com/temirlanschool whatsapp:https://wa.me/77010802223;4.8;16;43.226253;76.954391;70000001098311492_4iwf2uv27B884A3BA414526AAAc4y092ppAG51578G7G2J3H81J367BBt5473G65A8174G3011013GJHGI3Hd7uvwpq685J1A0A3H257HG2GGG1H
детский центр;Семицветик, детский эстетический центр;Центры раннего развития детей;улица Тобольская, 2;+77013654838;+77013654838;yes;;http://xn--b1afbkcmj2bo1b.kz;instagram:https://instagram.com/_semitsvetik___ whatsapp:https://wa.me/77013654838;4.9;30;43.255486;76.966794;9429940000800285_A4iwf21578G23HA72A4GGG0Gy092pp73G6G505A817A10596wpqt54685J1A4G7G2JG88B3Juvd7uv7B884AA41232H238J2HHGJH1I7796f2
детский центр;Kids Academy Kamila, элитный частный детский сад;Частные детские сады;улица Утеген батыра, 122;+77082917484 +77073152772 +77007260007 +77770200098;+77073152772;yes;;;instagram:https://instagram.com/kids.academy.kamila whatsapp:https://wa.me/77073152772;5;111;43.239562;76.863185;70000001058794290_4iwf2uv27B884A37A8973H442526y092ppAG51578G7G2J3H81J34072t5473G65A8174G3011013GJHGII2d7uvwpq685J1A0A1H259H5G2GGH1A6
детский центр;Раяна, частный детский сад;Частные детские сады;улица Кенжетаева, 85;+77012098004 +77778404018;+77012098004;;;;instagram:https://instagram.com/detskiisadrayana;4.7;45;43.221189;76.791218;70000001031534502_4iwf2uv27B884A3536376H442526y092ppAG51578G7G2J3H81J34072t5473G65A8174G3011013GJHGII2d7uvwpq685J1A013H25AH5G2GGH1dg
детский центр;Academ Kids, детский центр;Частные детские сады, Центры раннего развития детей, Спортивные секции, Курсы творчества для детей;Хусаинова улица, 198;+77075026223 +77478655058;+77769636654;yes;;http://academkids.kz;instagram:https://instagram.com/academkids.kz whatsapp:https://wa.me/77769636654;4.9;64;43.210464;76.8924;70000001066682252_4iwf2uv27B884A3887853H442526y092ppAG51578G7G2J3H81J34072t5473G65A8174G3011013GJHGII2d7uvwpq685J1A063H25BH5G2GGH194
детский центр;A La Prima, школа рисования;Курсы творчества для детей, Художественные курсы, Помощь в обучении, Курсы творчества для взрослых, Гончарные мастерские;улица Попова, 24;+77007516807;+77007516807;yes;alaprima.artschool@gmail.com;;instagram:https://instagram.com/alaprima.artschool whatsapp:https://wa.me/77007516807;5;27;43.225952;76.933729;70000001106089155_4iwf2uv27B884A42818C226AAA35y092ppAG51578G7G2J3H81J367BBt5473G65A8174G3011013GJHGI3Hd7uvwpq685J1A066H263HG2GGG1H
детский центр;Daina Education, образовательный центр;Центры раннего развития детей, Помощь в обучении, Языковые школы, Курсы робототехники, Дневные детские лагеря;улица Ади Шарипова, 32;+77772573340;+77772573340;yes;tkacheva_natalya.ru@list.ru;;instagram:https://instagram.com/dainaeducation whatsapp:https://wa.me/77772573340;4.8;38;43.255594;76.92216;9429940001343337_A4iwf21578G23HA72A4GGG0Gy092pp73G6G505A817553648wpqt54685J1A4G7G2JG88B3Juvd7uv7B884AA41233H244J2HHGJH1I7796d9
детский центр;Train City, игровая комната;Детские игровые залы, Игрушки;улица Каныша Сатпаева, 90;+77023955511 +77715211195;+77023955511;yes;;;instagram:https://instagram.com/brio.kz instagram:https://instagram.com/gorodok_parovozikov_almaty whatsapp:https://wa.me/77023955511 whatsapp:https://wa.me/77715211195;4.9;158;43.232814;76.878122;70000001048388832_4iwf2uv27B884A36A48B929A6452y092ppAG51578G7G2J3H81J39775t5473G65A8174G3011013GJHGI3Hd7uvwpq685J1A043H265HG2GGG1H
детский центр;AIPLUS, сеть образовательных центров;Центры раннего развития детей, Языковые школы, Помощь в обучении;микрорайон Жетысу-2, 71в;+77004982687;+77719444251;yes;info@aiplus.kz;http://aiplus.kz http://mektep.aiplus.kz/?utm_source=2gis&utm_medium=cpc&utm_campaign=almaty;facebook:https://facebook.com/aiplus.kz instagram:https://instagram.com/aiplus.kz whatsapp:https://wa.me/77719444251;5;492;43.219071;76.846663;70000001045267232_A4iwf21578G23H8301I2GGG0y092pp73G6G505A817736A34wpqt54685J1A4G7G2J1J7986uvd7uv7B884A1013363H266HHHGJHG3I67B6c7
детский центр;Умка, ​частный детский сад;Частные детские сады;микрорайон Мамыр-4, 57а;+77273816332 +77776113283 +77051402011;+77051402011;yes;;;instagram:https://instagram.com/umka_sad_almaty whatsapp:https://wa.me/77051402011 whatsapp:https://wa.me/77776113283;5;56;43.216381;76.848837;9429940001035352_4iwf2uv27B884A33245662436174y092ppAG51578G7G2J3HAG433437t5473G65A8174G72AA412GJHGI3Hd7uvwpq685J1A03H247J2G2GGG1Hc
детский центр;Peekaboo, частный детский сад;Частные детские сады;улица Таргап, 49;+77787773357;+77787773357;yes;liazzat.orazbaieva.1972@mail.ru;;instagram:https://instagram.com/peekaboo_ds whatsapp:https://wa.me/77787773357;4.8;47;43.223999;76.792089;70000001029276221_4iwf2uv27B884A34B3793H442526y092ppAG51578G7G2J3H81J34072t5473G65A8174G3011013GJHGII2d7uvwpq685J1A032H268H5G2GGH14f
детский центр;Талант, частный детский сад;Частные детские сады;улица Митина, 23а;+77776693895;+77776693895;yes;;;whatsapp:https://wa.me/77776693895 instagram:https://instagram.com/talant_detskii_sad;5;58;43.218431;76.968267;70000001033927567_4iwf2uv27B884A355A2A6H442526y092ppAG51578G7G2J3H81J34072t5473G65A8174G3011013GJHGII2d7uvwpq685J1A078H269H5G2GGH136
детский центр;Iconic Creative School, творческий центр;Курсы творчества для детей, Курсы вокала, Актёрские курсы, Обучение танцам, Музыкальные курсы;улица Снегина, 33а;+77018008244 +77018008250 +77028023044;+77018008244;yes;;http://www.creativeschool.kz;instagram:https://instagram.com/creativeschool.kz whatsapp:https://wa.me/77018008244 whatsapp:https://wa.me/77018008250 whatsapp:https://wa.me/77028023044;5;34;43.230362;76.9551;70000001097206169_4iwf2uv27B884A3B9309226AAAA7y092ppAG51578G7G2J3H81J367BBt5473G65A8174G3011013GJHGI3Hd7uvwpq685J1A07AH26AHG2GGG1H
детский центр;Гоша, детский сад;Частные детские сады;микрорайон Мамыр-4, 145а;+77753446974 +77056669633;+77056669633;yes;;;instagram:https://instagram.com/Gosha_almaty whatsapp:https://wa.me/77056669633;5;26;43.214821;76.846313;70000001106098331_4iwf2uv27B884A42819B4H442526y092ppAG51578G7G2J3H81J34072t5473G65A8174G3011013GJHGII2d7uvwpq685J1A042H26BH5G2GGH1d5
детский центр;CES for You Centre of English Studies, образовательный центр;Курсы творчества для детей, Языковые школы, Помощь в обучении, Центры раннего развития детей;улица Толе би, 70;+77073984316 +77073277457;+77073984316;yes;cesforyoukz@gmail.com;http://ceskz.com;instagram:https://instagram.com/ces_for_you facebook:https://facebook.com/cesforyoukazakhstan whatsapp:https://wa.me/77073984316 telegram:https://t.me/ceskz;5;220;43.202622;76.617911;70000001055605523_4iwf2uv27B884A377708626AAA71y092ppAG51578G7G2J3H81J367BBt5473G65A8174G3011013GJHGI3Hd7uvwpq685J1A034H26CHG2GGG1H
детский центр;Alem Group, школа английского языка;Центры раннего развития детей, Языковые школы, Помощь в обучении;улица Баишева, 28/3;+77067186460;+77067186460;yes;;;whatsapp:https://wa.me/77067186460;5;8;43.268664;76.958227;70000001089537977_A4iwf21578G23H8301I2GGG0y092pp73G6G505A817B63AA8wpqt54685J1A4G7G2J1J7986uvd7uv7B884A10133A8H273HHHGJHG3I67B6f6
детский центр;АЛИМ;Частные детские сады, Центры раннего развития детей;2-й микрорайон, 7а;+77711292564;+77711292564;yes;detsadalim@mail.ru;;instagram:https://instagram.com/detsad_alim vkontakte:https://vk.com/detsadalim facebook:https://facebook.com/detsadalim7a whatsapp:https://wa.me/77711292564;4.8;126;43.233571;76.855563;9429940001172303_4iwf2uv27B884A33382612436173y092ppAG51578G7G2J3HAG433437t5473G65A8174G72AA412GJHGI3Hd7uvwpq685J1A04H254J2G2GGG1H6
детский центр;Періште, частный детский сад;Частные детские сады;улица Жана Гасыр, 88г;+77000604247 +77478446416;+77000604247;yes;bilalova.ainur@mail.ru irabajcurina@gmail.com;;instagram:https://instagram.com/perishteedet whatsapp:https://wa.me/77000604247;5;102;43.250315;76.78455;70000001028843708_4iwf2uv27B884A34A9468H442526y092ppAG51578G7G2J3H81J34072t5473G65A8174G3011013GJHGII2d7uvwpq685J1A019H275H5G2GGH1Af
детский центр;Logoratio, детский логопедический центр;Курсы творчества для детей, Логопед, Центры раннего развития детей;проспект Абылай хана, 1а/2;+77014091132;+77014091132;yes;;;instagram:https://instagram.com/logopediya_kaskelen whatsapp:https://wa.me/77014091132 telegram:https://t.me/+77014091132;4.8;23;43.202764;76.657993;70000001061184687_4iwf2uv27B884A383287726AAAg5y092ppAG51578G7G2J3H81J367BBt5473G65A8174G3011013GJHGI3Hd7uvwpq685J1A098H276HG2GGG1H
детский центр;NB Education, образовательный центр;Центры раннего развития детей, Языковые школы, Помощь в обучении;улица Молдагалиева, 25 к6;+77774919949;+77774919949;yes;present.pp@mail.ru;http://englishrepublic.kz.tilda.ws/;instagram:https://instagram.com/nb_education telegram:https://t.me/nb_education_kz whatsapp:https://wa.me/77774919949;5;53;43.332401;76.947044;70000001037095928_A4iwf21578G23H8301I2GGG0y092pp73G6G505A8179198A3wpqt54685J1A4G7G2J1J7986uvd7uv7B884A1013359H277HHHGJHG3I67B652
детский центр;Kango, батутный парк;Детские игровые залы, Батутные центры, Организация праздников;улица Розыбакиева, 247а;+77751117776;+77751117776;yes;online@kangojump.kz;http://www.tiktok.com/@kangojump_kz;instagram:https://instagram.com/kangojump_almaty whatsapp:https://wa.me/77751117776;4.7;528;43.202503;76.890781;70000001025311831_4iwf2uv27B884A347414929A646Ay092ppAG51578G7G2J3H81J39775t5473G65A8174G3011013GJHGI3Hd7uvwpq685J1A042H278HG2GGG1H
детский центр;Страна Чудес, центр;Курсы творчества для детей, Языковые школы, Помощь в обучении, Центры раннего развития детей, Спортивно-интеллектуальные клубы;улица Муратбаева, 185;+77772113150;+77772113150;yes;;http://strana-chudes.kz;instagram:https://instagram.com/strana.chudes.almaty whatsapp:https://wa.me/77772113150;5;41;43.248396;76.919107;70000001069879238_4iwf2uv27B884A38B97C326AAAA5y092ppAG51578G7G2J3H81J367BBt5473G65A8174G3011013GJHGI3Hd7uvwpq685J1A049H279HG2GGG1H
детский центр;BrightNest, детский образовательный центр;Центры раннего развития детей;микрорайон Кайрат, 135/11 блок 7;+77003189388 +77058889543;+77003189388;;;;;4.7;9;43.306139;77.007107;70000001115927161_A4iwf21578G23H8301I2GGG0y092pp73G6G505A8177A2A27wpqt54685J1A4G7G2J1J7986uvd7uv7B884A1013432H27BHHHGJHG3I67B68e
детский центр;Tamos Education, образовательный центр;Центры раннего развития детей, Языковые школы, Музыкальные курсы, Спортивные секции, Помощь в обучении, Организации по профориентации, Логопед;улица Сартай батыра, 12Б;+77079687985;+77079687985;yes;;;instagram:https://instagram.com/tamos_otegenbatyr whatsapp:https://wa.me/77079687985;5;35;43.41663;77.025717;70000001046412776_A4iwf21578G23H8301I2GGG0y092pp73G6G505A817851588wpqt54685J1A4G7G2J1J7986uvd7uv7B884A1013367H27CHHHGJHG3I67B6fc
детский центр;Bolat sport damu, детский центр развития;Центры раннего развития детей, Спортивные секции, Обучение танцам, Логопед;улица Момышулы, 102в;+77473643130;+77789455917;yes;;;instagram:https://instagram.com/bolat.sportdamu.besagash whatsapp:https://wa.me/77789455917;5;9;43.296672;77.032015;70000001115415552_jD5vt31578G23H8301I2GGG0srsq9h73G6G505A817751866wpqt54687J1A6G7G3J1J7986wwBnuv7B884A1013433H333HHHGJHG3I67B6g9
детский центр;Aschool, школа актерского мастерства и ораторского искусства;Курсы творчества для детей, Актёрские курсы, Бизнес-тренинги, Киностудии;улица Каныша Сатпаева, 90/36 блок 1;+77026396666;+77026396666;yes;info@aschool.kz;http://Aschool.kz;instagram:https://instagram.com/aschoolkz whatsapp:https://wa.me/77026396666;4.9;51;43.231414;76.874177;70000001112755715_D5vt3ww27B884A434858826AAA44srsq9hjG51578G7G3J3H81J367BBt5473G65A8176G3011013GJHGI3HBnuvwpq687J1A026H334HG2GGG1H
детский центр;UniqУм, детский образовательный центр;Центры раннего развития детей, Дневные детские лагеря;микрорайон Аксай-4, 55/1;+77715761118 +77272656975 +77072100513;+77072100513;yes;dg64@bk.ru;;instagram:https://instagram.com/uniqum_almaty whatsapp:https://wa.me/77072100513 telegram:https://t.me/+77072100513;4.8;41;43.225961;76.838192;70000001020918842_jD5vt31578G23H8301I2GGG0srsq9h73G6G505A8172A1B95wpqt54687J1A6G7G3J1J7986wwBnuv7B884A1013343H335HHHGJHG3I67B6d5
детский центр;English classes, языковая школа;Центры раннего развития детей, Языковые школы, Детские лагеря, Помощь в обучении;9-й микрорайон, 42а;+77777340134;+77777340134;yes;info@englishclasses.kz;http://www.englishclasses.kz;instagram:https://instagram.com/englishclasses.kz whatsapp:https://wa.me/77777340134;5;4;43.214417;76.863028;70000001064783272_jD5vt31578G23H8301I2GGG0srsq9h73G6G505A817688638wpqt54687J1A6G7G3J1J7986wwBnuv7B884A1013383H336HHHGJHG3I67B6cg
детский центр;Ugusha, детский центр;Детские игровые залы, Спортивные секции, Верёвочные парки;ущелье Ой-Карагай территория, 225г;+77083128549;+77083128549;yes;info@oiqaragai.com;http://oiqaragai.com;whatsapp:https://wa.me/77083128549 telegram:https://t.me/mountain_resort_oiqaragai;4.9;38;43.224789;77.148635;70000001091793420_D5vt3ww27B884A3B3896529A6486srsq9hjG51578G7G3J3H81J39775t5473G65A8176G3011013GJHGI3HBnuvwpq687J1A031H337HG2GGG1H
детский центр;Newton Kazakhstan, сеть образовательных центров;Центры раннего развития детей, Помощь в обучении;улица Маркова, 22/37;+77000208844;+77771381887;yes;newton.qazaqstan@gmail.com;;instagram:https://instagram.com/newtonent.kz whatsapp:https://wa.me/77771381887;4.8;190;43.230618;76.929444;70000001109836965_jD5vt31578G23H8301I2GGG0srsq9h73G6G505A817B939A7wpqt54687J1A6G7G3J1J7986wwBnuv7B884A1013426H338HHHGJHG3I67B657
детский центр;Аксай, детский центр;Больницы;улица Таутаган, 2;+77273721030 +77273721091 +77273721360 +77711402880;+77711402880;yes;;;instagram:https://instagram.com/asfendiyarov.clinic whatsapp:https://wa.me/77711402880;4.8;320;43.180495;76.81397;9429940001263906_jD5vt31578G23HA72AI0GGGGsrsq9h73G6G505A817473C17wpqt54687J1A6G7G3JGJ55GJwwBnuv7B884AA41233H319J1HH0Jf8
детский центр;Казахский Научно-Исследовательский Институт Онкологии И Радиологии;Научно-исследовательские институты, Онколог, Радиолог, Радиотерапевт, Маммолог;проспект Абая, 91;+77272921804 +77273109023 +77071037711 +77272920447;+77473496116;yes;;http://onco.kz;facebook:https://facebook.com/kazoncoinstitute instagram:https://instagram.com/kazoncoinstitute whatsapp:https://wa.me/77473496116;4.9;935;43.241328;76.922631;9429940000796132_jD5vt31578G23HA72A2GGGGGsrsq9h73G6G505A8179A6443wpqt54687J1A6G7G3JGJ3JGJwwBnuv7B884AA41232H31AJ1H1Gfb
детский центр;Дворец школьников;Курсы творчества для детей, Помощь в обучении, Спортивные секции, Интересные здания;проспект Достык, 124;+77756201786;+77756201786;;;http://school-palace.kz;instagram:https://instagram.com/dvorec_almaty;4.9;355;43.237453;76.958605;9429940000792216_jD5vt31578G23HA72AI2GGG0srsq9h73G6G505A8179A2527wpqt54687J1A6G7G3JG45A8CwwBnuv7B884AA41232H31BJ1HHGJHG2I24ABBg3
детский центр;Шанырак-2, частный детский сад;Частные детские сады;улица Сабыра Рахимова, 67;+77758698117 +77759837600;+77758698117;yes;;;whatsapp:https://wa.me/77758698117 whatsapp:https://wa.me/77759837600;4.8;6;43.293125;76.852527;70000001048152077_D5vt3ww27B884A36A2551H442526srsq9hjG51578G7G3J3H80J34072t5473G65A8176G3011013GJHGII1Bnuvwpq687J1A088H33CH5G2GGH123
детский центр;My Kids, детский развлекательный центр;Детские игровые залы;улица Тимирязева, 42 к3;+77080580476;+77080580476;yes;;;instagram:https://instagram.com/mykids_atakent whatsapp:https://wa.me/77080580476;4.8;8692;43.225204;76.907573;70000001036429272_D5vt3ww27B884A35852C329A64hgsrsq9hjG51578G7G3J3H81J39775t5473G65A8176G3011013GJHGI3HBnuvwpq687J1A083H344HG2GGG1H
детский центр;Лесная сказка, частный детский сад;Частные детские сады;улица Глазунова, 44а;+77772092000 +77272944338;+77772092000;yes;;;whatsapp:https://wa.me/77772092000;4.5;24;43.300298;76.943719;70000001027969712_D5vt3ww27B884A349A6C8H442526srsq9hjG51578G7G3J3H80J34072t5473G65A8176G3011013GJHGII1Bnuvwpq687J1A023H345H5G2GGH17c
детский центр;Next, семейный центр;Детские игровые залы;улица Митина, 17;+77080092359;+77080092359;yes;;http://next.kz http://tiktok.com/@nextfamily17;whatsapp:https://wa.me/77080092359 instagram:https://instagram.com/next.almaty telegram:https://t.me/thenextreviews;4.9;1383;43.218679;76.967636;70000001049125683_D5vt3ww27B884A36B228729A6469srsq9hjG51578G7G3J3H80J39775t5473G65A8176G3011013GJHGI2HBnuvwpq687J1A094H347HG2GGG1H
детский центр;Bala Land, детский центр;Центры раннего развития детей;улица Навои, 7;+77478254553;+77478254553;yes;;http://Www.bala-land.kz;instagram:https://instagram.com/bala_land_center whatsapp:https://wa.me/77478254553;4.7;64;43.217995;76.880177;70000001063717821_jD5vt31578G23H8301IG0GGGsrsq9h73G6G505A817581A93wpqt54687J1A6G7G3J0JI62JwwBnuv7B884A1013382H34AHHHG3H1e
детский центр;Bala Land, детский центр;Центры раннего развития детей;улица Радостовца, 124;+77475070705 +77273517051;+77475070705;yes;;http://Www.bala-land.kz;instagram:https://instagram.com/bala_land_center whatsapp:https://wa.me/77475070705;5;68;43.235082;76.892741;70000001032606189_jD5vt31578G23H8301IG0GGGsrsq9h73G6G505A817470929wpqt54687J1A6G7G3J0JI62JwwBnuv7B884A101335AH34BHHHG3H9A
детский центр;Тамосик, детский сад;Частные детские сады;улица Какимбека Салыкова, 140/1;+77076743806 +77081811790;+77081811790;yes;;;instagram:https://instagram.com/tamosik.kz whatsapp:https://wa.me/77081811790 whatsapp:https://wa.me/77076743826;4.9;79;43.169292;76.910617;70000001026507404_D5vt3ww27B884A34860A5H442526srsq9hjG51578G7G3J3H80J34072t5473G65A8176G3011013GJHGII1Bnuvwpq687J1A015H34CH5G2GGH1ff
детский центр;Montessori Алма-Ата, детский центр;Центры раннего развития детей;улица Байшешек, 5;+77010140730;+77010140730;yes;;;instagram:https://instagram.com/montessori_alma_ata whatsapp:https://wa.me/77010140730;4.7;25;43.212794;76.923554;70000001037842992_jD5vt31578G23H8301IG0GGGsrsq9h73G6G505A8179945AAwpqt54687J1A6G7G3J0JI62JwwBnuv7B884A1013353H353HHHG3Hbe
детский центр;Prizma School, частная школа;Центры раннего развития детей, Школы, Помощь в обучении;улица Сарайшык, 26;+77000272323;+77000272323;yes;;;instagram:https://instagram.com/prizma.almaty whatsapp:https://wa.me/77000272323 telegram:https://t.me/prizmaalmaty;4.9;252;43.245575;76.826137;70000001070247922_jD5vt31578G23H8301I2GGG0srsq9h73G6G505A817234AA3wpqt54687J1A6G7G3J0J7986wwBnuv7B884A1013393H354HHHGJHG2I67B6hd
детский центр;Бэби-Клуб, детский центр;Центры раннего развития детей, Спортивно-интеллектуальные клубы, Спортивные секции, Курсы творчества для детей;улица Барибаева, 43;+77757512503 +77781071420;+77781071420;yes;;http://baby-club.ru/clubs/almaty/na-baribaeva/;whatsapp:https://wa.me/77781071420 telegram:https://t.me/+77781071420;4.9;109;43.258811;76.963082;70000001069156329_jD5vt31578G23H8301IG0GGGsrsq9h73G6G505A817B25943wpqt54687J1A6G7G3J0JI62JwwBnuv7B884A101338AH355HHHG3H48
детский центр;Art swim, детский центр;Бассейны, Соляные комнаты, Массажист, Занятия ЛФК;микрорайон Таугуль-1, 52;+77071203636;+77071203636;yes;artswimalmaty@gmail.com;http://taplink.cc/artswim;instagram:https://instagram.com/art.swim.kids whatsapp:https://wa.me/77071203636;5;151;43.211488;76.882131;70000001089607149_jD5vt31578G23H8301IG0GGGsrsq9h73G6G505A817B70A25wpqt54687J1A6G7G3J0JI62JwwBnuv7B884A10133AAH356HHHG3Hcf
детский центр;Муравейник, детский центр;Центры раннего развития детей, Языковые школы, Спортивные секции;10-й микрорайон, 57а;+77773076697;+77773076697;yes;;;whatsapp:https://wa.me/77773076697;4.7;28;43.214893;76.869119;9429940000960546_jD5vt31578G23HA72AI0GGGGsrsq9h73G6G505A817B70857wpqt54687J1A6G7G3JGJ55GJwwBnuv7B884AA41232H338J1HH0J47
детский центр;Academ Kids, детский центр;Частные детские сады, Центры раннего развития детей, Спортивные секции, Курсы творчества для детей;проспект Абая, 150/230 блок 4;+77078791201;+77078791201;yes;;http://academkids.kz;instagram:https://instagram.com/academkids_gauhartas whatsapp:https://wa.me/77078791201;4.8;14;43.236691;76.883359;70000001103704153_D5vt3ww27B884A4258072H442526srsq9hjG51578G7G3J3H81J34072t5473G65A8176G3011013GJHGII2Bnuvwpq687J1A064H359H5G2GGH1A4
детский центр;Креатив, детский центр;Центры раннего развития детей, Курсы творчества для детей, Помощь в обучении;улица Майлина, 109;+77785001693;+77785001693;yes;;;instagram:https://instagram.com/kreativ5101 whatsapp:https://wa.me/77785001693 telegram:https://t.me/+77785001693;5;25;43.328374;76.975525;70000001027937837_jD5vt31578G23H8301IG0GGGsrsq9h73G6G505A8179A3A94wpqt54687J1A6G7G3J0JI62JwwBnuv7B884A1013348H35AHHHG3H73
детский центр;Центр инновационного творчества школьников Алатауского района города Алматы;Курсы творчества для детей, Спортивные секции, Курсы робототехники;микрорайон Нуркент, 14а;+77089051545;+77089051545;yes;;http://cit-alatau.kz/;instagram:https://instagram.com/alatau_cit whatsapp:https://wa.me/77089051545;4.9;305;43.258436;76.813287;70000001081324990_D5vt3ww27B884A3A3427A26AAAecsrsq9hjG51578G7G3J3H80J367BBt5473G65A8176G3011013GJHGI2HBnuvwpq687J1A0A1H35BHG2GGG1H
детский центр;Genius, детский центр;Актёрские курсы, Курсы вокала, Спортивные секции, Обучение танцам, Музыкальные курсы;улица Мустай Карим, 12/8а;+77789992828;+77789992828;yes;;;instagram:https://instagram.com/genius_kidsland whatsapp:https://wa.me/77789992828;5;271;43.209174;76.86078;70000001055055841_jD5vt31578G23H8301IG0GGGsrsq9h73G6G505A817715895wpqt54687J1A6G7G3J0JI62JwwBnuv7B884A1013372H35CHHHG3Hb8
детский центр;Samgau, центр развития и творчества;Курсы творчества для детей, Обучение танцам, Курсы робототехники, Языковые школы;переулок Вахтангова, 2Б;+77273514423 +77073690119;+77071671124;yes;;http://bilimalmaty.kz;instagram:https://instagram.com/samgaucenter whatsapp:https://wa.me/77071671124;4.9;172;43.224573;76.88645;9429940000795069_jD5vt31578G23HA72AI2GGG0srsq9h73G6G505A8179A537Awpqt54687J1A6G7G3JG45A8CwwBnuv7B884AA41232H343J1HHGJHG2I24ABBf5
детский центр;Я в домике, детский центр;Центры раннего развития детей, Логопед, Психолог, Языковые школы, Курсы творчества для детей;Гёте улица, 214;+77770104455;+77770104455;yes;;;instagram:https://instagram.com/club_ya_v_domike whatsapp:https://wa.me/77770104455;4.8;87;43.314707;76.965444;70000001021376624_jD5vt31578G23H8301IG0GGGsrsq9h73G6G505A817347973wpqt54687J1A6G7G3J0JI62JwwBnuv7B884A1013345H364HHHG3H2c
детский центр;Step School, детский центр;Центры раннего развития детей, Частные детские сады, Логопед;улица Кармысова, 16;+77078285748;+77078285748;yes;;;instagram:https://instagram.com/step_school_almaty whatsapp:https://wa.me/77078285748;4.8;49;43.255047;76.962803;9429940001732284_jD5vt31578G23HA72AI0GGGGsrsq9h73G6G505A817942595wpqt54687J1A6G7G3JGJ55GJwwBnuv7B884AA41233H345J1HH0J8d
детский центр;Дом школьников №6;Курсы творчества для детей;проспект Сейфуллина, 13/1;+77272215146 +77272427418 +77272231490;+77272215146;;;http://6.okushylar-uyi.kz;facebook:https://facebook.com/domskolnikov6 instagram:https://instagram.com/domshkolnikov_6;4.8;220;43.334352;76.945127;9429940000795068_jD5vt31578G23HA72AI2GGG0srsq9h73G6G505A8179A5379wpqt54687J1A6G7G3JG45A8CwwBnuv7B884AA41232H348J1HHGJHG2I24ABB72
детский центр;Я в домике, детский центр;Центры раннего развития детей, Курсы творчества для детей, Логопед, Психолог;улица Казыбек би, 156;+77773939889;+77773939889;yes;;http://ya-vdomike.kz;instagram:https://instagram.com/yavdomike_kazybekbi whatsapp:https://wa.me/77773939889;5;61;43.254142;76.912656;70000001079582841_jD5vt31578G23H8301IG0GGGsrsq9h73G6G505A817B68595wpqt54687J1A6G7G3J0JI62JwwBnuv7B884A1013392H369HHHG3H47
детский центр;Classic kindergarten, частный детский сад;Частные детские сады;улица Айманова, 137;+77273925103 +77011104020;+77011104020;yes;;http://classickindergarten.kz;instagram:https://instagram.com/classic_kindergarten whatsapp:https://wa.me/77011104020;4.8;123;43.236156;76.897034;9429940001263850_D5vt3ww27B884A33473B62436177srsq9hjG51578G7G3J3HAG433437t5473G65A8176G72AA412GJHGI2HBnuvwpq687J1A01H34AJ1G2GGG1H7
детский центр;Gravity, батутный центр;Детские игровые залы, Батутные центры, Организация праздников;улица Тимирязева, 42 к3;+77272754300;+77470356461;yes;;;vkontakte:https://vk.com/gravity_almaty instagram:https://instagram.com/gravity_almaty whatsapp:https://wa.me/77470356461;4.8;593;43.224673;76.909441;70000001026501056_D5vt3ww27B884A348604129A6474srsq9hjG51578G7G3J3H80J39775t5473G65A8176G3011013GJHGI2HBnuvwpq687J1A067H36BHG2GGG1H
детский центр;Play Park, детский развлекательный центр;Детские игровые залы, Батутные центры, Верёвочные парки, Организация праздников;проспект Сейфуллина, 617;+77776279842;+77776279842;yes;;;instagram:https://instagram.com/playpark_almaty whatsapp:https://wa.me/77776279842;4.6;1661;43.233613;76.935836;70000001034809969_D5vt3ww27B884A35690CA29A6432srsq9hjG51578G7G3J3H80J39775t5473G65A8176G3011013GJHGI2HBnuvwpq687J1A07AH36CHG2GGG1H
детский центр;Легород, детский центр;Детские игровые залы;проспект Сейфуллина, 617;+77024238814;+77478711344;yes;;;instagram:https://instagram.com/bricobilandia.kz whatsapp:https://wa.me/77478711344 whatsapp:https://wa.me/77024238814;4.4;74;43.234621;76.935371;70000001035735242_jD5vt31578G23H8301IG0GGGsrsq9h73G6G505A817783835wpqt54687J1A6G7G3J0JI62JwwBnuv7B884A1013353H373HHHG3Hf4
детский центр;Зерделі, образовательный центр;Центры раннего развития детей, Помощь в обучении, Языковые школы;улица Наурызбай батыра, 8а;+77074840139 +77478819001;+77074840139;yes;;http://tiktok.com/@zerdeli__talgar;instagram:https://instagram.com/zerdeli_talgar whatsapp:https://wa.me/77074840139 whatsapp:https://wa.me/77478819001;4.9;37;43.312247;77.231452;70000001083954538_jD5vt31578G23H8301I2GGG0srsq9h73G6G505A8175A5764wpqt54687J1A6G7G3J0J7986wwBnuv7B884A10133A9H374HHHGJHG2I67B635
детский центр;Чиполлино, детский центр;Центры раннего развития детей, Помощь в обучении, Логопед, Дневные детские лагеря, Курсы творчества для детей;микрорайон Айнабулак-3, 143;+77089353525 +77000230379;+77089353525;yes;;;instagram:https://instagram.com/kids.chipollino whatsapp:https://wa.me/77089353525 whatsapp:https://wa.me/77017110293 whatsapp:https://wa.me/77000230379;4.9;78;43.327764;76.922087;70000001047735235_jD5vt31578G23H8301IG0GGGsrsq9h73G6G505A817983834wpqt54687J1A6G7G3J0JI62JwwBnuv7B884A1013366H375HHHG3Hb7
детский центр;Academ Kids, детский центр;Частные детские сады, Центры раннего развития детей, Спортивные секции, Курсы творчества для детей;улица Прокофьева, 144;+77076281089;+77076281089;yes;;http://academkids.kz;instagram:https://instagram.com/academkids_manhattan whatsapp:https://wa.me/77076281089 telegram:https://t.me/academkidsmanhetten;4.9;48;43.243672;76.875953;70000001091596306_D5vt3ww27B884A3B36994H442526srsq9hjG51578G7G3J3H81J34072t5473G65A8176G3011013GJHGII2Bnuvwpq687J1A017H376H5G2GGH1A4
детский центр;Kidsville Silkway, детский центр;Центры раннего развития детей, Языковые школы, Помощь в обучении;улица Казыбек би, 64;+77006008069;+77006008069;yes;;;instagram:https://instagram.com/kidsville.almaty whatsapp:https://wa.me/77006008069;4.6;48;43.255929;76.938279;70000001057258263_jD5vt31578G23H8301IG0GGGsrsq9h73G6G505A817935B37wpqt54687J1A6G7G3J0JI62JwwBnuv7B884A1013374H377HHHG3H23
детский центр;Ерке, детский центр;Центры раннего развития детей, Курсы творчества для детей, Языковые школы, Помощь в обучении, Логопед;улица Кенесары хана, 54/3 к1;+77052194242;+77052194242;yes;;;instagram:https://instagram.com/dc_erke whatsapp:https://wa.me/77052194242;4.9;46;43.171103;76.871765;70000001021625460_jD5vt31578G23H8301IG0GGGsrsq9h73G6G505A817372857wpqt54687J1A6G7G3J0JI62JwwBnuv7B884A1013341H378HHHG3Hc6
детский центр;Älem, центр инновационного творчества школьников;Курсы творчества для детей, Помощь в обучении;микрорайон Шугыла, 347/4;+77074997367 +77085915804 +77272916691;+77074997367;yes;;;instagram:https://instagram.com/aleminnovation.kz whatsapp:https://wa.me/77074997367;4.9;168;43.205792;76.791433;70000001074361719_D5vt3ww27B884A396464826AAAhcsrsq9hjG51578G7G3J3H80J367BBt5473G65A8176G3011013GJHGI2HBnuvwpq687J1A02AH379HG2GGG1H
детский центр;Dream Team, детский центр;Центры раннего развития детей, Языковые школы, Спортивные секции, Дневные детские лагеря;улица Жамбыла, 155 к2;+77775987080;+77775987080;yes;;;instagram:https://instagram.com/dreamteamcenter whatsapp:https://wa.me/77775987080;4.9;39;43.245885;76.91301;70000001029690093_jD5vt31578G23H8301IG0GGGsrsq9h73G6G505A817B7931Awpqt54687J1A6G7G3J0JI62JwwBnuv7B884A1013344H37AHHHG3HaB
детский центр;Art space, детский центр;Курсы творчества для детей, Организация праздников;улица Габдуллина, 74;+77018484274 +77771222787;+77018484274;yes;;;instagram:https://instagram.com/art.space.almaty whatsapp:https://wa.me/77018484274 whatsapp:https://wa.me/77771222787 telegram:https://t.me/+77018484274;5;76;43.228326;76.914424;70000001060806537_jD5vt31578G23H8301IG0GGGsrsq9h73G6G505A817290964wpqt54687J1A6G7G3J0JI62JwwBnuv7B884A1013388H37BHHHG3H5f
детский центр;Тропинка, детский центр;Центры раннего развития детей, Логопед;улица Мустафина, 35а;+77771960989;+77771960989;yes;;;facebook:https://facebook.com/tropkalog instagram:https://instagram.com/tropka_log whatsapp:https://wa.me/77771960989 telegram:https://t.me/+77771960989;5;46;43.205039;76.87732;9429940000984569_w7r12o1578G23HA72AI0GGGGqflBte73G6G505A817B9487Awpqt54689J1A8G7G4JGJ55GJzpr4uv7B884AA41232H413J1HH0Jf3
детский центр;Academ Kids, детский центр;Частные детские сады, Центры раннего развития детей, Спортивные секции, Курсы творчества для детей;Утепова улица, 31 блок 17;+77478655058 +77076281089;+77076281089;yes;;http://academkids.kz;whatsapp:https://wa.me/77076281089;;;43.219744;76.887876;70000001114139257_7r12ozp27B884A43623C3H442526qflBtewG51578G7G4J3H81J34072t5473G65A8178G3011013GJHGII2r4uvwpq689J1A068H434H5G2GGH187
детский центр;Кидди Парк, детский центр;Центры раннего развития детей, Логопед, Курсы робототехники, Языковые школы;улица Пушкина, 116/15;+77750430484;+77750430484;yes;;;instagram:https://instagram.com/kiddypark_almaty whatsapp:https://wa.me/77750430484;4.7;47;43.245924;76.955036;70000001031170639_w7r12o1578G23H8301IG0GGGqflBte73G6G505A817327374wpqt54689J1A8G7G4J0JI62Jzpr4uv7B884A101335AH435HHHG3He5
детский центр;Factoria, детский развлекательный центр;Детские игровые залы, Спортивно-тактические клубы, Квесты, Организация праздников;проспект Назарбаева, 223;+77479150673;+77089625806;yes;;http://factoria.kz;instagram:https://instagram.com/factoria.kz facebook:https://facebook.com/factoria.kz whatsapp:https://wa.me/77089625806;5;616;43.232783;76.948348;70000001083881758_7r12ozp27B884A3A5984829A64c1qflBtewG51578G7G4J3H80J39775t5473G65A8178G3011013GJHGI2Hr4uvwpq689J1A069H436HG2GGG1H
детский центр;Мирас, ясли-сад;Частные детские сады;улица Зенкова, 52;+77272221757 +77718007762;+77718007762;yes;;http://miras-kids.kz;instagram:https://instagram.com/almaty_miras whatsapp:https://wa.me/77718007762;5;57;43.253357;76.957805;9429940001601440_7r12ozp27B884A33811752436171qflBtewG51578G7G4J3HAG433437t5473G65A8178G72AA412GJHGI2Hr4uvwpq689J1A01H418J1G2GGG1H2
детский центр;Big smile, детский развлекательный центр;Детские игровые залы;улица Кунаева, 16;+77087715848;+77055778477;yes;;;instagram:https://instagram.com/bigsmile_turbo whatsapp:https://wa.me/77055778477;4.9;554;44.997359;78.375763;70000001082760858_7r12ozp27B884A3A4863929A6453qflBtewG51578G7G4J3H80J39775t5473G65A8178G3011013GJHGI2Hr4uvwpq689J1A069H439HG2GGG1H
детский центр;Non stop, развлекательный центр;Детские игровые залы, Клубы видеоигр;улица Наурызбай батыра, 36/1;+77055550055;+77055550055;yes;;;instagram:https://instagram.com/nonstopkaskelenn whatsapp:https://wa.me/77055550055;4.8;789;43.208205;76.638024;70000001087850458_7r12ozp27B884A3A9953529A645bqflBtewG51578G7G4J3H80J39775t5473G65A8178G3011013GJHGI2Hr4uvwpq689J1A069H43AHG2GGG1H
детский центр;Ай да я!, детский центр;Центры раннего развития детей, Языковые школы, Курсы робототехники, Детские лагеря, Спортивные секции;проспект Сейфуллина, 51/18;+77087023456;+77087023456;yes;;http://aydaya.kz;instagram:https://instagram.com/aydaya_kz whatsapp:https://wa.me/77087023456 telegram:https://t.me/+77087023456;5;77;43.327097;76.939359;70000001072680300_w7r12o1578G23H8301IG0GGGqflBte73G6G505A817478341wpqt54689J1A8G7G4J0JI62Jzpr4uv7B884A1013391H43BHHHG3H0g
детский центр;Lolo Land, детский развлекательный центр;Детские игровые залы, Организация праздников;улица Ильяса Жансугурова, 260а;+77758972919;+77758972919;yes;;http://tiktok.com/@lololand_taldykor;instagram:https://instagram.com/lololand_taldykorgan whatsapp:https://wa.me/77758972919;4.6;247;45.010434;78.333532;70000001100791006_7r12ozp27B884A422894129A64c6qflBtewG51578G7G4J3H80J39775t5473G65A8178G3011013GJHGI2Hr4uvwpq689J1A017H443HG2GGG1H
детский центр;Легород, детский центр;Детские игровые залы;улица Макатаева, 127/1;+77002936079;+77478711344;yes;;;instagram:https://instagram.com/bricobilandia.kz whatsapp:https://wa.me/77478711344 whatsapp:https://wa.me/77002936079;4.4;44;43.263801;76.93007;70000001058954329_w7r12o1578G23H8301IG0GGGqflBte73G6G505A817AA5743wpqt54689J1A8G7G4J0JI62Jzpr4uv7B884A101337AH445HHHG3Hd3
детский центр;Skala Climbing gym, спортивный центр;Курсы творчества для детей, Скалодромы, Тимбилдинг, Спортивные секции;микрорайон Хан-Тенгри, 191;+77712323485;+77712323485;yes;skalaclub191@gmail.com;http://skalaclub.com/ http://skala-alpine.kz/;instagram:https://instagram.com/skalaclub.kz telegram:https://t.me/+77712323485 whatsapp:https://wa.me/77712323485;5;100;43.147777;76.898772;9429940000790115_w7r12o1578G23HA72AI2GGG0qflBte73G6G505A8179A0426wpqt54689J1A8G7G4JG45A8Czpr4uv7B884AA41232H426J1HHGJHG2I24ABB64
детский центр;Айналайын, частный детский сад;Частные детские сады;улица Есенжанова, 15;+77072461652;+77072461652;yes;;;instagram:https://instagram.com/ainalaiyn.sadik whatsapp:https://wa.me/77072461652;4.9;89;43.241122;76.883381;9429940001696460_7r12ozp27B884A338A677243617AqflBtewG51578G7G4J3HAG433437t5473G65A8178G72AA412GJHGI2Hr4uvwpq689J1A01H428J1G2GGG1He
детский центр;K.E.R.N. Kids, детский сад;Частные детские сады;проспект Сейфуллина, 469/4;+77753113847;+77753113847;yes;;http://sanaurpaq.kz/kaz;instagram:https://instagram.com/kern.kids whatsapp:https://wa.me/77753113847 telegram:https://t.me/sanaurpaq;4.9;136;43.266219;76.929693;70000001089584375_7r12ozp27B884A3AB6874H442526qflBtewG51578G7G4J3H80J34072t5473G65A8178G3011013GJHGII1r4uvwpq689J1A086H44CH5G2GGH123
детский центр;Sigma, образовательный центр;Центры раннего развития детей, Помощь в обучении, Языковые школы, Центры тестирования ГТО;проспект Достык, 162 к5;+77066120898;+77066120898;yes;;http://sigmacenter.kz/;instagram:https://instagram.com/sigmacenter.kz whatsapp:https://wa.me/77066120898;5;182;43.23428;76.960434;70000001067321620_w7r12o1578G23H8301I2GGG0qflBte73G6G505A817942473wpqt54689J1A8G7G4J0J7986zpr4uv7B884A1013381H453HHHGJHG2I67B6df
детский центр;Alpha Generation, детский центр;Частные детские сады, Курсы творчества для детей, Центры раннего развития детей, Логопед, Помощь в обучении;улица Ходжанова, 55Б;+77073419990 +77272455468;+77073419990;yes;;;instagram:https://instagram.com/alpha_generation whatsapp:https://wa.me/77073419990;5;29;43.210483;76.90968;9429940001387834_w7r12o1578G23HA72AI0GGGGqflBte73G6G505A817597B45wpqt54689J1A8G7G4JGJ55GJzpr4uv7B884AA41233H434J1HH0J42
детский центр;Юнона, частный детский сад;Частные детские сады;улица Терешковой, 1а;+77076457828;+77076457828;yes;;;instagram:https://instagram.com/yunona_kids whatsapp:https://wa.me/77076457828;4.9;100;43.364505;76.858104;70000001027261059_7r12ozp27B884A3493641H442526qflBtewG51578G7G4J3H80J34072t5473G65A8178G3011013GJHGII1r4uvwpq689J1A06AH457H5G2GGH18e
детский центр;Аль-Фараби, частный детский сад;Частные детские сады;улица Попова, 22;+77012222552 +77070492258;+77070492258;yes;;;instagram:https://instagram.com/al_farabi_sadik whatsapp:https://wa.me/77070492258 whatsapp:https://wa.me/77012222552;4.9;87;43.226137;76.933946;70000001061078869_7r12ozp27B884A38317B9H442526qflBtewG51578G7G4J3H80J34072t5473G65A8178G3011013GJHGII1r4uvwpq689J1A07AH458H5G2GGH1c6
детский центр;Zerdeli Education Almaty, образовательный центр;Центры раннего развития детей, Помощь в обучении, Языковые школы;улица Наурызбай батыра, 99/1;+77780403999 +77776649380;+77776649380;yes;;;instagram:https://instagram.com/zerdeli.ala instagram:https://instagram.com/zerdeli.almaty whatsapp:https://wa.me/77776649380;4.9;308;43.244929;76.937223;70000001047814070_w7r12o1578G23H8301I2GGG0qflBte73G6G505A817991718wpqt54689J1A8G7G4J0J7986zpr4uv7B884A1013361H45AHHHGJHG2I67B6Bg
детский центр;Тамосик, центр подготовки к школе;Центры раннего развития детей;улица Какимбека Салыкова, 142;+77273470150;+77273470150;;;;facebook:https://facebook.com/tamosikalmaty;4.9;117;43.170058;76.911285;70000001053863226_w7r12o1578G23H8301I2GGG0qflBte73G6G505A817596633wpqt54689J1A8G7G4J0J7986zpr4uv7B884A1013377H45BHHHGJHG2I67B63e
детский центр;Dino Fest, развлекательный парк;Детские игровые залы;проспект Сейфуллина, 617;+77067057575;+77067057575;yes;;;instagram:https://instagram.com/Dino_fest_almaty whatsapp:https://wa.me/77067057575;4.5;336;43.234022;76.935108;70000001110093666_7r12ozp27B884A432196729A6434qflBtewG51578G7G4J3H80J39775t5473G65A8178G3011013GJHGI2Hr4uvwpq689J1A077H45CHG2GGG1H
детский центр;Умка, центр подготовки к школе;Курсы творчества для детей, Центры раннего развития детей, Логопед, Языковые школы, Помощь в обучении;улица Навои, 280;+77054056684;+77054056684;yes;;;instagram:https://instagram.com/centr_umka.kz whatsapp:https://wa.me/77054056684;4.9;15;43.204394;76.887023;70000001102699230_7r12ozp27B884A42479C326AAA85qflBtewG51578G7G4J3H81J367BBt5473G65A8178G3011013GJHGI3Hr4uvwpq689J1A041H463HG2GGG1H
детский центр;Наши дети, детский центр;Курсы творчества для детей, Помощь в обучении, Языковые школы, Курсы робототехники, Дневные детские лагеря;улица Кабанбай батыра, 139;+77778138052;+77778138052;yes;;;whatsapp:https://wa.me/77778138052 instagram:https://instagram.com/nashi_deti_almaty;4.9;52;43.248292;76.917887;70000001030368859_w7r12o1578G23H8301IG0GGGqflBte73G6G505A817246B96wpqt54689J1A8G7G4J0JI62Jzpr4uv7B884A101335AH464HHHG3H97
детский центр;Fizmat Academy, образовательный центр;Центры раннего развития детей, Помощь в обучении;Бухар жырау бульвар, 36;+77768266000;+77768266000;yes;;http://fizmatacademy.kz;instagram:https://instagram.com/fizmat_academy facebook:https://facebook.com/fizmatacademy.kz whatsapp:https://wa.me/77768266000;4.7;53;43.231567;76.917417;70000001034730001_w7r12o1578G23H8301I2GGG0qflBte73G6G505A817683311wpqt54689J1A8G7G4J0J7986zpr4uv7B884A1013352H466HHHGJHG2I67B694
детский центр;Steppe School, школа музыки, творчества и саморазвития;Центры раннего развития детей, Музыкальные курсы, Курсы вокала;улица Розыбакиева, 264;+77770059898;+77770059898;yes;;http://steppe.school;instagram:https://instagram.com/steppe.school facebook:https://facebook.com/steppe.school.kz whatsapp:https://wa.me/77770059898 telegram:https://t.me/steppe_school;5;22;43.21568;76.89329;70000001089613200_w7r12o1578G23H8301I2GGG0qflBte73G6G505A817B71631wpqt54689J1A8G7G4J0J7986zpr4uv7B884A10133A1H467HHHGJHG2I67B639
детский центр;BabyPolis, детский парк;Детские игровые залы;Ораза Жандосова улица, 83;+77717095078;+77717095078;yes;;;instagram:https://instagram.com/babypolis_kz whatsapp:https://wa.me/77717095078;4.8;781;43.207893;76.858236;70000001036394543_7r12ozp27B884A358497629A64g4qflBtewG51578G7G4J3H80J39775t5473G65A8178G3011013GJHGI2Hr4uvwpq689J1A054H468HG2GGG1H
детский центр;Умка, центр подготовки к школе;Центры раннего развития детей;проспект Гагарина, 242;+77089721515 +77279721515;+77089721515;yes;;;whatsapp:https://wa.me/77089721515 instagram:https://instagram.com/centr_umka.kz;4.9;88;43.211267;76.898438;70000001048476723_w7r12o1578G23H8301I2GGG0qflBte73G6G505A817A57983wpqt54689J1A8G7G4J1J7986zpr4uv7B884A1013364H469HHHGJHG3I67B6A8
детский центр;Центр английского языка и IELTS;Центры раннего развития детей, Языковые школы, Помощь в обучении, Логопед;микрорайон Аксай-1, 15Б;+77020573978;+77020573978;yes;;;instagram:https://instagram.com/english_we_can.123 whatsapp:https://wa.me/77020573978;4.9;5;43.240724;76.834161;70000001104144169_w7r12o1578G23H8301I2GGG0qflBte73G6G505A817624727wpqt54689J1A8G7G4J0J7986zpr4uv7B884A101342AH46CHHHGJHG2I67B6h9
детский центр;Talant city, детский центр;Центры раннего развития детей;улица Солодовникова, 23;+77775493323;+77775493323;yes;;;instagram:https://instagram.com/talant_city.kz whatsapp:https://wa.me/77775493323;4.9;32;43.23389;76.89228;70000001054335770_w7r12o1578G23H8301IG0GGGqflBte73G6G505A817643888wpqt54689J1A8G7G4J0JI62Jzpr4uv7B884A1013371H474HHHG3H8d
детский центр;Wunder academy, частная общеобразовательная школа;Центры раннего развития детей, Школы, Детские лагеря;улица Кыз Жибек, 77;+77084809988;+77084809988;yes;;http://wunderacademy.kz/?&utm_source=2gis;instagram:https://instagram.com/wunderacademy.kz facebook:https://facebook.com/wunderacademy.kz whatsapp:https://wa.me/77084809988 telegram:https://t.me/+77084809988;4.8;57;43.218043;76.97258;70000001054446544_w7r12o1578G23H8301I2GGG0qflBte73G6G505A817654965wpqt54689J1A8G7G4J0J7986zpr4uv7B884A1013375H475HHHGJHG2I67B6A8
детский центр;Academ Kids, детский центр;Частные детские сады, Центры раннего развития детей, Спортивные секции, Курсы творчества для детей;улица Навои, 208/2;+77089314220 +77076281089;+77076281089;yes;;http://academkids.kz;whatsapp:https://wa.me/77076281089;5;4;43.206594;76.886513;70000001114139412_7r12ozp27B884A43623C5H442526qflBtewG51578G7G4J3H81J34072t5473G65A8178G3011013GJHGII2r4uvwpq689J1A023H476H5G2GGH15d
детский центр;Indigo, частный детский сад;Частные детские сады;улица Кенесары хана, 122/4;+77071515141;+77071515141;yes;;;instagram:https://instagram.com/indigo_nursery_almaty whatsapp:https://wa.me/77071515141;5;52;43.191932;76.854847;70000001029492019_7r12ozp27B884A34B5951H442526qflBtewG51578G7G4J3H80J34072t5473G65A8178G3011013GJHGII1r4uvwpq689J1A02AH477H5G2GGH19A
детский центр;Солнечные Зайчики, детский центр;Помощь в обучении, Центры раннего развития детей, Спортивно-интеллектуальные клубы;улица Кунаева, 83а;+77071922522;+77071922522;yes;;;instagram:https://instagram.com/solnechnye.zaichiki whatsapp:https://wa.me/77071922522;4.4;6;43.257474;76.948955;70000001097322065_w7r12o1578G23H8301I0GGGGqflBte73G6G505A817942517wpqt54689J1A8G7G4J0JI4GJzpr4uv7B884A10133B6H478HHH0Jc7
детский центр;Pride, спортивный зал;Спортивные секции;улица Жунисова, 10 к4;+77079870505 +77017717517;+77079870505;yes;;;instagram:https://instagram.com/pride_sportclub whatsapp:https://wa.me/77079870505 whatsapp:https://wa.me/77017717517;5;22;43.221414;76.789066;70000001050861069_w7r12o1578G23H8301IG0GGGqflBte73G6G505A817296417wpqt54689J1A8G7G4J0JI62Jzpr4uv7B884A101337AH479HHHG3Hf6
детский центр;Легород, детский центр;Детские игровые залы;улица Кабдолова, 1;+77750698554;+77478711344;yes;;;instagram:https://instagram.com/bricobilandia.kz whatsapp:https://wa.me/77478711344 whatsapp:https://wa.me/77024238814;4.6;92;43.239277;76.854997;70000001035265573_w7r12o1578G23H8301IG0GGGqflBte73G6G505A817736868wpqt54689J1A8G7G4J0JI62Jzpr4uv7B884A1013354H47AHHHG3Hcf
детский центр;Умка, центр подготовки к школе;Центры раннего развития детей;улица Казыбек би, 139 к3 НП1;+77273151205 +77773913290;+77773913290;yes;;;instagram:https://instagram.com/centr_umka.k.b whatsapp:https://wa.me/77773913290;4.9;69;43.255178;76.919347;70000001029855283_w7r12o1578G23H8301I2GGG0qflBte73G6G505A817B95839wpqt54689J1A8G7G4J1J7986zpr4uv7B884A1013344H47BHHHGJHG3I67B69g
детский центр;РазУм, детский центр;Центры раннего развития детей, Помощь в обучении, Языковые школы, Дневные детские лагеря;улица Алматы, 1/2;+77770789094;+77770789094;yes;;http://tiktok.com/@razum_center_kz02;facebook:https://facebook.com/razum_center_kz instagram:https://instagram.com/razum_center_kz whatsapp:https://wa.me/77770789094 telegram:https://t.me/Razum;4.7;13;43.306308;77.049865;70000001032130839_w7r12o1578G23H8301IG0GGGqflBte73G6G505A817423394wpqt54689J1A8G7G4J0JI62Jzpr4uv7B884A101335AH47CHHHG3Ha9
детский центр;Tamos kids, детский центр развития;Центры раннего развития детей;микрорайон Орбита-1, 2;+77007777009;+77007777009;yes;;http://tamoskids.kz;instagram:https://instagram.com/tamoskids whatsapp:https://wa.me/77007777009;4.9;109;43.202069;76.885657;70000001032689566_8lBvoo1578G23H8301I2GGG0qwlvfp73G6G505A817478C67wpqt5468AJ1A9G7G5J0J798676dmuv7B884A1013357H533HHHGJHG2I67B6B8
детский центр;Bambonya Club, детский центр;Курсы творчества для детей, Спортивные секции, Центры раннего развития детей, Языковые школы, Обучение танцам;Торговый переулок, 25;+77025913570 +77083223494;+77025913570;yes;;;instagram:https://instagram.com/bambonyaclub whatsapp:https://wa.me/77025913570;4.9;13;43.344414;76.916294;70000001023917336_8lBvoo1578G23H8301IG0GGGqwlvfp73G6G505A8175A1A44wpqt5468AJ1A9G7G5J0JI62J76dmuv7B884A1013347H534HHHG3Hb5
детский центр;Совершенство, детский центр;Центры раннего развития детей, Психолог, Помощь в обучении, Языковые школы, Курсы творчества для детей;Богенбай батыра улица, 188;+77078280403;+77078280403;yes;;;whatsapp:https://wa.me/77078280403;4.9;35;43.251452;76.923163;9429940001081592_8lBvoo1578G23HA72AI0GGGGqwlvfp73G6G505A8172918A3wpqt5468AJ1A9G7G5JGJ55GJ76dmuv7B884AA41233H515J1HH0Jd3
детский центр;Kids Art Center, детский центр;Курсы творчества для детей, Центры раннего развития детей, Спортивные секции, Обучение танцам;Богенбай батыра улица, 279;+77025070000 +77475902341;+77025070000;yes;;;instagram:https://instagram.com/kids_art_sport whatsapp:https://wa.me/77025070000 whatsapp:https://wa.me/77475902341;4.8;16;43.249741;76.895376;70000001054893860_8lBvoo1578G23H8301IG0GGGqwlvfp73G6G505A817699697wpqt5468AJ1A9G7G5J0JI62J76dmuv7B884A1013371H536HHHG3H68
детский центр;Zerek Bala, частный детский сад;Частные детские сады;улица Жарокова, 320;+77089849029 +77473255721;+77089849029;yes;;;instagram:https://instagram.com/zerek_bala_baqsha whatsapp:https://wa.me/77089849029 whatsapp:https://wa.me/77473255721;5;53;43.20204;76.906046;70000001090375838_lBvoo7627B884A3B24789H442526qwlvfp8G51578G7G5J3H80J34072t5473G65A8179G3011013GJHGII1dmuvwpq68AJ1A049H538H5G2GGH1bb
детский центр;Радуга, детский центр;Помощь в обучении, Логопед, Центры раннего развития детей;проспект Сейфуллина, 51/25;+77471799119;+77471799119;yes;;;instagram:https://instagram.com/detskiicentr_raduga_ whatsapp:https://wa.me/77471799119 telegram:https://t.me/detskiicentrRaduga;4.9;31;43.327279;76.94056;70000001055235231_8lBvoo1578G23H8301IG0GGGqwlvfp73G6G505A817733834wpqt5468AJ1A9G7G5J0JI62J76dmuv7B884A1013372H539HHHG3H4f
детский центр;Голубой парус, школа-детский сад;Частные детские сады, Школы;улица Панфилова, 52/41;+77272713212 +77272713918;+77715589982;yes;;http://bluesail.kz;instagram:https://instagram.com/blue_sail_almaty whatsapp:https://wa.me/77715589982;4.9;102;43.266291;76.943746;9429940001093441_lBvoo7627B884A332A375243617eqwlvfp8G51578G7G5J3HAG433437t5473G65A8179G72AA412GJHGI2Hdmuvwpq68AJ1A02H51AJ1G2GGG1He
детский центр;Зерделі, образовательный центр;Центры раннего развития детей, Помощь в обучении;микрорайон Аксай-4, 80а;+77471405050;+77471405050;yes;;;instagram:https://instagram.com/zerdeliubtalmaty whatsapp:https://wa.me/77471405050;5;1;43.226769;76.844441;70000001116495426_8lBvoo1578G23H8301I2GGG0qwlvfp73G6G505A817859853wpqt5468AJ1A9G7G5J0J798676dmuv7B884A1013437H53BHHHGJHG2I67B628
детский центр;Zhebe, спортивный клуб;Спортивные секции;улица Венецианова, 7;+77477779154;+77477779154;yes;;;instagram:https://instagram.com/taekwondo_zhebe whatsapp:https://wa.me/77477779154;5;2;43.268686;76.897727;70000001113173468_8lBvoo1578G23H8301IG0GGGqwlvfp73G6G505A817527657wpqt5468AJ1A9G7G5J0JI62J76dmuv7B884A1013439H53CHHHG3H9B
детский центр;Bal-balam, частный детский сад;Частные детские сады;улица Манаса, 22/3 к9;+77762220413 +77021243103;+77762220413;yes;;;whatsapp:https://wa.me/77762220413 instagram:https://instagram.com/balbalam_legenda whatsapp:https://wa.me/77021243103;4.7;49;43.242103;76.908894;70000001089819768_lBvoo7627B884A3AB91C8H442526qwlvfp8G51578G7G5J3H80J34072t5473G65A8179G3011013GJHGII1dmuvwpq68AJ1A079H543H5G2GGH164
детский центр;Балажан, частный детский сад;Частные детские сады;Ораза Жандосова улица, 14;+77473006446;+77473006446;yes;;http://balazhan.tilda.ws;facebook:https://facebook.com/Day-Care/%D0%94%D0%B5%D1%82%D1%81%D0%BA%D0%B8%D0%B9-%D1%81%D0%B0%D0%B4-%D0%91%D0%B0%D0%BB%D0%B0%D0%B6%D0%B0%D0%BD-200525676798317 instagram:https://instagram.com/balazhan_almaty whatsapp:https://wa.me/77473006446 telegram:https://t.me/+77473006446;4.9;44;43.233977;76.907836;9429940001085124_lBvoo7627B884A33295432436174qwlvfp8G51578G7G5J3HAG433437t5473G65A8179G72AA412GJHGI2Hdmuvwpq68AJ1A05H524J1G2GGG1Hf
детский центр;International Montessori Kinderhouse, частная школа;Центры раннего развития детей, Языковые школы;улица Жанакорган, 24;+77077188080;+77077188080;yes;;http://kinderhouse.kz;instagram:https://instagram.com/kinderhouse.montessori whatsapp:https://wa.me/77077188080;5;25;43.196899;76.932078;70000001093323552_8lBvoo1578G23H8301I2GGG0qwlvfp73G6G505A817542666wpqt5468AJ1A9G7G5J0J798676dmuv7B884A10133B3H545HHHGJHG2I67B6fb
детский центр;Комарик, частный детский сад;Частные детские сады;Едила Ергожина улица, 47;+77782210752;+77782210752;yes;;http://komarik.kz;instagram:https://instagram.com/komarik_almaty whatsapp:https://wa.me/77782210752;4.9;98;43.214179;76.906934;9429940001256734_lBvoo7627B884A33466A4243617Aqwlvfp8G51578G7G5J3HAG433437t5473G65A8179G72AA412GJHGI2Hdmuvwpq68AJ1A05H527J1G2GGG1H2
детский центр;Lollipop Park, детский игровой центр;Детские игровые залы;8-й микрорайон, 37/1;+77080805577;+77080805577;yes;;;instagram:https://instagram.com/Lollipop.park whatsapp:https://wa.me/77080805577;4.8;305;43.226614;76.863428;70000001100642804_lBvoo7627B884A422745929A64eAqwlvfp8G51578G7G5J3H80J39775t5473G65A8179G3011013GJHGI2Hdmuvwpq68AJ1A015H548HG2GGG1H
детский центр;Damina, детский сад с предшкольной подготовкой;Центры раннего развития детей, Частные детские сады, Логопед, Нейропсихолог;улица Подгорная, 14а;+77015120800;+77015120800;yes;;;instagram:https://instagram.com/damina_montessori whatsapp:https://wa.me/77015120800;4.9;50;43.195445;76.913987;70000001019790438_8lBvoo1578G23H8301I2GGG0qwlvfp73G6G505A817B89354wpqt5468AJ1A9G7G5J0J798676dmuv7B884A1013339H549HHHGJHG2I67B6cb
детский центр;Safari Park, детский развлекательный центр;Детские игровые залы;улица Гагарина, 4а;+77077776350 +77074050932 +77014440542;+77077776350;yes;;;instagram:https://instagram.com/safari_park__ whatsapp:https://wa.me/77077776350 whatsapp:https://wa.me/77074050932;4.8;197;43.430781;77.026371;70000001041497645_lBvoo7627B884A36359A729A64cbqwlvfp8G51578G7G5J3H80J39775t5473G65A8179G3011013GJHGI2Hdmuvwpq68AJ1A056H54AHG2GGG1H
детский центр;Study Room, языковая школа и агентство по обучению за рубежом;Курсы творчества для детей, Языковые школы, Обучение за рубежом, Помощь в обучении, Детские лагеря;проспект Назарбаева, 235;+77072000741;+77074500451;yes;office@studyroom.kz;http://studyroom.kz;facebook:https://facebook.com/studyroom.kz instagram:https://instagram.com/studyroom.kz whatsapp:https://wa.me/77074500451;4.9;281;43.230621;76.948692;70000001019391043_lBvoo7627B884A33B494126AAAggqwlvfp8G51578G7G5J3H80J367BBt5473G65A8179G3011013GJHGI2Hdmuvwpq68AJ1A054H54BHG2GGG1H
детский центр;Зердеш, детский сад;Частные детские сады;микрорайон Атамекен, 113;+77711111142 +77783020087;+77711111142;yes;;http://zerdesh.kz;instagram:https://instagram.com/zerdeshbaksha whatsapp:https://wa.me/77711111142 instagram:https://instagram.com/zerdesh.baksha_2;4.8;82;43.205012;76.847224;70000001052405317_lBvoo7627B884A3745084H442526qwlvfp8G51578G7G5J3H80J34072t5473G65A8179G3011013GJHGII1dmuvwpq68AJ1A028H54CH5G2GGH1e9
детский центр;Нұрдария, частный детский сад;Частные детские сады;улица Кенжетаева, 103;+77085751635;+77085751635;yes;;;whatsapp:https://wa.me/77085751635;4.9;104;43.219794;76.79196;70000001102946730_lBvoo7627B884A424A498H442526qwlvfp8G51578G7G5J3H80J34072t5473G65A8179G3011013GJHGII1dmuvwpq68AJ1A041H554H5G2GGH12b
детский центр;Koktobe, частный детский сад и школа;Частные детские сады, Школы;улица Найманбаева, 95;+77776431133;+77776431133;yes;;http://koktobebala.kz/;instagram:https://instagram.com/koktobeschool whatsapp:https://wa.me/77776431133 telegram:https://t.me/+77776431133;5;110;43.219468;76.975069;70000001054275087_lBvoo7627B884A3763781H442526qwlvfp8G51578G7G5J3H80J34072t5473G65A8179G3011013GJHGII1dmuvwpq68AJ1A098H555H5G2GGH14d
детский центр;Фонарик, детский центр;Частные детские сады;улица Кожамкулова, 219;+77772000556;+77772000556;;;;instagram:https://instagram.com/fonarik_detki;4.4;5;43.248656;76.91682;70000001026672747_8lBvoo1578G23H8301IG0GGGqwlvfp73G6G505A817877585wpqt5468AJ1A9G7G5J0JI62J76dmuv7B884A1013348H556HHHG3H83
детский центр;MegaKids Premium, сеть детских развивающих центров;Центры раннего развития детей, Спортивные секции, Курсы творчества для детей, Курсы робототехники;улица Айманова, 140 блок Б3;+77082592397 +77770343932;+77082592397;yes;;;instagram:https://instagram.com/mk.center.razvitiya whatsapp:https://wa.me/77082592397;4.9;198;43.235671;76.897747;70000001032956674_8lBvoo1578G23H8301I2GGG0qwlvfp73G6G505A8174A5978wpqt5468AJ1A9G7G5J0J798676dmuv7B884A1013355H558HHHGJHG2I67B65A
детский центр;Дом школьников №7;Курсы творчества для детей;улица Нурсая, 4а;+77272905098 +77272783984;+77272905098;;;;;4.7;14;43.353749;76.945996;9429940000928568_8lBvoo1578G23HA72AI2GGG0qwlvfp73G6G505A817B38879wpqt5468AJ1A9G7G5JG45A8C76dmuv7B884AA41232H539J1HHGJHG2I24ABBge
детский центр;Smart Kids, частный детский сад;Частные детские сады;улица Айтиева, 41;+77053358751 +77017999828 +77273759040;+77053358751;yes;;;instagram:https://instagram.com/smart_kids.almaty facebook:https://facebook.com/almaty.smart.kids whatsapp:https://wa.me/77053358751 whatsapp:https://wa.me/77017999828;4.9;61;43.247394;76.904953;70000001038998978_lBvoo7627B884A35AA9BAH442526qwlvfp8G51578G7G5J3H80J34072t5473G65A8179G3011013GJHGII1dmuvwpq68AJ1A089H55AH5G2GGH163
детский центр;Жансая-Сәт, частный детский сад;Частные детские сады;улица Зимняя, 18Б;+77018241933 +77471023621;+77018241933;yes;;;whatsapp:https://wa.me/77018241933 whatsapp:https://wa.me/77471023621;5;7;43.35299;76.987365;70000001081317293_lBvoo7627B884A3A341A3H442526qwlvfp8G51578G7G5J3H80J34072t5473G65A8179G3011013GJHGII1dmuvwpq68AJ1A0A4H55BH5G2GGH1Ac
детский центр;Наша Няня, детский центр;Частные детские сады;улица Таттимбета, 95;+77057730579;+77057730579;yes;;http://nashanyanya.tilda.ws;instagram:https://instagram.com/nasha_nyanya_club whatsapp:https://wa.me/77057730579;4;22;43.207517;76.974063;70000001036406931_8lBvoo1578G23H8301IG0GGGqwlvfp73G6G505A8178509A4wpqt5468AJ1A9G7G5J0JI62J76dmuv7B884A1013352H55CHHHG3Hbg
детский центр;Oxford Academy Almaty, английский частный детский сад;Частные детские сады;улица Затаевича, 77;+77057709179 +77019933390;+77019933390;yes;;http://oxfordacademy.kz;facebook:https://facebook.com/Oxford-Academy-Almaty-135474999869355/timeline instagram:https://instagram.com/oxfordacademyalmaty whatsapp:https://wa.me/77019933390 whatsapp:https://wa.me/77057709179;4.8;48;43.216918;76.941107;9429940000789237_lBvoo7627B884A32999542436179qwlvfp8G51578G7G5J3HAG433437t5473G65A8179G72AA412GJHGI2Hdmuvwpq68AJ1A08H543J1G2GGG1H9
детский центр;kindergarten_montessori, частный детский сад;Частные детские сады;Бурундайская улица, 97;+77474337926;+77474337926;yes;;;instagram:https://instagram.com/kindergarten_montessori whatsapp:https://wa.me/77474337926;4.9;75;43.33746;76.932363;70000001066564205_lBvoo7627B884A3886673H442526qwlvfp8G51578G7G5J3H80J34072t5473G65A8179G3011013GJHGII1dmuvwpq68AJ1A016H564H5G2GGH1b9
детский центр;Дворец школьников;Курсы творчества для детей;улица Кунаева, 51;+77282401328 +77282412074;+77282401328;;;http://bala-alemi.kz;instagram:https://instagram.com/balaalemi.kz;4.9;17;45.000657;78.342536;70000001054903397_lBvoo7627B884A376A06426AAA74qwlvfp8G51578G7G5J3H80J367BBt5473G65A8179G3011013GJHGI2Hdmuvwpq68AJ1A0A8H565HG2GGG1H
детский центр;Igrapolis, детский развлекательный центр;Детские игровые залы, Организация праздников;улица Гоголя, 20;+77777888885;+77777888885;yes;;;instagram:https://instagram.com/igrapolis.kz whatsapp:https://wa.me/77777888885;4.9;224;43.260844;76.960471;70000001069894190_lBvoo7627B884A38B997229A648eqwlvfp8G51578G7G5J3H80J39775t5473G65A8179G3011013GJHGI2Hdmuvwpq68AJ1A0A1H566HG2GGG1H
детский центр;Балапандар, частный детский сад;Частные детские сады;улица Арман, 101Б;+77478877720;+77478877720;yes;;;instagram:https://instagram.com/sadik_kalkaman_balapandar whatsapp:https://wa.me/77478877720;4.9;32;43.206219;76.808443;70000001034546984_lBvoo7627B884A356649AH442526qwlvfp8G51578G7G5J3H80J34072t5473G65A8179G3011013GJHGII1dmuvwpq68AJ1A095H567H5G2GGH19A
детский центр;Пчелка Майя, детский сад;Центры раннего развития детей, Частные детские сады;улица Кенжетаева, 122;+77015055122;+77015055122;yes;;;instagram:https://instagram.com/pchelka_maya2024 whatsapp:https://wa.me/77015055122;4.9;179;43.218611;76.79206;70000001089216031_8lBvoo1578G23H8301I2GGG0qwlvfp73G6G505A817B31914wpqt5468AJ1A9G7G5J0J798676dmuv7B884A10133A2H568HHHGJHG2I67B6ee
детский центр;Ziyatkerim, частная начальная школа и детский сад;Центры раннего развития детей, Спортивные секции, Помощь в обучении, Частные детские сады, Начальные школы-детские сады и прогимназии;улица Байтасова, 14;+77079501090;+77079501090;yes;;http://ziyatkerimschool.kz;instagram:https://instagram.com/ziyatkerimschool whatsapp:https://wa.me/77079501090;4.7;17;43.242187;76.963296;70000001063616906_8lBvoo1578G23H8301I2GGG0qwlvfp73G6G505A8175719A1wpqt5468AJ1A9G7G5J0J798676dmuv7B884A1013387H569HHHGJHG2I67B626
детский центр;Madi Kids Premium, частный детский сад;Частные детские сады;улица Нурлыбаева, 31;+77783491802;+77783491802;yes;;;instagram:https://instagram.com/madikids_premium whatsapp:https://wa.me/77783491802;4.9;76;43.211894;76.951675;70000001080065338_lBvoo7627B884A3A21684H442526qwlvfp8G51578G7G5J3H80J34072t5473G65A8179G3011013GJHGII1dmuvwpq68AJ1A049H56AH5G2GGH189
детский центр;GoodVel, частный детский сад;Частные детские сады;улица Курмангазы, 84а;+77783678888;+77783678888;yes;;;instagram:https://instagram.com/goodvel.kz whatsapp:https://wa.me/77783678888;5;57;43.243782;76.936811;9429940001661464_lBvoo7627B884A33871772436178qwlvfp8G51578G7G5J3HAG433437t5473G65A8179G72AA412GJHGI2Hdmuvwpq68AJ1A05H54BJ1G2GGG1He
детский центр;Альма-матер, частный детский сад;Центры раннего развития детей, Логопед, Помощь в обучении, Частные детские сады;улица Альма-матер, 9;+77077207555 +77772475870 +77071055727;+77077207555;yes;;;instagram:https://instagram.com/erketai_land whatsapp:https://wa.me/77077207555;3.9;4;43.190544;76.858118;70000001080012307_8lBvoo1578G23H8301I2GGG0qwlvfp73G6G505A817211541wpqt5468AJ1A9G7G5J0J798676dmuv7B884A10133A8H56CHHHGJHG2I67B654
детский центр;Almaly Preschool, частный детский сад;Частные детские сады;улица Елебекова, 48;+77026081026;+77026081026;yes;;;instagram:https://instagram.com/almaly_preschool whatsapp:https://wa.me/77026081026;4.9;23;43.223008;76.965687;70000001063804882_lBvoo7627B884A3859079H442526qwlvfp8G51578G7G5J3H80J34072t5473G65A8179G3011013GJHGII1dmuvwpq68AJ1A093H573H5G2GGH15b
детский центр;Айдын Али, детский сад;Частные детские сады;улица Сайрам, 26;+77015611652 +77059088364;+77015611652;;;;;5;60;43.293124;77.025744;70000001094218399_lBvoo7627B884A3B631B4H442526qwlvfp8G51578G7G5J3H80J34072t5473G65A8179G3011013GJHGII1dmuvwpq68AJ1A0AAH574H5G2GGH1d5
детский центр;Little Bee, английский детский сад;Частные детские сады;Хусаинова улица, 188/26;+77073444863 +77018001002;+77073444863;yes;;;whatsapp:https://wa.me/77073444863 instagram:https://instagram.com/little.beekz whatsapp:https://wa.me/77018001002;4.9;32;43.211576;76.892442;70000001090408782_lBvoo7627B884A3B250B8H442526qwlvfp8G51578G7G5J3H80J34072t5473G65A8179G3011013GJHGII1dmuvwpq68AJ1A093H575H5G2GGH13A
детский центр;Султанкурган, частный детский сад;Частные детские сады;улица Омарова, 23а;+77272518210 +77273833501 +77013593329;+77013593329;yes;;http://sultankurgan.kz;vkontakte:https://vk.com/detskyisadsultankurgan instagram:https://instagram.com/sultankurgan facebook:https://facebook.com/detskyisadsultankurgan whatsapp:https://wa.me/77013593329;4.4;36;43.316355;76.927058;9429940000800824_lBvoo7627B884A32A10B3243617cqwlvfp8G51578G7G5J3HAG433437t5473G65A8179G72AA412GJHGI2Hdmuvwpq68AJ1A05H556J1G2GGG1He
детский центр;Creative Kids, частный детский сад;Частные детские сады;микрорайон Мамыр-4, 220;+77079282838 +77070695353;+77070695353;yes;;;instagram:https://instagram.com/creative_kids_kzz whatsapp:https://wa.me/77070695353 whatsapp:https://wa.me/77079282838;4.7;106;43.215064;76.853108;70000001089690317_lBvoo7627B884A3AB7934H442526qwlvfp8G51578G7G5J3H80J34072t5473G65A8179G3011013GJHGII1dmuvwpq68AJ1A028H577H5G2GGH1gc
детский центр;Zymyran, частный детский сад;Частные детские сады;Муканова улица, 152;+77027317287;+77027317287;yes;;;instagram:https://instagram.com/zymyran_balabaqsha whatsapp:https://wa.me/77027317287;5;69;43.250872;76.915445;70000001076230481_lBvoo7627B884A3983335H442526qwlvfp8G51578G7G5J3H80J34072t5473G65A8179G3011013GJHGII1dmuvwpq68AJ1A092H578H5G2GGH13e
детский центр;Campus Pioneer, образовательный центр;Центры раннего развития детей, Помощь в обучении, Языковые школы;проспект Достык, 44;+77717542202 +77719905174;+77719905174;yes;;http://genspark.genspark.site/api/designer2/serve/167a7751-45a1-4eb3-8b8f-71be9233b4bf/index.html;instagram:https://instagram.com/campuspioneer whatsapp:https://wa.me/77719905174;5;5;43.248501;76.957569;70000001092499253_8lBvoo1578G23H8301I2GGG0qwlvfp73G6G505A817459C36wpqt5468AJ1A9G7G5J0J798676dmuv7B884A10133B4H579HHHGJHG2I67B62A
детский центр;БасQadam, коррекционный центр;Центры раннего развития детей, Дефектолог, Нейропсихолог;микрорайон Шугыла, 340/33 к9;+77089651863;+77089651863;yes;;;instagram:https://instagram.com/basqadam_center whatsapp:https://wa.me/77089651863;5;78;43.212861;76.788341;70000001087680840_8lBvoo1578G23H8301I2GGG0qwlvfp73G6G505A817978395wpqt5468AJ1A9G7G5J0J798676dmuv7B884A10133A1H57AHHHGJHG2I67B68c
детский центр;BoBo, частный детский сад;Частные детские сады;улица Аркалык, 80;+77018273333;+77018273333;yes;;;instagram:https://instagram.com/bobo_balabaqsha whatsapp:https://wa.me/77018273333;4.9;99;43.32374;76.840807;70000001041697984_lBvoo7627B884A36379AAH442526qwlvfp8G51578G7G5J3H80J34072t5473G65A8179G3011013GJHGII1dmuvwpq68AJ1A095H57CH5G2GGH1ee
детский центр;Jet Kids, частный детский сад;Частные детские сады;Берке хан улица, 2;+77010524747 +77017707667;+77010524747;;;;instagram:https://instagram.com/jetkids_tuzdybastau;5;43;43.343939;77.072926;70000001103156164_8w15wos27B884A4252592H4425263q8vw2rG51578G7G6J3H80J34072t5473G65A8181G3011013GJHGII1wmuvwpq692J1A075H633H5G2GGH117
детский центр;Madi Kids, частный детский сад;Частные детские сады;улица Сагадат Нурмагамбетов, 182;+77070458747;+77070458747;;;;instagram:https://instagram.com/madikids_almaty;4.8;79;43.252276;76.981011;70000001043831325_8w15wos27B884A3659344H4425263q8vw2rG51578G7G6J3H80J34072t5473G65A8181G3011013GJHGII1wmuvwpq692J1A036H634H5G2GGH1dg
детский центр;Kids Park, детский развлекательный центр;Детские игровые залы;улица Ракишева, 20а;+77473795998;+77473795998;yes;;;instagram:https://instagram.com/kids_park_tdk whatsapp:https://wa.me/77473795998;4.4;79;44.99825;78.366861;70000001101325827_8w15wos27B884A423428929A64ce3q8vw2rG51578G7G6J3H80J39775t5473G65A8181G3011013GJHGI2Hwmuvwpq692J1A038H635HG2GGG1H
детский центр;Liman kids, детский центр;Языковые школы, Дневные детские лагеря, Центры раннего развития детей;улица Торайгырова, 19а;+77022099885 +77472099885;+77022099885;yes;;;instagram:https://instagram.com/limankids whatsapp:https://wa.me/77022099885 whatsapp:https://wa.me/77472099885;4.7;33;43.202314;76.873923;70000001033793169_r8w15w1578G23H8301IG0GGG3q8vw273G6G505A818589627wpqt54692J1A1G7G6J0JI62Joswmuv7B884A101335AH636HHHG3Hf3
детский центр;Mega Kids, частный детский сад;Частные детские сады;проспект Аль-Фараби, 27/2 к4;+77054426372;+77054426372;yes;;;instagram:https://instagram.com/mk_detsad_alfarabi whatsapp:https://wa.me/77054426372;4.9;107;43.227913;76.940388;70000001094609857_8w15wos27B884A3B670C9H4425263q8vw2rG51578G7G6J3H80J34072t5473G65A8181G3011013GJHGII1wmuvwpq692J1A068H637H5G2GGH1ge
детский центр;Ақсұнқар, частный детский сад;Частные детские сады;улица Сыздыкова, 52;+77028771047 +77760778600 +77024067771;+77028771047;yes;;;instagram:https://instagram.com/aqsunqar_kindergarten whatsapp:https://wa.me/77028771047 whatsapp:https://wa.me/77760778600;4.9;51;43.247859;76.836203;9429940001277411_8w15wos27B884A3348772243617g3q8vw2rG51578G7G6J3HAG433437t5473G65A8181G72AA412GJHGI2Hwmuvwpq692J1A02H618J1G2GGG1He
детский центр;Qazkids, частный детский сад;Частные детские сады, Дефектолог, Центры адаптивного спорта;улица Булбул, 17;+77072259840;+77072259840;yes;;;whatsapp:https://wa.me/77072259840 instagram:https://instagram.com/qazkids_balabaqsha;5;24;43.18905;76.902818;70000001079106334_8w15wos27B884A39B2094H4425263q8vw2rG51578G7G6J3H80J34072t5473G65A8181G3011013GJHGII1wmuvwpq692J1A045H639H5G2GGH1b2
детский центр;Город друзей, детский образовательный центр;Центры раннего развития детей, Частные детские сады, Логопед;улица Алаша, 14;+77088660448 +77085795760;+77088660448;yes;;;whatsapp:https://wa.me/77088660448 whatsapp:https://wa.me/77088660430 telegram:https://t.me/+77087160878 instagram:https://instagram.com/goroddruzei.almaty;5;95;43.198646;76.931364;70000001033559160_r8w15w1578G23H8301I2GGG03q8vw273G6G505A818565C27wpqt54692J1A1G7G6J0J7986oswmuv7B884A1013351H63AHHHGJHG2I67B6h2
детский центр;Ikigai Art & Yoga Space, студия йоги;Курсы творчества для детей, Центры йоги, Курсы творчества для взрослых;улица Кунаева, 162;+77771627733;+77771627733;yes;;http://ikigaistudioalmaty.kz;instagram:https://instagram.com/ikigaistudioalmaty facebook:https://facebook.com/ikigaistudioalmaty whatsapp:https://wa.me/77771627733 telegram:https://t.me/ikigaistudioalmaty;4.9;242;43.244049;76.951978;70000001042526472_8w15wos27B884A364629526AAAfb3q8vw2rG51578G7G6J3H80J367BBt5473G65A8181G3011013GJHGI2Hwmuvwpq692J1A083H63BHG2GGG1H
детский центр;IQ Sabi Academy, ​частный детский сад премиум класса;Центры раннего развития детей, Частные детские сады;улица Жантурина, 48;+77024880594;+77024880594;yes;;http://iqsabi.kz http://booking.easyweek.kz/iq-sabi-academy-2;instagram:https://instagram.com/iq_sabi facebook:https://facebook.com/iqsabi whatsapp:https://wa.me/77024880594;5;39;43.201351;76.855046;70000001096839841_r8w15w1578G23H8301I2GGG03q8vw273G6G505A818893C95wpqt54692J1A1G7G6J0J7986oswmuv7B884A10133B2H63CHHHGJHG2I67B67c
детский центр;Qalan, детский образовательный центр;Центры раннего развития детей, Языковые школы;улица Аркалык, 41/1;+77759513234 +77473628329;+77759513234;;;http://tiktok.com/@qalan.edu;;4.7;13;43.319937;76.84094;70000001115927280_r8w15w1578G23H8301I2GGG03q8vw273G6G505A8187A2A39wpqt54692J1A1G7G6J0J7986oswmuv7B884A1013431H643HHHGJHG2I67B63A
детский центр;Nursana, детский центр;Центры раннего развития детей, Спортивные секции;улица Аркалык, 24;+77716684587;+77716684587;yes;;;instagram:https://instagram.com/nursana_sayaly whatsapp:https://wa.me/77716684587;4.9;16;43.317477;76.842042;70000001101164797_r8w15w1578G23H8301IG0GGG3q8vw273G6G505A81832678Awpqt54692J1A1G7G6J0JI62Joswmuv7B884A1013428H645HHHG3H0h
детский центр;Үкілі Үміт, частный детский сад;Частные детские сады;3-й микрорайон, 9а/1;+77478225891;+77478225891;yes;;;instagram:https://instagram.com/ukili_umit_baqsha whatsapp:https://wa.me/77478225891;4.6;28;43.224619;76.84961;70000001017547669_8w15wos27B884A33964A7H4425263q8vw2rG51578G7G6J3H80J34072t5473G65A8181G3011013GJHGII1wmuvwpq692J1A07AH646H5G2GGH199
детский центр;Зере, детский сад;Частные детские сады;улица Жунисова, 65;+77777500369;+77777500369;yes;;;instagram:https://instagram.com/zere_balabaqshasi2024 whatsapp:https://wa.me/77777500369;4.8;96;43.222347;76.788955;70000001090896235_8w15wos27B884A3B29993H4425263q8vw2rG51578G7G6J3H80J34072t5473G65A8181G3011013GJHGII1wmuvwpq692J1A046H647H5G2GGH1b7
детский центр;Alim Academy, образовательный центр;Центры раннего развития детей, Языковые школы, Курсы творчества для детей, Логопед, Помощь в обучении;улица Розыбакиева, 320;+77714446343;+77714446343;yes;;http://alimacademy.kz/;instagram:https://instagram.com/alim_academy_almaty whatsapp:https://wa.me/77714446343;5;45;43.207704;76.894659;70000001095015674_r8w15w1578G23H8301I2GGG03q8vw273G6G505A818711878wpqt54692J1A1G7G6J0J7986oswmuv7B884A10133B5H648HHHGJHG2I67B6B1
детский центр;Miraland, детский развлекательный центр;Детские игровые залы, Батутные центры;улица Кисикова, 40;+77770826540;+77770826540;yes;;;instagram:https://instagram.com/miraland_kaskelen whatsapp:https://wa.me/77770826540;4.8;282;43.20184;76.625903;70000001060608979_8w15wos27B884A38270BA29A64713q8vw2rG51578G7G6J3H80J39775t5473G65A8181G3011013GJHGI2Hwmuvwpq692J1A08AH649HG2GGG1H
детский центр;SmartBrain, детский центр;Логопед, Нейропсихолог;6-й микрорайон, 61а;+77015362525;+77015362525;yes;;;instagram:https://instagram.com/smartbrain.kz whatsapp:https://wa.me/77015362525;4.9;4;43.221711;76.858078;70000001055334846_r8w15w1578G23H8301IG0GGG3q8vw273G6G505A818743795wpqt54692J1A1G7G6J0JI62Joswmuv7B884A1013377H64BHHHG3H73
детский центр;Умка, центр подготовки к школе;Центры раннего развития детей, Языковые школы, Помощь в обучении;микрорайон Аксай-2, 5а;+77472867553;+77472867553;yes;;;instagram:https://instagram.com/centr_umka.kz whatsapp:https://wa.me/77472867553;5;44;43.238609;76.835211;70000001110622425_r8w15w1578G23H8301I2GGG03q8vw273G6G505A818272553wpqt54692J1A1G7G6J1J7986oswmuv7B884A1013436H64CHHHGJHG3I67B657
детский центр;Da Vinci kids, частный детский сад;Центры раннего развития детей, Частные детские сады;Кашгарская улица, 85;+77012663777 +77017242924;+77012663777;yes;;;instagram:https://instagram.com/davincikids.almaty whatsapp:https://wa.me/77012663777 whatsapp:https://wa.me/77017242924;5;58;43.239707;76.928964;70000001028329502_r8w15w1578G23H8301I2GGG03q8vw273G6G505A818A42C61wpqt54692J1A1G7G6J0J7986oswmuv7B884A1013343H653HHHGJHG2I67B67A
детский центр;Amar kids, частный детский сад;Частные детские сады;улица Белжайлау, 44;+77783419525;+77783419525;yes;;;instagram:https://instagram.com/Amarkids_sadik whatsapp:https://wa.me/77783419525;4.8;28;43.199913;76.795168;70000001109970491_8w15wos27B884A42BA735H4425263q8vw2rG51578G7G6J3H80J34072t5473G65A8181G3011013GJHGII1wmuvwpq692J1A0A2H654H5G2GGH113
детский центр;Little Baby, частный детский сад;Частные детские сады;улица Орманова, 32;+77718220707;+77718220707;yes;;;instagram:https://instagram.com/little_baby_sadik whatsapp:https://wa.me/77718220707;4.9;64;43.258748;76.972378;70000001046888098_8w15wos27B884A36898B1H4425263q8vw2rG51578G7G6J3H80J34072t5473G65A8181G3011013GJHGII1wmuvwpq692J1A0A9H656H5G2GGH1gf
детский центр;Апельсиновый Берег, детский восстановительно-развивающий центр;Центры раннего развития детей, Логопед;микрорайон Куаныш, 4;+77005292829;+77005292829;yes;;;instagram:https://instagram.com/abereg.kz facebook:https://facebook.com/abereg.kz whatsapp:https://wa.me/77005292829;5;89;43.206462;76.855261;70000001042520100_r8w15w1578G23H8301I2GGG03q8vw273G6G505A818462321wpqt54692J1A1G7G6J0J7986oswmuv7B884A1013361H657HHHGJHG2I67B62g
детский центр;Bal-balam, частный детский сад;Частные детские сады;улица Байтерекова, 101;+77051852134;+77051852134;yes;;;instagram:https://instagram.com/balbalam_detsad whatsapp:https://wa.me/77051852134;4.9;117;43.262306;76.822205;70000001061082353_8w15wos27B884A3831854H4425263q8vw2rG51578G7G6J3H80J34072t5473G65A8181G3011013GJHGII1wmuvwpq692J1A064H659H5G2GGH19d
детский центр;Kinderville, детский развлекательный парк;Детские игровые залы, Организация праздников;улица Каныша Сатпаева, 90;+77017698486;+77756905675;yes;;;instagram:https://instagram.com/kinderville_almaty whatsapp:https://wa.me/77756905675;4.4;298;43.233188;76.880515;9429940000978300_r8w15w1578G23HA72AI2GGG03q8vw273G6G505A818B88611wpqt54692J1A1G7G6JG48A46oswmuv7B884AA41232H63AJ1HHGJHG2I27A75Ad
детский центр;Home academy, частный детский сад;Частные детские сады;улица Кыз Жибек, 119;+77078917184 +77078917183;+77078917183;yes;;;instagram:https://instagram.com/homeacademy.world whatsapp:https://wa.me/77078917183;5;46;43.215146;76.974205;70000001046554633_8w15wos27B884A3686577H4425263q8vw2rG51578G7G6J3H80J34072t5473G65A8181G3011013GJHGII1wmuvwpq692J1A044H65BH5G2GGH1g4
детский центр;Дом или не Дом & Shi, арт-пространство;Курсы творчества для детей, Художественные мастерские, Сувениры, Курсы творчества для взрослых, Аренда концертных площадок;улица Казыбек би, 23;+77075969795;+77075969795;yes;;;instagram:https://instagram.com/domilinedom facebook:https://facebook.com/domilinedom whatsapp:https://wa.me/77075969795 telegram:https://t.me/+77075969795;4.7;16;43.257788;76.960423;70000001090281840_8w15wos27B884A3B2384926AAAcb3q8vw2rG51578G7G6J3H80J367BBt5473G65A8181G3011013GJHGI2Hwmuvwpq692J1A051H65CHG2GGG1H
детский центр;Детский реабилитационный центр Балдаурен;Реабилитационные центры;улица Щепкина, 5;+77273090477 +77273090855;+77273090477;;;;instagram:https://instagram.com/baldauren.4;4.8;358;43.21038;76.86957;9429940000794911_r8w15w1578G23HA72A2GGGGG3q8vw273G6G505A8189A4C22wpqt54692J1A1G7G6JGJ3JGJoswmuv7B884AA41232H643J1H1G75
детский центр;Берёзка, детский сад;Частные детские сады;улица Рубинштейна, 3а;+77774784921;+77774784921;;;;instagram:https://instagram.com/berezka_ds;5;120;43.224051;76.963712;9429940000793579_8w15wos27B884A329A38824361733q8vw2rG51578G7G6J3HAG433437t5473G65A8181G72AA412GJHGI2Hwmuvwpq692J1A0AH644J1G2GGG1Hd
детский центр;Балашым, частный детский сад;Частные детские сады;улица Отрарская, 15;+77089742931;+77089742931;yes;;;instagram:https://instagram.com/sadbalashym whatsapp:https://wa.me/77089742931;4.9;86;43.258877;76.857345;70000001033867030_8w15wos27B884A35596A1H4425263q8vw2rG51578G7G6J3H80J34072t5473G65A8181G3011013GJHGII1wmuvwpq692J1A041H665H5G2GGH11e
детский центр;Da Vinci, детский центр;Спортивные секции, Художественные курсы, Обучение танцам, Курсы вокала;улица Макатаева, 131 к6;+77073838329;+77073838329;yes;;;instagram:https://instagram.com/davinci_pride whatsapp:https://wa.me/77073838329;4.5;13;43.262879;76.919365;70000001115114479_r8w15w1578G23H8301IG0GGG3q8vw273G6G505A818721758wpqt54692J1A1G7G6J0JI62Joswmuv7B884A101343AH666HHHG3He8
детский центр;Престиж, частный детский сад;Частные детские сады;улица Укилим, 4;+77715430293;+77715430293;yes;;;whatsapp:https://wa.me/77715430293 instagram:https://instagram.com/detsky_sad_prestizh;4.9;104;43.344994;76.820699;70000001065638279_8w15wos27B884A38773B3H4425263q8vw2rG51578G7G6J3H80J34072t5473G65A8181G3011013GJHGII1wmuvwpq692J1A08AH667H5G2GGH1Ab
детский центр;Играй-Ка, детский развлекательный центр;Детские игровые залы;микрорайон Айнабулак-2, 65Б;+77002498837;+77002498837;yes;;http://tiktok.com/@igraika.ainabulak;instagram:https://instagram.com/igraika.ainabulak whatsapp:https://wa.me/77002498837;4.6;193;43.320706;76.914279;70000001104837891_8w15wos27B884A42693A929A64A83q8vw2rG51578G7G6J3H80J39775t5473G65A8181G3011013GJHGI2Hwmuvwpq692J1A0A2H668HG2GGG1H
детский центр;Ойнасай, детский игровой центр;Детские игровые залы;микрорайон Саялы, 33/1;+77753237625;+77753237625;yes;;;instagram:https://instagram.com/oinasai_sayaly whatsapp:https://wa.me/77753237625;4.9;41;43.307624;76.839366;70000001112294677_8w15wos27B884A434397729A64f83q8vw2rG51578G7G6J3H80J39775t5473G65A8181G3011013GJHGI2Hwmuvwpq692J1A088H66AHG2GGG1H
детский центр;Академия Маленьких Принцесс, детский сад;Частные детские сады;улица Саяна Шаймерденова, 20;+77088088840 +77757900201 +77064115550;+77088088840;yes;;http://lovelyacademy.kz;instagram:https://instagram.com/lovelyacademy.kz whatsapp:https://wa.me/77088088840 whatsapp:https://wa.me/77757900201 whatsapp:https://wa.me/77064115550;4.8;36;43.200047;76.853453;70000001080320657_8w15wos27B884A3A24237H4425263q8vw2rG51578G7G6J3H80J34072t5473G65A8181G3011013GJHGII1wmuvwpq692J1A068H66BH5G2GGH158
детский центр;Умка, детский центр;Центры раннего развития детей;4-й микрорайон, 46;+77076363631 +77277250187 +77015435484;+77076363631;yes;;;instagram:https://instagram.com/montessori__umka whatsapp:https://wa.me/77076363631 whatsapp:https://wa.me/77015435484;4.5;6;43.849424;77.053016;70000001041110207_r8w15w1578G23H8301IG0GGG3q8vw273G6G505A818321331wpqt54692J1A1G7G6J0JI62Joswmuv7B884A1013368H673HHHG3H08
детский центр;Bolzhau kids, детский центр;Курсы творчества для детей, Спортивные секции, Обучение танцам, Центры раннего развития детей, Языковые школы;улица Журавлева, 9;+77074035856;+77074035856;yes;;;instagram:https://instagram.com/bolzhau_kids whatsapp:https://wa.me/77074035856;5;17;43.215396;76.894992;70000001057740212_r8w15w1578G23H8301IG0GGG3q8vw273G6G505A818984332wpqt54692J1A1G7G6J0JI62Joswmuv7B884A1013373H674HHHG3Hd6
детский центр;Балбобек, частный детский сад;Частные детские сады;Е. Брусиловского улица, 17;+77018167272;+77018167272;yes;;;instagram:https://instagram.com/balbobek.duvc whatsapp:https://wa.me/77018167272;4.9;77;43.252498;76.875244;9429940000793373_8w15wos27B884A329A368243617b3q8vw2rG51578G7G6J3HAG433437t5473G65A8181G72AA412GJHGI2Hwmuvwpq692J1A04H655J1G2GGG1Hc
детский центр;Madi Kids, частный детский сад;Частные детские сады;улица Си Синхая, 1;+77075083000;+77075083000;yes;;;instagram:https://instagram.com/madikids_zharokova whatsapp:https://wa.me/77075083000;4.4;17;43.216571;76.90344;70000001105877218_8w15wos27B884A42797A3H4425263q8vw2rG51578G7G6J3H80J34072t5473G65A8181G3011013GJHGII1wmuvwpq692J1A029H676H5G2GGH172
детский центр;Гармония, детский сад;Частные детские сады, Логопед;улица Найманбаева, 22/2;+77717661982 +77770153142;+77770153142;yes;;http://garmonya-sad.kz/;instagram:https://instagram.com/harmony_kindergarten whatsapp:https://wa.me/77770153142;5;43;43.216807;76.973941;9429940000928950_8w15wos27B884A32B38C624361783q8vw2rG51578G7G6J3HAG433437t5473G65A8181G72AA412GJHGI2Hwmuvwpq692J1A01H657J1G2GGG1He
детский центр;Baq, детский центр;Курсы творчества для детей, Центры раннего развития детей, Музыкальные курсы, Курсы вокала, Обучение танцам;микрорайон Аккент, 39;+77079277828;+77079277828;yes;;;instagram:https://instagram.com/baq_oner_bilim_mektebi whatsapp:https://wa.me/77079277828;4.8;93;43.242879;76.813968;70000001045748969_r8w15w1578G23H8301IG0GGG3q8vw273G6G505A818784BA7wpqt54692J1A1G7G6J0JI62Joswmuv7B884A101336AH678HHHG3Hf3
детский центр;Айбын, детский центр;Обучение танцам, Языковые школы, Спортивные секции, Музыкальные курсы;улица Асыл Арман, 17;+77473342080 +77777805222;+77473342080;yes;;http://www.tiktok.com/@studiiaaibyn?lang=ru-RU;instagram:https://instagram.com/studiiaaibyn whatsapp:https://wa.me/77473342080 whatsapp:https://wa.me/77777805222;4.9;61;43.230139;76.749457;70000001028369016_r8w15w1578G23H8301IG0GGG3q8vw273G6G505A818A46C12wpqt54692J1A1G7G6J0JI62Joswmuv7B884A1013347H679HHHG3H54
детский центр;Nice, детский образовательный центр;Центры раннего развития детей, Логопед, Спортивно-интеллектуальные клубы;улица Навои, 208/1;+77018015088;+77018015088;yes;;http://www.nice-edu.kz;instagram:https://instagram.com/nice_kids_edu whatsapp:https://wa.me/77018015088;4.9;79;43.207433;76.885497;70000001054054750_r8w15w1578G23H8301I2GGG03q8vw273G6G505A818615786wpqt54692J1A1G7G6J0J7986oswmuv7B884A1013371H67AHHHGJHG2I67B65d
детский центр;Умка, центр подготовки к школе;Центры раннего развития детей;микрорайон Аксай-4, 44а;+77478289071 +77272384360;+77478289071;yes;;;whatsapp:https://wa.me/77478289071 instagram:https://instagram.com/centr_umka.kz;5;70;43.227085;76.837443;70000001029855354_r8w15w1578G23H8301I2GGG03q8vw273G6G505A818B95846wpqt54692J1A1G7G6J1J7986oswmuv7B884A1013345H67BHHHGJHG3I67B627
